MSSubClass,MSZoning,LotFrontage,LotArea,Alley,LotShape,LandContour,LotConfig,LandSlope,Neighborhood,Condition1,BldgType,HouseStyle,OverallQual,OverallCond,YearBuilt,YearRemodAdd,RoofStyle,Exterior1st,Exterior2nd,MasVnrType,MasVnrArea,ExterQual,ExterCond,Foundation,BsmtQual,BsmtCond,BsmtExposure,BsmtFinType1,BsmtFinSF1,BsmtFinType2,BsmtFinSF2,BsmtUnfSF,TotalBsmtSF,HeatingQC,CentralAir,Electrical,2ndFlrSF,GrLivArea,BsmtFullBath,BsmtHalfBath,FullBath,HalfBath,BedroomAbvGr,KitchenQual,Functional,Fireplaces,FireplaceQu,GarageType,GarageFinish,GarageCars,GarageQual,GarageCond,PavedDrive,WoodDeckSF,OpenPorchSF,EnclosedPorch,ScreenPorch,Fence,MoSold,YrSold,SaleType,SaleCondition,SalePrice
60,RL,65.0,8450,Sin_Acceso,Reg,Lvl,Inside,Gtl,CollgCr,Norm,1Fam,2Story,7,5,2003,2003,Gable,VinylSd,VinylSd,BrkFace,196.0,Gd,TA,PConc,Gd,TA,No,GLQ,706,Unf,0,150,856,Ex,Y,SBrkr,854,1710,1,0,2,1,3,Gd,Typ,0,Sin_Chimenea,Attchd,RFn,2,TA,TA,Y,0,61,0,0,Sin_Cerca,2,2008,WD,Normal,208500
20,RL,80.0,9600,Sin_Acceso,Reg,Lvl,FR2,Gtl,Veenker,Feedr,1Fam,1Story,6,8,1976,1976,Gable,MetalSd,MetalSd,None,0.0,TA,TA,CBlock,Gd,TA,Gd,ALQ,978,Unf,0,284,1262,Ex,Y,SBrkr,0,1262,0,1,2,0,3,TA,Typ,1,TA,Attchd,RFn,2,TA,TA,Y,298,0,0,0,Sin_Cerca,5,2007,WD,Normal,181500
60,RL,68.0,11250,Sin_Acceso,IR1,Lvl,Inside,Gtl,CollgCr,Norm,1Fam,2Story,7,5,2001,2002,Gable,VinylSd,VinylSd,BrkFace,162.0,Gd,TA,PConc,Gd,TA,Mn,GLQ,486,Unf,0,434,920,Ex,Y,SBrkr,866,1786,1,0,2,1,3,Gd,Typ,1,TA,Attchd,RFn,2,TA,TA,Y,0,42,0,0,Sin_Cerca,9,2008,WD,Normal,223500
70,RL,60.0,9550,Sin_Acceso,IR1,Lvl,Corner,Gtl,Crawfor,Norm,1Fam,2Story,7,5,1915,1970,Gable,Wd Sdng,Wd Shng,None,0.0,TA,TA,BrkTil,TA,Gd,No,ALQ,216,Unf,0,540,756,Gd,Y,SBrkr,756,1717,1,0,1,0,3,Gd,Typ,1,Gd,Detchd,Unf,3,TA,TA,Y,0,35,272,0,Sin_Cerca,2,2006,WD,Abnorml,140000
60,RL,84.0,14260,Sin_Acceso,IR1,Lvl,FR2,Gtl,NoRidge,Norm,1Fam,2Story,8,5,2000,2000,Gable,VinylSd,VinylSd,BrkFace,350.0,Gd,TA,PConc,Gd,TA,Av,GLQ,655,Unf,0,490,1145,Ex,Y,SBrkr,1053,2198,1,0,2,1,4,Gd,Typ,1,TA,Attchd,RFn,3,TA,TA,Y,192,84,0,0,Sin_Cerca,12,2008,WD,Normal,250000
50,RL,85.0,14115,Sin_Acceso,IR1,Lvl,Inside,Gtl,Mitchel,Norm,1Fam,1.5Fin,5,5,1993,1995,Gable,VinylSd,VinylSd,None,0.0,TA,TA,Wood,Gd,TA,No,GLQ,732,Unf,0,64,796,Ex,Y,SBrkr,566,1362,1,0,1,1,1,TA,Typ,0,Sin_Chimenea,Attchd,Unf,2,TA,TA,Y,40,30,0,0,MnPrv,10,2009,WD,Normal,143000
20,RL,75.0,10084,Sin_Acceso,Reg,Lvl,Inside,Gtl,Somerst,Norm,1Fam,1Story,8,5,2004,2005,Gable,VinylSd,VinylSd,Stone,186.0,Gd,TA,PConc,Ex,TA,Av,GLQ,1369,Unf,0,317,1686,Ex,Y,SBrkr,0,1694,1,0,2,0,3,Gd,Typ,1,Gd,Attchd,RFn,2,TA,TA,Y,255,57,0,0,Sin_Cerca,8,2007,WD,Normal,307000
60,RL,80.0,10382,Sin_Acceso,IR1,Lvl,Corner,Gtl,NWAmes,PosN,1Fam,2Story,7,6,1973,1973,Gable,HdBoard,HdBoard,Stone,240.0,TA,TA,CBlock,Gd,TA,Mn,ALQ,859,BLQ,32,216,1107,Ex,Y,SBrkr,983,2090,1,0,2,1,3,TA,Typ,2,TA,Attchd,RFn,2,TA,TA,Y,235,204,228,0,Sin_Cerca,11,2009,WD,Normal,200000
50,RM,51.0,6120,Sin_Acceso,Reg,Lvl,Inside,Gtl,OldTown,Artery,1Fam,1.5Fin,7,5,1931,1950,Gable,BrkFace,Wd Shng,None,0.0,TA,TA,BrkTil,TA,TA,No,Unf,0,Unf,0,952,952,Gd,Y,FuseF,752,1774,0,0,2,0,2,TA,Min1,2,TA,Detchd,Unf,2,Fa,TA,Y,90,0,205,0,Sin_Cerca,4,2008,WD,Abnorml,129900
190,RL,50.0,7420,Sin_Acceso,Reg,Lvl,Corner,Gtl,BrkSide,Artery,2fmCon,1.5Unf,5,6,1939,1950,Gable,MetalSd,MetalSd,None,0.0,TA,TA,BrkTil,TA,TA,No,GLQ,851,Unf,0,140,991,Ex,Y,SBrkr,0,1077,1,0,1,0,2,TA,Typ,2,TA,Attchd,RFn,1,Gd,TA,Y,0,4,0,0,Sin_Cerca,1,2008,WD,Normal,118000
20,RL,70.0,11200,Sin_Acceso,Reg,Lvl,Inside,Gtl,Sawyer,Norm,1Fam,1Story,5,5,1965,1965,Hip,HdBoard,HdBoard,None,0.0,TA,TA,CBlock,TA,TA,No,Rec,906,Unf,0,134,1040,Ex,Y,SBrkr,0,1040,1,0,1,0,3,TA,Typ,0,Sin_Chimenea,Detchd,Unf,1,TA,TA,Y,0,0,0,0,Sin_Cerca,2,2008,WD,Normal,129500
60,RL,85.0,11924,Sin_Acceso,IR1,Lvl,Inside,Gtl,NridgHt,Norm,1Fam,2Story,9,5,2005,2006,Hip,WdShing,Wd Shng,Stone,286.0,Ex,TA,PConc,Ex,TA,No,GLQ,998,Unf,0,177,1175,Ex,Y,SBrkr,1142,2324,1,0,3,0,4,Ex,Typ,2,Gd,BuiltIn,Fin,3,TA,TA,Y,147,21,0,0,Sin_Cerca,7,2006,New,Partial,345000
20,RL,71.0,12968,Sin_Acceso,IR2,Lvl,Inside,Gtl,Sawyer,Norm,1Fam,1Story,5,6,1962,1962,Hip,HdBoard,Plywood,None,0.0,TA,TA,CBlock,TA,TA,No,ALQ,737,Unf,0,175,912,TA,Y,SBrkr,0,912,1,0,1,0,2,TA,Typ,0,Sin_Chimenea,Detchd,Unf,1,TA,TA,Y,140,0,0,176,Sin_Cerca,9,2008,WD,Normal,144000
20,RL,91.0,10652,Sin_Acceso,IR1,Lvl,Inside,Gtl,CollgCr,Norm,1Fam,1Story,7,5,2006,2007,Gable,VinylSd,VinylSd,Stone,306.0,Gd,TA,PConc,Gd,TA,Av,Unf,0,Unf,0,1494,1494,Ex,Y,SBrkr,0,1494,0,0,2,0,3,Gd,Typ,1,Gd,Attchd,RFn,3,TA,TA,Y,160,33,0,0,Sin_Cerca,8,2007,New,Partial,279500
20,RL,73.0,10920,Sin_Acceso,IR1,Lvl,Corner,Gtl,NAmes,Norm,1Fam,1Story,6,5,1960,1960,Hip,MetalSd,MetalSd,BrkFace,212.0,TA,TA,CBlock,TA,TA,No,BLQ,733,Unf,0,520,1253,TA,Y,SBrkr,0,1253,1,0,1,1,2,TA,Typ,1,Fa,Attchd,RFn,1,TA,TA,Y,0,213,176,0,GdWo,5,2008,WD,Normal,157000
45,RM,51.0,6120,Sin_Acceso,Reg,Lvl,Corner,Gtl,BrkSide,Norm,1Fam,1.5Unf,7,8,1929,2001,Gable,Wd Sdng,Wd Sdng,None,0.0,TA,TA,BrkTil,TA,TA,No,Unf,0,Unf,0,832,832,Ex,Y,FuseA,0,854,0,0,1,0,2,TA,Typ,0,Sin_Chimenea,Detchd,Unf,2,TA,TA,Y,48,112,0,0,GdPrv,7,2007,WD,Normal,132000
20,RL,73.0,11241,Sin_Acceso,IR1,Lvl,CulDSac,Gtl,NAmes,Norm,1Fam,1Story,6,7,1970,1970,Gable,Wd Sdng,Wd Sdng,BrkFace,180.0,TA,TA,CBlock,TA,TA,No,ALQ,578,Unf,0,426,1004,Ex,Y,SBrkr,0,1004,1,0,1,0,2,TA,Typ,1,TA,Attchd,Fin,2,TA,TA,Y,0,0,0,0,Sin_Cerca,3,2010,WD,Normal,149000
90,RL,72.0,10791,Sin_Acceso,Reg,Lvl,Inside,Gtl,Sawyer,Norm,Duplex,1Story,4,5,1967,1967,Gable,MetalSd,MetalSd,None,0.0,TA,TA,Slab,Sin_Sotano,Sin_Sotano,Sin_Sotano,Sin_Sotano,0,Sin_Sotano,0,0,0,TA,Y,SBrkr,0,1296,0,0,2,0,2,TA,Typ,0,Sin_Chimenea,CarPort,Unf,2,TA,TA,Y,0,0,0,0,Sin_Cerca,10,2006,WD,Normal,90000
20,RL,66.0,13695,Sin_Acceso,Reg,Lvl,Inside,Gtl,SawyerW,RRAe,1Fam,1Story,5,5,2004,2004,Gable,VinylSd,VinylSd,None,0.0,TA,TA,PConc,TA,TA,No,GLQ,646,Unf,0,468,1114,Ex,Y,SBrkr,0,1114,1,0,1,1,3,Gd,Typ,0,Sin_Chimenea,Detchd,Unf,2,TA,TA,Y,0,102,0,0,Sin_Cerca,6,2008,WD,Normal,159000
20,RL,70.0,7560,Sin_Acceso,Reg,Lvl,Inside,Gtl,NAmes,Norm,1Fam,1Story,5,6,1958,1965,Hip,BrkFace,Plywood,None,0.0,TA,TA,CBlock,TA,TA,No,LwQ,504,Unf,0,525,1029,TA,Y,SBrkr,0,1339,0,0,1,0,3,TA,Min1,0,Sin_Chimenea,Attchd,Unf,1,TA,TA,Y,0,0,0,0,MnPrv,5,2009,COD,Abnorml,139000
60,RL,101.0,14215,Sin_Acceso,IR1,Lvl,Corner,Gtl,NridgHt,Norm,1Fam,2Story,8,5,2005,2006,Gable,VinylSd,VinylSd,BrkFace,380.0,Gd,TA,PConc,Ex,TA,Av,Unf,0,Unf,0,1158,1158,Ex,Y,SBrkr,1218,2376,0,0,3,1,4,Gd,Typ,1,Gd,BuiltIn,RFn,3,TA,TA,Y,240,154,0,0,Sin_Cerca,11,2006,New,Partial,325300
45,RM,57.0,7449,Grvl,Reg,Bnk,Inside,Gtl,IDOTRR,Norm,1Fam,1.5Unf,7,7,1930,1950,Gable,Wd Sdng,Wd Sdng,None,0.0,TA,TA,PConc,TA,TA,No,Unf,0,Unf,0,637,637,Ex,Y,FuseF,0,1108,0,0,1,0,3,Gd,Typ,1,Gd,Attchd,Unf,1,TA,TA,N,0,0,205,0,GdPrv,6,2007,WD,Normal,139400
20,RL,75.0,9742,Sin_Acceso,Reg,Lvl,Inside,Gtl,CollgCr,Norm,1Fam,1Story,8,5,2002,2002,Hip,VinylSd,VinylSd,BrkFace,281.0,Gd,TA,PConc,Gd,TA,No,Unf,0,Unf,0,1777,1777,Ex,Y,SBrkr,0,1795,0,0,2,0,3,Gd,Typ,1,Gd,Attchd,RFn,2,TA,TA,Y,171,159,0,0,Sin_Cerca,9,2008,WD,Normal,230000
120,RM,44.0,4224,Sin_Acceso,Reg,Lvl,Inside,Gtl,MeadowV,Norm,TwnhsE,1Story,5,7,1976,1976,Gable,CemntBd,CmentBd,None,0.0,TA,TA,PConc,Gd,TA,No,GLQ,840,Unf,0,200,1040,TA,Y,SBrkr,0,1060,1,0,1,0,3,TA,Typ,1,TA,Attchd,Unf,2,TA,TA,Y,100,110,0,0,Sin_Cerca,6,2007,WD,Normal,129900
20,RL,71.0,8246,Sin_Acceso,IR1,Lvl,Inside,Gtl,Sawyer,Norm,1Fam,1Story,5,8,1968,2001,Gable,Plywood,Plywood,None,0.0,TA,Gd,CBlock,TA,TA,Mn,Rec,188,ALQ,668,204,1060,Ex,Y,SBrkr,0,1060,1,0,1,0,3,Gd,Typ,1,TA,Attchd,Unf,1,TA,TA,Y,406,90,0,0,MnPrv,5,2010,WD,Normal,154000
20,RL,110.0,14230,Sin_Acceso,Reg,Lvl,Corner,Gtl,NridgHt,Norm,1Fam,1Story,8,5,2007,2007,Gable,VinylSd,VinylSd,Stone,640.0,Gd,TA,PConc,Gd,TA,No,Unf,0,Unf,0,1566,1566,Ex,Y,SBrkr,0,1600,0,0,2,0,3,Gd,Typ,1,Gd,Attchd,RFn,3,TA,TA,Y,0,56,0,0,Sin_Cerca,7,2009,WD,Normal,256300
20,RL,60.0,7200,Sin_Acceso,Reg,Lvl,Corner,Gtl,NAmes,Norm,1Fam,1Story,5,7,1951,2000,Gable,Wd Sdng,Wd Sdng,None,0.0,TA,TA,CBlock,TA,TA,Mn,BLQ,234,Rec,486,180,900,TA,Y,SBrkr,0,900,0,1,1,0,3,Gd,Typ,0,Sin_Chimenea,Detchd,Unf,2,TA,TA,Y,222,32,0,0,Sin_Cerca,5,2010,WD,Normal,134800
20,RL,98.0,11478,Sin_Acceso,Reg,Lvl,Inside,Gtl,NridgHt,Norm,1Fam,1Story,8,5,2007,2008,Gable,VinylSd,VinylSd,Stone,200.0,Gd,TA,PConc,Ex,TA,No,GLQ,1218,Unf,0,486,1704,Ex,Y,SBrkr,0,1704,1,0,2,0,3,Gd,Typ,1,Gd,Attchd,RFn,3,TA,TA,Y,0,50,0,0,Sin_Cerca,5,2010,WD,Normal,306000
20,RL,47.0,16321,Sin_Acceso,IR1,Lvl,CulDSac,Gtl,NAmes,Norm,1Fam,1Story,5,6,1957,1997,Gable,MetalSd,MetalSd,None,0.0,TA,TA,CBlock,TA,TA,Gd,BLQ,1277,Unf,0,207,1484,TA,Y,SBrkr,0,1600,1,0,1,0,2,TA,Typ,2,Gd,Attchd,RFn,1,TA,TA,Y,288,258,0,0,Sin_Cerca,12,2006,WD,Normal,207500
30,RM,60.0,6324,Sin_Acceso,IR1,Lvl,Inside,Gtl,BrkSide,Feedr,1Fam,1Story,4,6,1927,1950,Gable,MetalSd,MetalSd,None,0.0,TA,TA,BrkTil,TA,TA,No,Unf,0,Unf,0,520,520,Fa,N,SBrkr,0,520,0,0,1,0,1,Fa,Typ,0,Sin_Chimenea,Detchd,Unf,1,Fa,TA,Y,49,0,87,0,Sin_Cerca,5,2008,WD,Normal,68500
70,C (all),50.0,8500,Pave,Reg,Lvl,Inside,Gtl,IDOTRR,Feedr,1Fam,2Story,4,4,1920,1950,Gambrel,BrkFace,BrkFace,None,0.0,TA,Fa,BrkTil,TA,TA,No,Unf,0,Unf,0,649,649,TA,N,SBrkr,668,1317,0,0,1,0,3,TA,Typ,0,Sin_Chimenea,Detchd,Unf,1,TA,Fa,N,0,54,172,0,MnPrv,7,2008,WD,Normal,40000
20,RL,71.0,8544,Sin_Acceso,IR1,Lvl,CulDSac,Gtl,Sawyer,Norm,1Fam,1Story,5,6,1966,2006,Gable,HdBoard,HdBoard,None,0.0,TA,TA,CBlock,TA,TA,No,Unf,0,Unf,0,1228,1228,Gd,Y,SBrkr,0,1228,0,0,1,1,3,Gd,Typ,0,Sin_Chimenea,Attchd,Unf,1,TA,TA,Y,0,65,0,0,MnPrv,6,2008,WD,Normal,149350
20,RL,85.0,11049,Sin_Acceso,Reg,Lvl,Corner,Gtl,CollgCr,Norm,1Fam,1Story,8,5,2007,2007,Gable,VinylSd,VinylSd,None,0.0,Gd,TA,PConc,Ex,TA,Av,Unf,0,Unf,0,1234,1234,Ex,Y,SBrkr,0,1234,0,0,2,0,3,Gd,Typ,0,Sin_Chimenea,Attchd,RFn,2,TA,TA,Y,0,30,0,0,Sin_Cerca,1,2008,WD,Normal,179900
20,RL,70.0,10552,Sin_Acceso,IR1,Lvl,Inside,Gtl,NAmes,Norm,1Fam,1Story,5,5,1959,1959,Hip,BrkFace,BrkFace,None,0.0,TA,TA,CBlock,TA,TA,No,Rec,1018,Unf,0,380,1398,Gd,Y,SBrkr,0,1700,0,1,1,1,4,Gd,Typ,1,Gd,Attchd,RFn,2,TA,TA,Y,0,38,0,0,Sin_Cerca,4,2010,WD,Normal,165500
120,RL,60.0,7313,Sin_Acceso,Reg,Lvl,Inside,Gtl,NridgHt,Norm,TwnhsE,1Story,9,5,2005,2005,Hip,MetalSd,MetalSd,BrkFace,246.0,Ex,TA,PConc,Ex,TA,No,GLQ,1153,Unf,0,408,1561,Ex,Y,SBrkr,0,1561,1,0,2,0,2,Ex,Typ,1,Gd,Attchd,Fin,2,TA,TA,Y,203,47,0,0,Sin_Cerca,8,2007,WD,Normal,277500
60,RL,108.0,13418,Sin_Acceso,Reg,Lvl,Inside,Gtl,NridgHt,Norm,1Fam,2Story,8,5,2004,2005,Gable,VinylSd,VinylSd,Stone,132.0,Gd,TA,PConc,Ex,TA,Av,Unf,0,Unf,0,1117,1117,Ex,Y,SBrkr,1320,2452,0,0,3,1,4,Gd,Typ,1,Gd,BuiltIn,Fin,3,TA,TA,Y,113,32,0,0,Sin_Cerca,9,2006,WD,Normal,309000
20,RL,112.0,10859,Sin_Acceso,Reg,Lvl,Corner,Gtl,CollgCr,Norm,1Fam,1Story,5,5,1994,1995,Gable,VinylSd,VinylSd,None,0.0,TA,TA,PConc,Gd,TA,No,Unf,0,Unf,0,1097,1097,Ex,Y,SBrkr,0,1097,0,0,1,1,3,TA,Typ,0,Sin_Chimenea,Attchd,Unf,2,TA,TA,Y,392,64,0,0,Sin_Cerca,6,2009,WD,Normal,145000
20,RL,74.0,8532,Sin_Acceso,Reg,Lvl,Inside,Gtl,NAmes,Norm,1Fam,1Story,5,6,1954,1990,Hip,Wd Sdng,Wd Sdng,BrkFace,650.0,TA,TA,CBlock,TA,TA,No,Rec,1213,Unf,0,84,1297,Gd,Y,SBrkr,0,1297,0,1,1,0,3,TA,Typ,1,TA,Attchd,Fin,2,TA,TA,Y,0,0,0,0,Sin_Cerca,10,2009,WD,Normal,153000
20,RL,68.0,7922,Sin_Acceso,Reg,Lvl,Inside,Gtl,NAmes,Norm,1Fam,1Story,5,7,1953,2007,Gable,VinylSd,VinylSd,None,0.0,TA,Gd,CBlock,TA,TA,No,GLQ,731,Unf,0,326,1057,TA,Y,SBrkr,0,1057,1,0,1,0,3,Gd,Typ,0,Sin_Chimenea,Detchd,Unf,1,TA,TA,Y,0,52,0,0,Sin_Cerca,1,2010,WD,Abnorml,109000
90,RL,65.0,6040,Sin_Acceso,Reg,Lvl,Inside,Gtl,Edwards,Norm,Duplex,1Story,4,5,1955,1955,Gable,AsbShng,Plywood,None,0.0,TA,TA,PConc,Sin_Sotano,Sin_Sotano,Sin_Sotano,Sin_Sotano,0,Sin_Sotano,0,0,0,TA,N,FuseP,0,1152,0,0,2,0,2,Fa,Typ,0,Sin_Chimenea,Sin_Garaje,Sin_Garaje,0,Sin_Garaje,Sin_Garaje,N,0,0,0,0,Sin_Cerca,6,2008,WD,AdjLand,82000
20,RL,84.0,8658,Sin_Acceso,Reg,Lvl,Inside,Gtl,NAmes,Norm,1Fam,1Story,6,5,1965,1965,Gable,Wd Sdng,Wd Sdng,BrkFace,101.0,TA,TA,CBlock,TA,TA,No,Rec,643,Unf,0,445,1088,Ex,Y,SBrkr,0,1324,0,0,2,0,3,TA,Typ,1,TA,Attchd,RFn,2,TA,TA,Y,0,138,0,0,GdWo,12,2006,WD,Abnorml,160000
20,RL,115.0,16905,Sin_Acceso,Reg,Lvl,Inside,Gtl,Timber,Norm,1Fam,1Story,5,6,1959,1959,Gable,VinylSd,VinylSd,None,0.0,TA,Gd,CBlock,TA,TA,Gd,BLQ,967,Unf,0,383,1350,Gd,Y,SBrkr,0,1328,0,1,1,1,2,TA,Typ,2,Gd,Attchd,RFn,1,TA,TA,P,0,104,0,0,Sin_Cerca,7,2007,WD,Normal,170000
85,RL,66.5,9180,Sin_Acceso,IR1,Lvl,CulDSac,Gtl,SawyerW,Norm,1Fam,SFoyer,5,7,1983,1983,Gable,HdBoard,HdBoard,None,0.0,TA,TA,CBlock,Gd,TA,Av,ALQ,747,LwQ,93,0,840,Gd,Y,SBrkr,0,884,1,0,1,0,2,Gd,Typ,0,Sin_Chimenea,Attchd,RFn,2,TA,Gd,Y,240,0,0,0,MnPrv,12,2007,WD,Normal,144000
20,RL,70.0,9200,Sin_Acceso,IR1,Lvl,CulDSac,Gtl,CollgCr,Norm,1Fam,1Story,5,6,1975,1980,Hip,VinylSd,VinylSd,None,0.0,TA,TA,CBlock,Gd,TA,Av,LwQ,280,BLQ,491,167,938,TA,Y,SBrkr,0,938,1,0,1,0,3,TA,Typ,0,Sin_Chimenea,Detchd,Unf,1,TA,TA,Y,145,0,0,0,MnPrv,7,2008,WD,Normal,130250
20,RL,70.0,7945,Sin_Acceso,Reg,Lvl,Inside,Gtl,NAmes,Norm,1Fam,1Story,5,6,1959,1959,Gable,BrkFace,Wd Sdng,None,0.0,TA,TA,CBlock,TA,TA,No,ALQ,179,BLQ,506,465,1150,Ex,Y,FuseA,0,1150,1,0,1,0,3,TA,Typ,0,Sin_Chimenea,Attchd,RFn,1,TA,TA,Y,0,0,0,0,Sin_Cerca,5,2006,WD,Normal,141000
120,RL,61.0,7658,Sin_Acceso,Reg,Lvl,Inside,Gtl,NridgHt,Norm,TwnhsE,1Story,9,5,2005,2005,Hip,MetalSd,MetalSd,BrkFace,412.0,Ex,TA,PConc,Ex,TA,No,GLQ,456,Unf,0,1296,1752,Ex,Y,SBrkr,0,1752,1,0,2,0,2,Ex,Typ,1,Gd,Attchd,RFn,2,TA,TA,Y,196,82,0,0,Sin_Cerca,2,2010,WD,Normal,319900
50,RL,48.0,12822,Sin_Acceso,IR1,Lvl,CulDSac,Gtl,Mitchel,Norm,1Fam,1.5Fin,7,5,2003,2003,Gable,VinylSd,VinylSd,None,0.0,Gd,TA,PConc,Ex,TA,No,GLQ,1351,Unf,0,83,1434,Ex,Y,SBrkr,631,2149,1,0,1,1,1,Gd,Typ,1,Ex,Attchd,RFn,2,TA,TA,Y,168,43,0,198,Sin_Cerca,8,2009,WD,Abnorml,239686
20,FV,84.0,11096,Sin_Acceso,Reg,Lvl,Inside,Gtl,Somerst,Norm,1Fam,1Story,8,5,2006,2006,Gable,VinylSd,VinylSd,None,0.0,Gd,TA,PConc,Gd,TA,Av,GLQ,24,Unf,0,1632,1656,Ex,Y,SBrkr,0,1656,0,0,2,0,3,Gd,Typ,0,Sin_Chimenea,Attchd,RFn,3,TA,TA,Y,0,146,0,0,Sin_Cerca,7,2007,WD,Normal,249700
190,RM,33.0,4456,Sin_Acceso,Reg,Lvl,Inside,Gtl,OldTown,Norm,2fmCon,2Story,4,5,1920,2008,Gable,MetalSd,MetalSd,None,0.0,TA,TA,BrkTil,TA,TA,No,Unf,0,Unf,0,736,736,Gd,Y,SBrkr,716,1452,0,0,2,0,2,TA,Typ,0,Sin_Chimenea,Sin_Garaje,Sin_Garaje,0,Sin_Garaje,Sin_Garaje,N,0,0,102,0,Sin_Cerca,6,2009,New,Partial,113000
20,RL,66.0,7742,Sin_Acceso,Reg,Lvl,Inside,Gtl,Sawyer,Norm,1Fam,1Story,5,7,1966,1966,Gable,HdBoard,HdBoard,None,0.0,TA,TA,CBlock,TA,TA,No,BLQ,763,Unf,0,192,955,Ex,Y,SBrkr,0,955,1,0,1,0,3,TA,Typ,0,Sin_Chimenea,Attchd,Unf,1,TA,TA,Y,0,0,0,0,MnPrv,1,2007,WD,Normal,127000
60,RL,65.0,13869,Sin_Acceso,IR2,Lvl,Corner,Gtl,Gilbert,Norm,1Fam,2Story,6,6,1997,1997,Gable,VinylSd,VinylSd,None,0.0,TA,TA,PConc,Gd,TA,Av,GLQ,182,Unf,0,612,794,Gd,Y,SBrkr,676,1470,0,1,2,0,3,TA,Typ,0,Sin_Chimenea,Attchd,Fin,2,TA,TA,Y,0,75,0,0,Sin_Cerca,7,2007,WD,Normal,177000
50,RM,52.0,6240,Sin_Acceso,Reg,Lvl,Inside,Gtl,BrkSide,Norm,1Fam,1.5Fin,6,6,1934,1950,Gable,Wd Sdng,Wd Sdng,None,0.0,TA,TA,PConc,TA,TA,No,Unf,0,Unf,0,816,816,TA,Y,SBrkr,0,1176,0,0,1,0,3,TA,Typ,1,Gd,Detchd,Unf,2,TA,TA,Y,112,0,0,0,MnPrv,9,2006,WD,Normal,114500
90,RM,110.0,8472,Sin_Acceso,IR2,Bnk,Corner,Mod,IDOTRR,RRNn,Duplex,1Story,5,5,1963,1963,Gable,Wd Sdng,Wd Sdng,None,0.0,Fa,TA,CBlock,Gd,TA,Gd,LwQ,104,GLQ,712,0,816,TA,N,SBrkr,0,816,1,0,1,0,2,TA,Typ,0,Sin_Chimenea,CarPort,Unf,2,TA,TA,Y,106,0,0,0,Sin_Cerca,5,2010,WD,Normal,110000
20,RL,68.0,50271,Sin_Acceso,IR1,Low,Inside,Gtl,Veenker,Norm,1Fam,1Story,9,5,1981,1987,Gable,WdShing,Wd Shng,None,0.0,Gd,TA,CBlock,Ex,TA,Gd,GLQ,1810,Unf,0,32,1842,Gd,Y,SBrkr,0,1842,2,0,0,1,0,Gd,Typ,1,Gd,Attchd,Fin,3,TA,TA,Y,857,72,0,0,Sin_Cerca,11,2006,WD,Normal,385000
80,RL,60.0,7134,Sin_Acceso,Reg,Bnk,Inside,Mod,NAmes,Norm,1Fam,SLvl,5,5,1955,1955,Gable,MetalSd,MetalSd,None,0.0,TA,TA,CBlock,TA,TA,No,ALQ,384,Unf,0,0,384,TA,Y,SBrkr,0,1360,0,0,1,0,3,TA,Min1,1,TA,Detchd,Unf,2,TA,TA,Y,0,50,0,0,MnPrv,2,2007,WD,Normal,130000
20,RL,100.0,10175,Sin_Acceso,IR1,Lvl,Inside,Gtl,NAmes,Norm,1Fam,1Story,6,5,1964,1964,Gable,HdBoard,Plywood,BrkFace,272.0,TA,TA,CBlock,TA,TA,No,BLQ,490,Unf,0,935,1425,Gd,Y,SBrkr,0,1425,0,0,2,0,3,TA,Typ,1,Gd,Attchd,RFn,2,TA,TA,Y,0,0,0,0,Sin_Cerca,7,2008,WD,Normal,180500
160,FV,24.0,2645,Pave,Reg,Lvl,Inside,Gtl,Somerst,Norm,Twnhs,2Story,8,5,1999,2000,Gable,MetalSd,MetalSd,BrkFace,456.0,Gd,TA,PConc,Gd,TA,No,GLQ,649,Unf,0,321,970,Ex,Y,SBrkr,756,1739,1,0,2,1,3,Gd,Typ,0,Sin_Chimenea,Attchd,Fin,2,TA,TA,Y,115,0,0,0,Sin_Cerca,8,2009,WD,Abnorml,172500
60,RL,89.0,11645,Sin_Acceso,IR1,Lvl,Corner,Gtl,CollgCr,Norm,1Fam,2Story,7,5,2004,2004,Gable,VinylSd,VinylSd,None,0.0,Gd,TA,PConc,Gd,TA,No,Unf,0,Unf,0,860,860,Ex,Y,SBrkr,860,1720,0,0,2,1,3,Gd,Typ,0,Sin_Chimenea,Attchd,RFn,2,TA,TA,Y,0,70,0,0,Sin_Cerca,8,2006,WD,Normal,196500
60,RL,66.0,13682,Sin_Acceso,IR2,HLS,CulDSac,Gtl,StoneBr,Norm,1Fam,2Story,10,5,2006,2006,Hip,VinylSd,VinylSd,BrkFace,1031.0,Ex,TA,PConc,Ex,TA,Gd,Unf,0,Unf,0,1410,1410,Ex,Y,SBrkr,1519,2945,0,0,3,1,3,Gd,Typ,1,Gd,BuiltIn,Fin,3,TA,TA,Y,192,0,37,0,Sin_Cerca,10,2006,New,Partial,438780
20,RL,60.0,7200,Sin_Acceso,Reg,Bnk,Inside,Gtl,CollgCr,Norm,1Fam,1Story,5,7,1972,1972,Gable,HdBoard,HdBoard,None,0.0,TA,TA,CBlock,TA,TA,Av,ALQ,632,Unf,0,148,780,Ex,Y,SBrkr,0,780,0,0,1,0,2,TA,Typ,0,Sin_Chimenea,Detchd,Unf,1,TA,TA,Y,196,0,0,0,MnPrv,1,2008,WD,Normal,124900
20,RL,63.0,13072,Sin_Acceso,Reg,Lvl,Inside,Gtl,SawyerW,RRAe,1Fam,1Story,6,5,2004,2004,Gable,VinylSd,VinylSd,None,0.0,TA,TA,PConc,Gd,TA,No,ALQ,941,Unf,0,217,1158,Ex,Y,SBrkr,0,1158,1,0,1,1,3,Gd,Typ,0,Sin_Chimenea,Detchd,Unf,2,TA,TA,Y,0,50,0,0,Sin_Cerca,5,2006,New,Partial,158000
75,RM,60.0,7200,Sin_Acceso,Reg,Lvl,Inside,Gtl,IDOTRR,Norm,1Fam,2.5Unf,5,7,1920,1996,Gable,MetalSd,MetalSd,None,0.0,TA,TA,BrkTil,TA,Fa,No,Unf,0,Unf,0,530,530,TA,N,SBrkr,530,1111,0,0,1,0,3,Fa,Typ,0,Sin_Chimenea,Detchd,Unf,1,TA,TA,N,0,0,144,0,Sin_Cerca,3,2007,WD,Normal,101000
120,RL,44.0,6442,Sin_Acceso,IR1,Lvl,Inside,Gtl,NridgHt,Norm,TwnhsE,1Story,8,5,2006,2006,Gable,VinylSd,VinylSd,Stone,178.0,Gd,TA,PConc,Gd,Gd,Mn,GLQ,24,Unf,0,1346,1370,Ex,Y,SBrkr,0,1370,0,0,2,0,2,Gd,Typ,1,Gd,Attchd,RFn,2,TA,TA,Y,120,49,0,0,Sin_Cerca,10,2007,WD,Normal,202500
70,RM,50.0,10300,Sin_Acceso,IR1,Bnk,Inside,Gtl,OldTown,RRAn,1Fam,2Story,7,6,1921,1950,Gable,Stucco,Stucco,None,0.0,TA,TA,BrkTil,TA,TA,No,Unf,0,Unf,0,576,576,Gd,Y,SBrkr,808,1710,0,0,2,0,3,TA,Typ,0,Sin_Chimenea,Detchd,Unf,2,TA,TA,Y,12,11,64,0,GdPrv,4,2010,WD,Normal,140000
60,RL,70.0,9375,Sin_Acceso,Reg,Lvl,Inside,Gtl,CollgCr,Norm,1Fam,2Story,7,5,1997,1998,Gable,VinylSd,VinylSd,BrkFace,573.0,TA,TA,PConc,Gd,TA,No,GLQ,739,Unf,0,318,1057,Ex,Y,SBrkr,977,2034,1,0,2,1,3,Gd,Typ,0,Sin_Chimenea,Attchd,RFn,2,TA,TA,Y,576,36,0,0,GdPrv,2,2009,WD,Normal,219500
60,RL,76.0,9591,Sin_Acceso,Reg,Lvl,Inside,Gtl,NridgHt,Norm,1Fam,2Story,8,5,2004,2005,Gable,VinylSd,VinylSd,BrkFace,344.0,Gd,TA,PConc,Ex,TA,Av,Unf,0,Unf,0,1143,1143,Ex,Y,SBrkr,1330,2473,0,0,2,1,4,Gd,Typ,1,Gd,BuiltIn,RFn,3,TA,TA,Y,192,151,0,0,Sin_Cerca,10,2007,WD,Normal,317000
20,RL,73.0,19900,Sin_Acceso,Reg,Lvl,Inside,Gtl,NAmes,PosA,1Fam,1Story,7,5,1970,1989,Gable,Plywood,Plywood,BrkFace,287.0,TA,TA,CBlock,Gd,TA,Gd,GLQ,912,Unf,0,1035,1947,TA,Y,SBrkr,0,2207,1,0,2,0,3,TA,Min1,1,Gd,Attchd,RFn,2,TA,TA,Y,301,0,0,0,Sin_Cerca,7,2010,WD,Normal,180000
20,RL,72.0,10665,Sin_Acceso,IR1,Lvl,Inside,Gtl,CollgCr,Norm,1Fam,1Story,7,5,2003,2003,Gable,VinylSd,VinylSd,BrkFace,167.0,Gd,TA,PConc,Gd,TA,Av,GLQ,1013,Unf,0,440,1453,Ex,Y,SBrkr,0,1479,1,0,2,0,3,Gd,Typ,0,Sin_Chimenea,Attchd,RFn,2,TA,TA,Y,144,29,0,0,Sin_Cerca,6,2007,WD,Normal,226000
30,RM,47.0,4608,Sin_Acceso,Reg,Lvl,Corner,Gtl,OldTown,Artery,1Fam,1Story,4,6,1945,1950,Gable,MetalSd,MetalSd,None,0.0,TA,Gd,CBlock,TA,TA,No,Unf,0,Unf,0,747,747,TA,Y,SBrkr,0,747,0,0,1,0,2,TA,Typ,0,Sin_Chimenea,Attchd,Unf,1,TA,TA,Y,0,0,0,0,Sin_Cerca,6,2010,WD,Normal,80000
50,RL,81.0,15593,Sin_Acceso,Reg,Lvl,Corner,Gtl,ClearCr,Norm,1Fam,1.5Fin,7,4,1953,1953,Gable,BrkFace,AsbShng,None,0.0,Gd,TA,CBlock,TA,TA,No,BLQ,603,Unf,0,701,1304,TA,Y,SBrkr,983,2287,0,0,2,0,3,TA,Typ,1,TA,Attchd,Fin,2,TA,TA,Y,0,21,114,0,Sin_Cerca,7,2006,WD,Normal,225000
20,RL,95.0,13651,Sin_Acceso,IR1,Lvl,Inside,Gtl,NAmes,Norm,1Fam,1Story,7,6,1973,1973,Gable,Plywood,Plywood,BrkFace,1115.0,TA,Gd,CBlock,Gd,TA,Gd,ALQ,1880,Unf,0,343,2223,Ex,Y,SBrkr,0,2223,1,0,2,0,3,TA,Typ,2,Gd,Attchd,Fin,2,TA,TA,Y,300,0,0,0,Sin_Cerca,2,2007,WD,Normal,244000
20,RL,69.0,7599,Sin_Acceso,Reg,Lvl,Corner,Gtl,Mitchel,Norm,1Fam,1Story,4,6,1982,2006,Gable,HdBoard,Plywood,None,0.0,TA,TA,CBlock,TA,TA,No,ALQ,565,Unf,0,280,845,TA,Y,SBrkr,0,845,1,0,1,0,2,TA,Typ,0,Sin_Chimenea,Detchd,Unf,2,TA,TA,Y,0,0,0,0,Sin_Cerca,6,2007,WD,Normal,129500
60,RL,74.0,10141,Sin_Acceso,IR1,Lvl,Corner,Gtl,Gilbert,Norm,1Fam,2Story,7,5,1998,1998,Gable,VinylSd,VinylSd,BrkFace,40.0,TA,TA,PConc,Gd,TA,No,Unf,0,Unf,0,832,832,Gd,Y,SBrkr,833,1718,0,0,2,1,3,TA,Typ,1,TA,Attchd,Fin,2,TA,TA,Y,0,94,0,291,Sin_Cerca,12,2009,WD,Normal,185000
20,RL,85.0,10200,Sin_Acceso,Reg,Lvl,Inside,Gtl,NAmes,Norm,1Fam,1Story,5,7,1954,2003,Gable,Wd Sdng,Wd Sdng,BrkFace,104.0,TA,TA,CBlock,TA,TA,No,ALQ,320,BLQ,362,404,1086,Gd,Y,SBrkr,0,1086,1,0,1,0,3,TA,Typ,0,Sin_Chimenea,Attchd,Unf,2,TA,TA,Y,0,0,0,0,GdWo,5,2010,WD,Normal,144900
50,RM,60.0,5790,Sin_Acceso,Reg,Lvl,Corner,Gtl,OldTown,Norm,1Fam,2Story,3,6,1915,1950,Gambrel,VinylSd,VinylSd,None,0.0,Gd,Gd,CBlock,Fa,TA,No,Unf,0,Unf,0,840,840,Gd,N,SBrkr,765,1605,0,0,2,0,3,TA,Typ,0,Sin_Chimenea,Detchd,Unf,1,TA,TA,Y,0,0,202,0,Sin_Cerca,5,2010,WD,Normal,107400
180,RM,21.0,1596,Sin_Acceso,Reg,Lvl,Inside,Gtl,MeadowV,Norm,Twnhs,SLvl,4,5,1973,1973,Gable,CemntBd,CmentBd,None,0.0,TA,TA,CBlock,Gd,TA,Gd,GLQ,462,Unf,0,0,462,TA,Y,SBrkr,462,988,1,0,1,0,2,TA,Typ,0,Sin_Chimenea,BuiltIn,Unf,1,TA,TA,Y,120,101,0,0,GdWo,11,2009,WD,Normal,91000
20,RL,73.0,8475,Sin_Acceso,IR1,Lvl,Inside,Gtl,NAmes,Norm,1Fam,1Story,4,7,1956,1956,Gable,VinylSd,VinylSd,None,0.0,TA,TA,CBlock,TA,TA,No,ALQ,228,Unf,0,724,952,Ex,Y,FuseA,0,952,0,0,1,0,2,TA,Typ,0,Sin_Chimenea,Detchd,Unf,1,TA,TA,Y,0,0,0,0,Sin_Cerca,4,2008,WD,Normal,135750
50,RM,50.0,8635,Sin_Acceso,Reg,Lvl,Inside,Gtl,BrkSide,Norm,1Fam,1.5Fin,5,5,1948,2001,Gable,Wd Sdng,Wd Sdng,None,0.0,TA,TA,CBlock,TA,TA,No,BLQ,336,GLQ,41,295,672,TA,Y,SBrkr,213,1285,1,0,1,0,2,TA,Min1,0,Sin_Chimenea,Detchd,Unf,1,TA,TA,Y,0,0,0,0,MnPrv,1,2008,WD,Normal,127000
90,RL,72.0,10778,Sin_Acceso,Reg,Lvl,Inside,Gtl,Sawyer,Norm,Duplex,1Story,4,5,1968,1968,Hip,HdBoard,HdBoard,None,0.0,TA,TA,CBlock,TA,TA,No,Unf,0,Unf,0,1768,1768,TA,N,SBrkr,0,1768,0,0,2,0,4,TA,Typ,0,Sin_Chimenea,Sin_Garaje,Sin_Garaje,0,Sin_Garaje,Sin_Garaje,Y,0,0,0,0,Sin_Cerca,4,2010,WD,Normal,136500
50,RM,60.0,10440,Grvl,Reg,Lvl,Corner,Gtl,OldTown,Norm,1Fam,2Story,5,6,1910,1981,Gable,Wd Sdng,Wd Sdng,None,0.0,TA,TA,PConc,TA,TA,No,Unf,0,Unf,0,440,440,Gd,Y,SBrkr,548,1230,0,0,1,1,2,TA,Typ,0,Sin_Chimenea,Detchd,Unf,2,TA,TA,Y,74,0,128,0,MnPrv,5,2009,WD,Normal,110000
60,RL,100.0,13000,Sin_Acceso,Reg,Lvl,Corner,Gtl,NAmes,Norm,1Fam,2Story,6,6,1968,1968,Gable,VinylSd,VinylSd,BrkFace,576.0,TA,Gd,CBlock,Gd,TA,No,Rec,448,Unf,0,448,896,TA,Y,SBrkr,960,2142,0,0,2,1,4,Gd,Typ,1,Gd,Attchd,Fin,1,TA,TA,Y,0,72,0,252,Sin_Cerca,6,2009,WD,Normal,193500
120,RM,32.0,4500,Sin_Acceso,Reg,Lvl,FR2,Gtl,Mitchel,Norm,TwnhsE,1Story,6,5,1998,1998,Hip,VinylSd,VinylSd,BrkFace,443.0,TA,Gd,PConc,Ex,Gd,No,GLQ,1201,Unf,0,36,1237,Ex,Y,SBrkr,0,1337,1,0,2,0,2,TA,Typ,0,Sin_Chimenea,Attchd,Fin,2,TA,TA,Y,0,199,0,0,Sin_Cerca,3,2006,WD,Normal,153500
20,RL,78.0,10206,Sin_Acceso,Reg,Lvl,Inside,Gtl,Somerst,Norm,1Fam,1Story,8,5,2007,2007,Gable,VinylSd,VinylSd,Stone,468.0,TA,TA,PConc,Gd,TA,No,GLQ,33,Unf,0,1530,1563,Ex,Y,SBrkr,0,1563,0,0,2,0,3,Gd,Typ,1,Gd,Attchd,RFn,3,TA,TA,Y,144,99,0,0,Sin_Cerca,10,2008,WD,Normal,245000
20,RL,80.0,8892,Sin_Acceso,IR1,Lvl,Inside,Gtl,NAmes,Norm,1Fam,1Story,5,5,1960,1960,Gable,MetalSd,MetalSd,BrkCmn,66.0,TA,TA,CBlock,TA,TA,No,Unf,0,Unf,0,1065,1065,Gd,Y,SBrkr,0,1065,0,0,1,1,3,TA,Typ,0,Sin_Chimenea,Detchd,Unf,2,TA,TA,Y,74,0,0,0,Sin_Cerca,7,2007,COD,Normal,126500
80,RL,65.0,8530,Sin_Acceso,IR1,Lvl,Inside,Gtl,Gilbert,Norm,1Fam,SLvl,7,5,1995,1996,Gable,HdBoard,HdBoard,BrkFace,22.0,TA,TA,PConc,Gd,TA,No,Unf,0,Unf,0,384,384,Gd,Y,SBrkr,670,1474,0,0,2,1,3,TA,Typ,1,TA,BuiltIn,Fin,2,TA,TA,Y,120,72,0,0,Sin_Cerca,5,2009,WD,Normal,168500
60,RL,121.0,16059,Sin_Acceso,Reg,Lvl,Corner,Gtl,NoRidge,Norm,1Fam,2Story,8,5,1991,1992,Hip,HdBoard,HdBoard,BrkFace,284.0,Gd,TA,CBlock,Gd,TA,No,Unf,0,Unf,0,1288,1288,Ex,Y,SBrkr,1116,2417,0,0,2,1,4,Gd,Typ,1,TA,Attchd,Unf,2,TA,TA,Y,127,82,0,0,Sin_Cerca,4,2006,WD,Normal,260000
60,RL,122.0,11911,Sin_Acceso,IR2,Lvl,Inside,Gtl,Gilbert,Norm,1Fam,2Story,6,5,2005,2005,Gable,VinylSd,VinylSd,None,0.0,Gd,TA,PConc,Gd,TA,Av,Unf,0,Unf,0,684,684,Ex,Y,SBrkr,876,1560,0,0,2,1,3,Gd,Typ,1,Gd,BuiltIn,Fin,2,TA,TA,Y,100,38,0,0,Sin_Cerca,3,2009,WD,Normal,174000
160,FV,40.0,3951,Pave,Reg,Lvl,Corner,Gtl,Somerst,Norm,TwnhsE,2Story,6,5,2009,2009,Gable,VinylSd,VinylSd,Stone,76.0,Gd,TA,PConc,Gd,TA,Av,Unf,0,Unf,0,612,612,Ex,Y,SBrkr,612,1224,0,0,2,1,2,Gd,Typ,0,Sin_Chimenea,Detchd,RFn,2,TA,TA,Y,0,234,0,0,Sin_Cerca,6,2009,New,Partial,164500
50,C (all),105.0,8470,Sin_Acceso,IR1,Lvl,Corner,Gtl,IDOTRR,Feedr,1Fam,1.5Fin,3,2,1915,1982,Hip,Plywood,Plywood,None,0.0,Fa,Fa,CBlock,TA,Fa,No,Unf,0,Unf,0,1013,1013,TA,N,SBrkr,0,1526,0,0,1,0,2,Fa,Typ,0,Sin_Chimenea,Sin_Garaje,Sin_Garaje,0,Sin_Garaje,Sin_Garaje,N,0,0,156,0,MnPrv,10,2009,ConLD,Abnorml,85000
20,RL,60.0,8070,Sin_Acceso,Reg,Lvl,Inside,Gtl,CollgCr,Norm,1Fam,1Story,4,5,1994,1995,Gable,VinylSd,VinylSd,None,0.0,TA,TA,PConc,Gd,TA,No,GLQ,588,Unf,0,402,990,Ex,Y,SBrkr,0,990,1,0,1,0,3,TA,Typ,0,Sin_Chimenea,Sin_Garaje,Sin_Garaje,0,Sin_Garaje,Sin_Garaje,Y,0,0,0,0,Sin_Cerca,8,2007,WD,Normal,123600
20,RL,60.0,7200,Sin_Acceso,Reg,Lvl,Inside,Gtl,NAmes,Norm,1Fam,1Story,4,5,1950,1950,Gable,BrkFace,Wd Sdng,None,0.0,TA,TA,Slab,Sin_Sotano,Sin_Sotano,Sin_Sotano,Sin_Sotano,0,Sin_Sotano,0,0,0,TA,Y,FuseA,0,1040,0,0,1,0,2,TA,Typ,0,Sin_Chimenea,Detchd,Unf,2,TA,TA,Y,0,29,0,0,Sin_Cerca,7,2006,WD,Normal,109900
20,RL,85.0,8500,Sin_Acceso,Reg,Lvl,Inside,Gtl,NAmes,Norm,1Fam,1Story,5,3,1961,1961,Hip,HdBoard,HdBoard,BrkCmn,203.0,TA,TA,CBlock,TA,TA,No,Rec,600,Unf,0,635,1235,TA,Y,SBrkr,0,1235,0,0,1,0,2,TA,Typ,0,Sin_Chimenea,Attchd,Unf,2,TA,TA,Y,0,0,0,0,GdWo,12,2006,WD,Abnorml,98600
30,RL,80.0,13360,Grvl,IR1,HLS,Inside,Gtl,Crawfor,Norm,1Fam,1Story,5,7,1921,2006,Gable,Wd Sdng,Wd Sdng,None,0.0,TA,Gd,BrkTil,Gd,TA,No,ALQ,713,Unf,0,163,876,Ex,Y,SBrkr,0,964,1,0,1,0,2,TA,Typ,0,Sin_Chimenea,Detchd,Unf,2,TA,TA,Y,0,0,44,0,Sin_Cerca,8,2009,WD,Normal,163500
190,C (all),60.0,7200,Sin_Acceso,Reg,Lvl,Corner,Gtl,OldTown,Norm,2fmCon,2.5Unf,6,6,1910,1998,Hip,MetalSd,MetalSd,None,0.0,TA,TA,BrkTil,TA,Fa,Mn,Rec,1046,Unf,0,168,1214,Ex,N,SBrkr,1031,2291,0,1,2,0,4,TA,Typ,1,Gd,Detchd,Unf,2,TA,TA,Y,0,0,0,99,Sin_Cerca,11,2007,WD,Normal,133900
60,RL,69.0,9337,Sin_Acceso,IR1,Lvl,Inside,Gtl,CollgCr,Norm,1Fam,2Story,6,5,1997,1997,Gable,VinylSd,VinylSd,None,0.0,TA,Gd,PConc,Gd,TA,No,GLQ,648,Unf,0,176,824,Ex,Y,SBrkr,881,1786,1,0,2,1,3,Gd,Typ,0,Sin_Chimenea,Attchd,RFn,2,TA,TA,Y,0,162,0,0,Sin_Cerca,5,2007,WD,Normal,204750
60,RL,65.0,9765,Sin_Acceso,IR2,Lvl,Corner,Gtl,Gilbert,Norm,1Fam,2Story,6,8,1993,1993,Gable,VinylSd,VinylSd,BrkFace,68.0,Ex,Gd,PConc,Gd,Gd,No,ALQ,310,Unf,0,370,680,Gd,Y,SBrkr,790,1470,0,0,2,1,3,TA,Typ,1,TA,BuiltIn,Fin,2,TA,TA,Y,232,63,0,0,Sin_Cerca,4,2009,WD,Normal,185000
20,RL,78.0,10264,Sin_Acceso,IR1,Lvl,Inside,Gtl,CollgCr,Norm,1Fam,1Story,7,5,1999,1999,Gable,VinylSd,VinylSd,BrkFace,183.0,Gd,TA,PConc,Gd,TA,Av,ALQ,1162,Unf,0,426,1588,Ex,Y,SBrkr,0,1588,0,0,2,0,3,Gd,Typ,0,Sin_Chimenea,Attchd,RFn,2,TA,TA,Y,158,29,0,0,Sin_Cerca,8,2006,WD,Normal,214000
20,RL,73.0,10921,Sin_Acceso,Reg,HLS,Inside,Gtl,Edwards,Norm,1Fam,1Story,4,5,1965,1965,Hip,HdBoard,HdBoard,BrkFace,48.0,TA,TA,CBlock,TA,TA,No,Rec,520,Unf,0,440,960,TA,Y,FuseF,0,960,1,0,1,0,3,TA,Typ,0,Sin_Chimenea,Attchd,Fin,1,TA,TA,P,120,0,0,0,Sin_Cerca,5,2007,WD,Normal,94750
30,RL,85.0,10625,Sin_Acceso,Reg,Lvl,Corner,Gtl,Edwards,Norm,1Fam,1Story,5,5,1920,1950,Gable,Wd Sdng,Wd Sdng,None,0.0,TA,TA,BrkTil,TA,TA,No,ALQ,108,Unf,0,350,458,Fa,N,SBrkr,0,835,0,0,1,0,2,TA,Typ,0,Sin_Chimenea,Basment,Unf,1,Fa,TA,Y,0,0,77,0,Sin_Cerca,5,2010,COD,Abnorml,83000
20,RL,77.0,9320,Sin_Acceso,IR1,Lvl,Inside,Gtl,NAmes,Norm,1Fam,1Story,4,5,1959,1959,Gable,Plywood,Plywood,None,0.0,TA,TA,CBlock,TA,TA,No,ALQ,569,Unf,0,381,950,Fa,Y,SBrkr,0,1225,1,0,1,1,3,TA,Typ,0,Sin_Chimenea,Sin_Garaje,Sin_Garaje,0,Sin_Garaje,Sin_Garaje,Y,352,0,0,0,Sin_Cerca,1,2010,WD,Normal,128950
20,RL,80.0,10603,Sin_Acceso,IR1,Lvl,Inside,Gtl,NWAmes,Norm,1Fam,1Story,6,7,1977,2001,Gable,Plywood,Plywood,BrkFace,28.0,TA,TA,PConc,TA,TA,Mn,ALQ,1200,Unf,0,410,1610,Gd,Y,SBrkr,0,1610,1,0,2,0,3,Gd,Typ,2,TA,Attchd,RFn,2,TA,TA,Y,168,68,0,0,Sin_Cerca,2,2010,WD,Normal,205000
60,RL,77.0,9206,Sin_Acceso,Reg,Lvl,Inside,Gtl,SawyerW,Norm,1Fam,2Story,6,5,1985,1985,Gable,HdBoard,HdBoard,BrkFace,336.0,Gd,TA,CBlock,Gd,TA,No,Unf,0,Unf,0,741,741,TA,Y,SBrkr,755,1732,0,0,2,1,3,Gd,Typ,1,TA,Attchd,Fin,2,TA,TA,Y,192,46,0,0,Sin_Cerca,6,2010,WD,Normal,178000
90,RL,64.0,7018,Sin_Acceso,Reg,Bnk,Inside,Gtl,SawyerW,Norm,Duplex,1Story,5,5,1979,1979,Gable,HdBoard,HdBoard,None,0.0,TA,Fa,Slab,Sin_Sotano,Sin_Sotano,Sin_Sotano,Sin_Sotano,0,Sin_Sotano,0,0,0,TA,Y,SBrkr,0,1535,0,0,2,0,4,TA,Typ,0,Sin_Chimenea,Attchd,Unf,2,TA,TA,Y,0,0,0,0,Sin_Cerca,6,2009,WD,Alloca,118964
20,RL,94.0,10402,Sin_Acceso,IR1,Lvl,Corner,Gtl,CollgCr,Norm,1Fam,1Story,7,5,2009,2009,Gable,VinylSd,VinylSd,None,0.0,TA,TA,PConc,Gd,TA,No,Unf,0,Unf,0,1226,1226,Ex,Y,SBrkr,0,1226,0,0,2,0,3,Gd,Typ,0,Sin_Chimenea,Attchd,RFn,3,TA,TA,Y,0,36,0,0,Sin_Cerca,5,2010,WD,Normal,198900
50,RM,60.0,7758,Sin_Acceso,Reg,Lvl,Corner,Gtl,IDOTRR,Norm,1Fam,1.5Fin,7,4,1931,1950,Gable,Stucco,Stucco,BrkFace,600.0,TA,Fa,PConc,TA,TA,No,LwQ,224,Unf,0,816,1040,Ex,Y,FuseF,592,1818,0,0,1,1,4,TA,Typ,2,TA,Detchd,Unf,1,TA,TA,Y,0,0,0,184,Sin_Cerca,6,2007,WD,Normal,169500
60,FV,75.0,9375,Sin_Acceso,Reg,Lvl,Inside,Gtl,Somerst,Norm,1Fam,2Story,8,5,2003,2004,Hip,VinylSd,VinylSd,BrkFace,768.0,Gd,TA,PConc,Ex,TA,No,Unf,0,Unf,0,1053,1053,Ex,Y,SBrkr,939,1992,0,0,2,1,3,Gd,Typ,1,Gd,Attchd,RFn,2,TA,TA,Y,140,45,0,0,Sin_Cerca,8,2008,WD,Normal,250000
30,RM,60.0,10800,Grvl,Reg,Lvl,Inside,Gtl,OldTown,Norm,1Fam,1Story,4,7,1885,1995,Mansard,VinylSd,VinylSd,None,0.0,TA,TA,BrkTil,Fa,TA,No,Unf,0,Unf,0,641,641,Gd,Y,SBrkr,0,1047,0,0,1,0,2,TA,Typ,0,Sin_Chimenea,Detchd,Unf,1,Fa,Fa,N,0,0,0,0,Sin_Cerca,8,2007,WD,Normal,100000
20,RM,50.0,6000,Sin_Acceso,Reg,Lvl,Inside,Gtl,OldTown,Norm,1Fam,1Story,5,5,1948,1950,Gable,VinylSd,VinylSd,None,0.0,TA,TA,CBlock,TA,TA,No,ALQ,104,BLQ,169,516,789,Ex,Y,SBrkr,0,789,0,0,1,0,2,TA,Typ,0,Sin_Chimenea,Detchd,Unf,1,TA,TA,Y,0,0,0,0,Sin_Cerca,4,2008,WD,Partial,115000
50,RM,85.0,8500,Sin_Acceso,Reg,Lvl,Corner,Gtl,IDOTRR,Artery,1Fam,1.5Fin,5,7,1919,2005,Gable,CemntBd,CmentBd,None,0.0,TA,TA,CBlock,TA,TA,No,Unf,0,Unf,0,793,793,TA,N,FuseF,520,1517,0,0,2,0,3,Fa,Typ,0,Sin_Chimenea,Sin_Garaje,Sin_Garaje,0,Sin_Garaje,Sin_Garaje,N,0,0,144,0,Sin_Cerca,8,2007,WD,Normal,115000
20,RL,105.0,11751,Sin_Acceso,IR1,Lvl,Inside,Gtl,NWAmes,Norm,1Fam,1Story,6,6,1977,1977,Hip,Plywood,Plywood,BrkFace,480.0,TA,TA,CBlock,Gd,TA,No,BLQ,705,Unf,0,1139,1844,Ex,Y,SBrkr,0,1844,0,0,2,0,3,TA,Typ,1,TA,Attchd,RFn,2,TA,TA,Y,0,122,0,0,MnPrv,1,2010,COD,Normal,190000
50,RL,75.0,9525,Sin_Acceso,Reg,Lvl,Inside,Gtl,Edwards,Norm,1Fam,1.5Fin,6,4,1954,1972,Gable,Wd Sdng,Wd Sdng,None,0.0,TA,TA,CBlock,TA,Fa,No,Rec,444,Unf,0,550,994,Gd,Y,SBrkr,639,1855,0,0,2,0,4,TA,Typ,0,Sin_Chimenea,Attchd,Unf,1,TA,TA,Y,182,0,0,0,Sin_Cerca,10,2006,WD,Normal,136900
80,RL,65.0,7750,Sin_Acceso,IR1,Lvl,Inside,Gtl,Gilbert,Norm,1Fam,SLvl,7,5,2000,2000,Gable,VinylSd,VinylSd,None,0.0,TA,TA,PConc,Gd,TA,No,GLQ,250,Unf,0,134,384,Ex,Y,SBrkr,656,1430,0,0,2,1,3,TA,Typ,1,TA,BuiltIn,Fin,2,TA,TA,Y,180,0,0,0,Sin_Cerca,4,2010,WD,Normal,180000
60,RL,77.0,9965,Sin_Acceso,Reg,Lvl,Inside,Gtl,CollgCr,Norm,1Fam,2Story,7,5,2007,2007,Gable,VinylSd,VinylSd,Stone,220.0,Gd,TA,PConc,Ex,TA,Av,GLQ,984,Unf,0,280,1264,Ex,Y,SBrkr,1414,2696,1,0,2,1,4,Ex,Typ,1,Gd,BuiltIn,Fin,3,TA,TA,Y,120,184,0,168,Sin_Cerca,10,2007,New,Partial,383970
20,RL,74.0,21000,Sin_Acceso,Reg,Bnk,Corner,Gtl,Crawfor,Norm,1Fam,1Story,6,5,1953,1953,Hip,Wd Sdng,Wd Sdng,BrkFace,184.0,TA,Gd,CBlock,Gd,TA,Mn,ALQ,35,Rec,869,905,1809,TA,Y,SBrkr,0,2259,1,0,2,0,3,Gd,Typ,2,Gd,Basment,Unf,2,TA,TA,Y,166,120,192,0,MnPrv,10,2007,COD,Abnorml,217000
70,RL,61.0,7259,Sin_Acceso,IR1,Lvl,Inside,Mod,Crawfor,Norm,1Fam,2Story,6,8,1945,2002,Gambrel,Wd Sdng,Wd Sdng,None,0.0,TA,TA,CBlock,TA,TA,No,ALQ,774,LwQ,150,104,1028,Ex,Y,SBrkr,884,2320,1,0,2,1,3,Gd,Typ,1,TA,Detchd,Unf,1,TA,TA,Y,224,0,0,0,MnPrv,7,2007,WD,Normal,259500
160,FV,34.0,3230,Pave,Reg,Lvl,Corner,Gtl,Somerst,Norm,TwnhsE,2Story,6,5,1999,1999,Gable,MetalSd,MetalSd,BrkFace,1129.0,TA,TA,PConc,Gd,TA,No,GLQ,419,Unf,0,310,729,Gd,Y,SBrkr,729,1458,0,0,2,1,2,TA,Typ,1,Fa,Detchd,Unf,2,TA,TA,Y,0,32,0,0,Sin_Cerca,6,2007,WD,Normal,176000
20,RL,71.0,11616,Sin_Acceso,Reg,Lvl,Inside,Gtl,Sawyer,Norm,1Fam,1Story,5,5,1962,1962,Gable,Wd Sdng,Wd Sdng,BrkFace,116.0,TA,TA,CBlock,TA,TA,No,LwQ,170,BLQ,670,252,1092,TA,Y,SBrkr,0,1092,0,1,1,0,3,TA,Typ,1,Po,Attchd,Unf,1,TA,TA,Y,0,20,144,0,Sin_Cerca,9,2009,WD,Normal,139000
20,RL,74.0,8536,Sin_Acceso,Reg,Lvl,Corner,Gtl,Edwards,Norm,1Fam,1Story,5,5,2006,2007,Gable,VinylSd,VinylSd,None,0.0,TA,TA,PConc,Gd,TA,No,Unf,0,Unf,0,1125,1125,Gd,Y,SBrkr,0,1125,0,0,1,1,2,TA,Typ,0,Sin_Chimenea,Attchd,Unf,2,TA,TA,Y,80,64,0,0,Sin_Cerca,4,2007,New,Partial,155000
60,RL,90.0,12376,Sin_Acceso,Reg,Lvl,Corner,Gtl,SawyerW,Norm,1Fam,2Story,7,5,1990,1990,Hip,Plywood,Plywood,None,0.0,TA,TA,PConc,Gd,TA,Mn,GLQ,1470,Unf,0,203,1673,Gd,Y,SBrkr,1523,3222,1,0,3,0,5,Gd,Typ,2,TA,Attchd,Unf,3,TA,TA,Y,367,0,0,0,Sin_Cerca,5,2010,WD,Normal,320000
60,RL,65.0,8461,Sin_Acceso,Reg,Lvl,Inside,Gtl,CollgCr,Norm,1Fam,2Story,6,5,2005,2006,Gable,VinylSd,VinylSd,None,0.0,Gd,TA,PConc,Gd,TA,No,Unf,0,Unf,0,728,728,Ex,Y,SBrkr,728,1456,0,0,2,1,3,Gd,Typ,1,Gd,Attchd,Fin,2,TA,TA,Y,0,24,0,0,Sin_Cerca,7,2006,New,Partial,163990
80,RL,80.0,21453,Sin_Acceso,IR1,Low,CulDSac,Sev,ClearCr,Norm,1Fam,SLvl,6,5,1969,1969,Flat,Plywood,Plywood,None,0.0,TA,TA,CBlock,TA,TA,Gd,ALQ,938,Unf,0,0,938,Ex,Y,SBrkr,0,988,1,0,1,0,1,TA,Typ,2,TA,Attchd,Unf,2,TA,TA,Y,0,130,0,0,Sin_Cerca,10,2006,WD,Normal,180000
50,RM,50.0,6060,Sin_Acceso,Reg,Lvl,Inside,Gtl,IDOTRR,Norm,1Fam,1.5Fin,4,5,1939,1950,Gable,AsbShng,AsbShng,None,0.0,TA,TA,PConc,TA,TA,No,Unf,0,Unf,0,732,732,Gd,Y,SBrkr,351,1123,0,0,1,0,3,TA,Typ,0,Sin_Chimenea,Detchd,Unf,1,TA,TA,P,0,0,140,0,MnPrv,6,2007,WD,Normal,100000
20,RL,75.0,9464,Sin_Acceso,Reg,Lvl,Corner,Gtl,NAmes,Norm,1Fam,1Story,6,7,1958,1958,Hip,MetalSd,MetalSd,BrkFace,135.0,TA,Gd,CBlock,TA,TA,No,BLQ,570,Unf,0,510,1080,Gd,Y,SBrkr,0,1080,0,0,1,0,3,TA,Typ,0,Sin_Chimenea,Attchd,Unf,1,TA,TA,Y,0,0,0,130,Sin_Cerca,6,2008,WD,Normal,136000
120,RL,55.0,7892,Sin_Acceso,Reg,Lvl,Inside,Gtl,SawyerW,Norm,TwnhsE,1Story,6,5,1993,1993,Gable,Plywood,Plywood,None,0.0,Gd,TA,PConc,Gd,TA,No,GLQ,300,Unf,0,899,1199,Ex,Y,SBrkr,0,1199,0,0,2,0,2,Gd,Typ,0,Sin_Chimenea,Attchd,RFn,2,TA,TA,Y,0,63,0,0,Sin_Cerca,3,2008,WD,Normal,153900
20,RL,48.0,17043,Sin_Acceso,IR1,Lvl,CulDSac,Gtl,NWAmes,Norm,1Fam,1Story,6,5,1979,1998,Gable,HdBoard,HdBoard,None,0.0,TA,Gd,CBlock,Gd,Fa,No,Unf,0,Unf,0,1362,1362,TA,Y,SBrkr,0,1586,0,0,2,0,3,TA,Typ,1,TA,Attchd,Unf,2,TA,TA,Y,192,0,0,0,Sin_Cerca,1,2009,WD,Normal,181000
190,RM,60.0,6780,Sin_Acceso,Reg,Lvl,Inside,Gtl,IDOTRR,Norm,2fmCon,1.5Fin,6,8,1935,1982,Gable,Wd Sdng,Wd Sdng,None,0.0,TA,Fa,CBlock,TA,TA,Av,GLQ,490,Unf,0,30,520,Gd,N,SBrkr,0,754,1,0,1,0,2,TA,Typ,0,Sin_Chimenea,Sin_Garaje,Sin_Garaje,0,Sin_Garaje,Sin_Garaje,N,53,0,0,0,Sin_Cerca,6,2006,WD,Normal,84500
120,RL,24.0,4928,Sin_Acceso,IR1,Lvl,Inside,Gtl,NPkVill,Norm,TwnhsE,1Story,6,5,1976,1976,Gable,Plywood,Plywood,None,0.0,TA,TA,CBlock,Gd,TA,No,ALQ,120,Unf,0,958,1078,TA,Y,SBrkr,0,958,0,0,2,0,2,TA,Typ,1,TA,Attchd,RFn,2,TA,TA,Y,0,205,0,0,Sin_Cerca,2,2007,WD,Normal,128000
45,RM,55.0,4388,Sin_Acceso,IR1,Bnk,Inside,Gtl,OldTown,Feedr,1Fam,1.5Unf,5,7,1930,1950,Gable,WdShing,Wd Sdng,None,0.0,TA,Gd,BrkTil,TA,TA,No,LwQ,116,Unf,0,556,672,Ex,Y,SBrkr,0,840,0,0,1,0,3,TA,Typ,1,TA,Sin_Garaje,Sin_Garaje,0,Sin_Garaje,Sin_Garaje,N,0,0,0,0,Sin_Cerca,6,2007,WD,Normal,87000
60,RL,69.0,7590,Sin_Acceso,Reg,Lvl,Inside,Gtl,NAmes,PosN,1Fam,2Story,6,5,1966,1966,Gable,VinylSd,VinylSd,BrkFace,266.0,TA,TA,CBlock,TA,TA,No,BLQ,512,Unf,0,148,660,TA,Y,SBrkr,688,1348,0,0,1,1,3,TA,Typ,1,Fa,Attchd,RFn,2,TA,TA,Y,188,108,0,0,Sin_Cerca,7,2006,WD,Normal,155000
20,RL,69.0,8973,Sin_Acceso,Reg,Lvl,Inside,Gtl,NAmes,Norm,1Fam,1Story,5,7,1958,1991,Gable,Plywood,Plywood,BrkFace,85.0,TA,TA,CBlock,TA,TA,No,Rec,567,BLQ,28,413,1008,TA,Y,FuseA,0,1053,0,1,1,1,3,Ex,Typ,0,Sin_Chimenea,2Types,RFn,2,TA,TA,Y,0,80,0,0,MnWw,7,2006,WD,Abnorml,150000
60,RL,88.0,14200,Sin_Acceso,Reg,Lvl,Corner,Gtl,NAmes,Norm,1Fam,2Story,7,6,1966,1966,Gable,MetalSd,MetalSd,BrkFace,309.0,TA,TA,CBlock,TA,TA,No,Rec,445,Unf,0,479,924,Ex,Y,SBrkr,941,2157,0,0,2,1,4,Gd,Typ,2,Gd,Attchd,Fin,2,TA,TA,Y,105,66,0,0,GdPrv,5,2006,WD,Normal,226000
60,RL,65.0,12224,Sin_Acceso,IR1,Lvl,Corner,Gtl,Gilbert,Norm,1Fam,2Story,6,5,2000,2000,Gable,VinylSd,VinylSd,BrkFace,40.0,Gd,TA,PConc,Gd,TA,No,GLQ,695,Unf,0,297,992,Ex,Y,SBrkr,1032,2054,1,0,2,1,3,Gd,Typ,1,TA,BuiltIn,RFn,2,TA,TA,Y,24,48,0,0,Sin_Cerca,7,2009,WD,Normal,244000
20,RL,75.0,7388,Sin_Acceso,Reg,Lvl,Corner,Gtl,NAmes,Norm,1Fam,1Story,5,6,1959,2002,Gable,MetalSd,MetalSd,None,0.0,TA,TA,CBlock,TA,TA,No,Rec,405,Unf,0,658,1063,Gd,Y,SBrkr,0,1327,1,0,1,0,3,Gd,Typ,0,Sin_Chimenea,Detchd,Unf,2,TA,TA,Y,0,0,0,0,Sin_Cerca,7,2007,WD,Normal,150750
20,RL,85.0,6853,Sin_Acceso,IR1,Lvl,Inside,Gtl,Timber,Norm,1Fam,1Story,8,5,2001,2002,Gable,VinylSd,VinylSd,BrkFace,136.0,Gd,TA,PConc,Ex,TA,No,GLQ,1005,Unf,0,262,1267,Ex,Y,SBrkr,0,1296,1,0,2,0,2,Gd,Typ,0,Sin_Chimenea,Attchd,Fin,2,TA,TA,Y,192,25,0,0,Sin_Cerca,6,2009,WD,Normal,220000
20,RL,78.0,10335,Sin_Acceso,IR1,Lvl,Inside,Gtl,Sawyer,Norm,1Fam,1Story,5,6,1968,1993,Gable,Plywood,Plywood,None,0.0,TA,TA,CBlock,TA,TA,No,Rec,570,Unf,0,891,1461,Gd,Y,SBrkr,0,1721,0,0,2,1,3,TA,Min1,1,TA,Attchd,RFn,2,TA,TA,Y,0,96,180,0,MnPrv,7,2006,WD,Normal,180000
20,RL,80.0,10400,Sin_Acceso,Reg,Lvl,Inside,Gtl,NWAmes,Norm,1Fam,1Story,7,6,1970,1970,Hip,Plywood,Plywood,BrkFace,288.0,TA,TA,PConc,TA,TA,No,Unf,0,Unf,0,1304,1304,Gd,Y,SBrkr,0,1682,0,0,2,0,3,TA,Typ,1,Gd,Attchd,Unf,2,TA,TA,Y,98,0,0,0,MnPrv,5,2008,WD,Normal,174000
20,RL,73.0,10355,Sin_Acceso,IR1,Lvl,Corner,Gtl,NAmes,Norm,1Fam,1Story,5,5,1967,1967,Gable,MetalSd,MetalSd,BrkFace,196.0,TA,TA,CBlock,TA,TA,No,BLQ,695,Unf,0,519,1214,TA,Y,SBrkr,0,1214,0,0,2,0,3,TA,Typ,1,Fa,Attchd,RFn,1,TA,TA,Y,0,111,0,0,Sin_Cerca,7,2007,WD,Normal,143000
90,RL,82.0,11070,Sin_Acceso,Reg,Lvl,Inside,Gtl,Mitchel,Norm,Duplex,1Story,7,5,1988,1989,Gable,VinylSd,VinylSd,BrkFace,70.0,TA,TA,CBlock,TA,TA,No,Unf,0,Unf,0,1907,1907,Gd,Y,SBrkr,0,1959,0,0,3,0,5,TA,Typ,0,Sin_Chimenea,2Types,Unf,3,TA,TA,Y,0,0,0,0,Sin_Cerca,7,2006,WD,Family,171000
60,RL,73.0,9066,Sin_Acceso,IR1,Lvl,Inside,Gtl,CollgCr,Norm,1Fam,2Story,8,5,1999,2000,Gable,VinylSd,VinylSd,BrkFace,320.0,Gd,TA,PConc,Gd,TA,Mn,GLQ,668,Unf,0,336,1004,Ex,Y,SBrkr,848,1852,0,0,2,1,3,Gd,Typ,2,TA,Attchd,Fin,3,TA,TA,Y,224,106,0,0,GdPrv,12,2008,WD,Normal,230000
60,RL,65.0,15426,Sin_Acceso,IR1,Lvl,Inside,Gtl,CollgCr,Norm,1Fam,2Story,6,5,1997,1997,Gable,VinylSd,VinylSd,None,0.0,TA,TA,PConc,Gd,TA,No,GLQ,821,Unf,0,107,928,Ex,Y,SBrkr,836,1764,1,0,2,1,3,Gd,Typ,0,Sin_Chimenea,Attchd,RFn,2,TA,TA,Y,276,99,0,0,MnPrv,8,2009,WD,Normal,231500
20,RL,70.0,10500,Sin_Acceso,Reg,Lvl,FR2,Gtl,NAmes,Norm,1Fam,1Story,4,5,1971,1971,Gable,HdBoard,HdBoard,None,0.0,TA,TA,CBlock,TA,TA,No,ALQ,432,Unf,0,432,864,TA,Y,SBrkr,0,864,0,0,1,0,3,TA,Typ,1,Po,Sin_Garaje,Sin_Garaje,0,Sin_Garaje,Sin_Garaje,Y,0,0,0,0,Sin_Cerca,4,2010,ConLI,Normal,115000
20,RL,78.0,11645,Sin_Acceso,Reg,Lvl,Inside,Gtl,CollgCr,Norm,1Fam,1Story,7,5,2005,2005,Gable,VinylSd,VinylSd,None,0.0,Gd,TA,PConc,Gd,TA,Av,GLQ,1300,Unf,0,434,1734,Ex,Y,SBrkr,0,1734,1,0,2,0,3,Gd,Typ,0,Sin_Chimenea,Attchd,Fin,2,TA,TA,Y,160,24,0,0,Sin_Cerca,1,2006,WD,Normal,260000
50,RL,71.0,8520,Sin_Acceso,Reg,Lvl,Corner,Gtl,NAmes,Artery,1Fam,1.5Fin,5,4,1952,1952,Gable,BrkFace,Wd Sdng,None,0.0,TA,Fa,CBlock,TA,TA,No,Rec,507,Unf,0,403,910,Fa,Y,SBrkr,475,1385,0,0,2,0,4,TA,Typ,0,Sin_Chimenea,Detchd,Unf,2,TA,TA,Y,0,0,0,0,MnPrv,6,2010,WD,Normal,166000
20,RL,78.0,10335,Sin_Acceso,IR1,Lvl,Inside,Gtl,CollgCr,Norm,1Fam,1Story,7,5,1999,1999,Gable,VinylSd,VinylSd,BrkFace,183.0,Gd,TA,PConc,Gd,TA,Gd,GLQ,679,Unf,0,811,1490,Ex,Y,SBrkr,0,1501,1,0,2,0,3,Gd,Typ,0,Sin_Chimenea,Attchd,RFn,2,TA,TA,Y,144,29,0,0,Sin_Cerca,6,2009,WD,Normal,204000
90,RM,70.0,9100,Sin_Acceso,Reg,Lvl,Inside,Gtl,Sawyer,RRAe,Duplex,1Story,5,5,1963,1963,Gable,HdBoard,HdBoard,BrkFace,336.0,TA,TA,CBlock,TA,TA,No,Rec,1332,Unf,0,396,1728,TA,Y,SBrkr,0,1728,1,0,2,0,6,TA,Typ,0,Sin_Chimenea,Detchd,Unf,2,TA,TA,Y,0,0,0,0,Sin_Cerca,11,2006,ConLI,Abnorml,125000
160,RM,24.0,2522,Sin_Acceso,Reg,Lvl,Inside,Gtl,Edwards,Norm,Twnhs,2Story,6,5,2004,2006,Gable,VinylSd,VinylSd,Stone,50.0,Gd,TA,PConc,Gd,TA,No,Unf,0,Unf,0,970,970,Ex,Y,SBrkr,739,1709,0,0,2,0,3,Gd,Maj1,0,Sin_Chimenea,Detchd,Unf,2,TA,TA,Y,0,40,0,0,Sin_Cerca,4,2006,WD,Normal,130000
30,RM,51.0,6120,Sin_Acceso,Reg,Lvl,Corner,Gtl,BrkSide,Norm,1Fam,1Story,5,7,1931,1993,Gable,Wd Sdng,Wd Sdng,None,0.0,TA,TA,BrkTil,TA,TA,No,BLQ,209,Unf,0,506,715,TA,Y,FuseA,0,875,1,0,1,0,2,TA,Typ,0,Sin_Chimenea,Detchd,Unf,1,Fa,TA,Y,48,0,0,0,Sin_Cerca,11,2009,WD,Normal,105000
60,RL,65.0,9505,Sin_Acceso,IR1,Lvl,CulDSac,Gtl,Gilbert,Norm,1Fam,2Story,7,5,2001,2001,Gable,VinylSd,VinylSd,BrkFace,180.0,Gd,TA,PConc,Gd,TA,No,Unf,0,Unf,0,884,884,Ex,Y,SBrkr,1151,2035,0,0,2,1,3,Gd,Typ,1,Gd,BuiltIn,Fin,2,TA,TA,Y,144,48,0,0,Sin_Cerca,5,2010,WD,Normal,222500
20,RL,63.0,7500,Sin_Acceso,Reg,Lvl,Inside,Gtl,SawyerW,Norm,1Fam,1Story,7,5,2004,2005,Gable,VinylSd,VinylSd,BrkFace,120.0,TA,TA,PConc,Gd,TA,No,GLQ,680,Unf,0,400,1080,Ex,Y,SBrkr,0,1080,1,0,1,0,3,Gd,Typ,0,Sin_Chimenea,Sin_Garaje,Sin_Garaje,0,Sin_Garaje,Sin_Garaje,Y,0,0,0,0,Sin_Cerca,4,2008,WD,Normal,141000
50,RM,52.0,6240,Sin_Acceso,Reg,Lvl,Inside,Gtl,BrkSide,Norm,1Fam,1.5Fin,5,4,1936,1950,Gable,MetalSd,MetalSd,None,0.0,TA,TA,BrkTil,Gd,TA,No,Unf,0,Unf,0,896,896,Gd,Y,FuseA,448,1344,0,0,1,0,3,TA,Typ,0,Sin_Chimenea,Detchd,Unf,1,Fa,TA,Y,200,114,0,0,Sin_Cerca,4,2006,WD,Normal,115000
20,RL,120.0,10356,Sin_Acceso,Reg,Lvl,Corner,Gtl,CollgCr,Norm,1Fam,1Story,5,6,1975,1975,Gable,HdBoard,HdBoard,None,0.0,TA,TA,CBlock,TA,TA,Av,BLQ,716,Unf,0,253,969,TA,Y,SBrkr,0,969,0,0,1,1,3,TA,Typ,0,Sin_Chimenea,Attchd,Unf,2,TA,TA,Y,0,0,0,0,MnPrv,1,2007,WD,Normal,122000
20,RL,107.0,13891,Sin_Acceso,Reg,Lvl,Inside,Gtl,NridgHt,Norm,1Fam,1Story,8,5,2007,2008,Hip,VinylSd,VinylSd,Stone,436.0,Gd,TA,PConc,Ex,TA,Gd,GLQ,1400,Unf,0,310,1710,Ex,Y,SBrkr,0,1710,1,0,2,0,2,Gd,Typ,1,Gd,Attchd,RFn,3,TA,TA,Y,0,102,0,0,Sin_Cerca,1,2008,New,Partial,372402
60,RL,80.0,14803,Sin_Acceso,IR1,Lvl,CulDSac,Gtl,NWAmes,Norm,1Fam,2Story,6,5,1971,1971,Gable,HdBoard,HdBoard,BrkFace,252.0,TA,TA,CBlock,TA,TA,No,Rec,416,Unf,0,409,825,Gd,Y,SBrkr,896,1993,0,0,2,1,4,TA,Typ,1,Gd,Attchd,RFn,2,TA,TA,Y,0,66,0,0,GdWo,6,2006,WD,Normal,190000
20,RL,80.0,13500,Sin_Acceso,Reg,Lvl,Inside,Gtl,ClearCr,Norm,1Fam,1Story,6,7,1960,1975,Flat,BrkFace,Plywood,None,0.0,TA,TA,CBlock,Gd,TA,Gd,BLQ,429,ALQ,1080,93,1602,Gd,Y,SBrkr,0,1252,1,0,1,0,1,TA,Typ,1,Gd,Attchd,RFn,2,TA,TA,Y,409,0,0,0,Sin_Cerca,3,2008,WD,Normal,235000
30,RM,84.0,11340,Sin_Acceso,Reg,Lvl,Corner,Gtl,OldTown,Norm,1Fam,1Story,6,5,1923,1950,Gable,Wd Sdng,Wd Sdng,None,0.0,TA,TA,BrkTil,TA,TA,No,Unf,0,Unf,0,1200,1200,TA,Y,FuseA,0,1200,0,0,1,0,4,TA,Typ,0,Sin_Chimenea,Detchd,Unf,1,Fa,Fa,Y,0,0,228,0,Sin_Cerca,3,2006,WD,Family,125000
50,RL,60.0,9600,Sin_Acceso,Reg,Lvl,Corner,Gtl,Edwards,Artery,1Fam,1.5Fin,6,5,1924,1950,Gable,Wd Sdng,Wd Sdng,None,0.0,TA,TA,BrkTil,TA,TA,No,Unf,0,Unf,0,572,572,Fa,N,FuseF,524,1096,0,0,1,0,2,TA,Typ,0,Sin_Chimenea,Sin_Garaje,Sin_Garaje,0,Sin_Garaje,Sin_Garaje,N,0,8,128,0,Sin_Cerca,4,2008,WD,Normal,79000
20,RL,60.0,7200,Sin_Acceso,Reg,Lvl,Inside,Gtl,NAmes,Norm,1Fam,1Story,5,7,1950,1950,Hip,Wd Sdng,Wd Sdng,None,0.0,TA,TA,CBlock,Sin_Sotano,Sin_Sotano,Sin_Sotano,Sin_Sotano,0,Sin_Sotano,0,0,0,TA,Y,FuseF,0,1040,0,0,1,0,2,TA,Typ,0,Sin_Chimenea,Detchd,Unf,2,TA,TA,Y,0,0,0,0,Sin_Cerca,6,2006,WD,Normal,109500
60,RL,92.0,12003,Sin_Acceso,Reg,Lvl,Corner,Gtl,Timber,Norm,1Fam,2Story,8,5,2009,2010,Gable,VinylSd,VinylSd,BrkFace,84.0,Gd,TA,PConc,Ex,TA,No,Unf,0,Unf,0,774,774,Ex,Y,SBrkr,1194,1968,0,0,2,1,4,Ex,Typ,1,Gd,BuiltIn,Fin,3,TA,TA,Y,0,75,0,0,Sin_Cerca,5,2010,New,Partial,269500
60,FV,100.0,12552,Sin_Acceso,Reg,Lvl,Corner,Gtl,Somerst,Norm,1Fam,2Story,7,5,2004,2005,Gable,VinylSd,VinylSd,None,0.0,Gd,TA,PConc,Gd,TA,No,GLQ,222,Unf,0,769,991,Ex,Y,SBrkr,956,1947,0,0,2,1,3,Gd,Typ,1,Gd,Attchd,RFn,2,TA,TA,Y,0,136,0,0,GdWo,5,2010,WD,Normal,254900
60,RL,134.0,19378,Sin_Acceso,IR1,HLS,Corner,Gtl,Gilbert,Norm,1Fam,2Story,7,5,2005,2006,Gable,VinylSd,VinylSd,BrkFace,456.0,Gd,TA,PConc,Gd,TA,Mn,GLQ,57,Unf,0,1335,1392,Ex,Y,SBrkr,1070,2462,1,0,2,1,4,Gd,Typ,1,Gd,Attchd,RFn,2,TA,TA,Y,239,132,0,0,Sin_Cerca,3,2006,New,Partial,320000
20,RL,68.0,11120,Sin_Acceso,IR1,Lvl,CulDSac,Gtl,Veenker,Norm,1Fam,1Story,6,6,1984,1984,Gable,Plywood,Plywood,None,0.0,TA,TA,PConc,Gd,TA,No,BLQ,660,Unf,0,572,1232,TA,Y,SBrkr,0,1232,0,0,2,0,3,TA,Typ,0,Sin_Chimenea,Attchd,Unf,2,TA,TA,Y,0,0,0,0,Sin_Cerca,6,2008,WD,Normal,162500
60,RL,110.0,13688,Sin_Acceso,IR1,Lvl,Inside,Gtl,NridgHt,Norm,1Fam,2Story,9,5,2003,2004,Gable,VinylSd,VinylSd,BrkFace,664.0,Gd,TA,PConc,Ex,TA,Av,GLQ,1016,Unf,0,556,1572,Ex,Y,SBrkr,1096,2668,1,0,2,1,3,Ex,Typ,2,Gd,BuiltIn,Fin,3,TA,TA,Y,400,0,0,0,Sin_Cerca,3,2008,WD,Normal,412500
20,RL,95.0,12182,Sin_Acceso,Reg,Lvl,Corner,Gtl,NridgHt,Norm,1Fam,1Story,7,5,2005,2005,Gable,VinylSd,VinylSd,BrkFace,226.0,Gd,TA,PConc,Gd,TA,Mn,BLQ,1201,Unf,0,340,1541,Ex,Y,SBrkr,0,1541,0,0,2,0,3,Gd,Typ,1,Gd,Attchd,RFn,2,TA,TA,Y,0,70,0,0,Sin_Cerca,5,2010,New,Partial,220000
45,RL,55.0,5500,Sin_Acceso,Reg,Lvl,Inside,Gtl,OldTown,Norm,1Fam,1.5Unf,4,6,1956,1956,Gable,MetalSd,MetalSd,None,0.0,TA,TA,CBlock,TA,TA,No,Unf,0,Unf,0,882,882,Ex,Y,SBrkr,0,882,0,0,1,0,1,TA,Typ,0,Sin_Chimenea,Sin_Garaje,Sin_Garaje,0,Sin_Garaje,Sin_Garaje,Y,0,0,0,0,MnPrv,4,2007,WD,Normal,103200
40,RM,40.0,5400,Pave,Reg,Lvl,Corner,Gtl,OldTown,Norm,1Fam,1Story,6,7,1926,2004,Gable,MetalSd,MetalSd,None,0.0,TA,Gd,BrkTil,TA,TA,Mn,LwQ,370,Unf,0,779,1149,Gd,Y,FuseA,467,1616,0,0,2,0,3,Gd,Typ,0,Sin_Chimenea,Detchd,Unf,1,TA,TA,Y,0,0,183,0,Sin_Cerca,10,2007,WD,Normal,152000
190,RL,62.0,10106,Sin_Acceso,Reg,Lvl,Inside,Gtl,Edwards,Norm,2fmCon,1.5Fin,5,7,1940,1999,Gable,Wd Sdng,Wd Sdng,None,0.0,TA,Gd,BrkTil,TA,TA,No,ALQ,351,Rec,181,112,644,Gd,Y,SBrkr,547,1355,1,0,2,0,4,TA,Typ,0,Sin_Chimenea,Sin_Garaje,Sin_Garaje,0,Sin_Garaje,Sin_Garaje,Y,140,0,0,0,Sin_Cerca,9,2008,WD,Normal,127500
20,RL,80.0,10708,Sin_Acceso,IR1,Lvl,Inside,Gtl,ClearCr,Norm,1Fam,1Story,5,5,1955,1993,Hip,Wd Sdng,Wd Sdng,None,0.0,Gd,TA,CBlock,TA,TA,No,LwQ,379,BLQ,768,470,1617,Ex,Y,FuseA,0,1867,1,0,1,0,2,TA,Typ,3,Gd,Attchd,Fin,1,TA,TA,Y,476,0,0,142,GdWo,11,2009,COD,Normal,190000
60,RL,86.0,10562,Sin_Acceso,Reg,Lvl,Inside,Gtl,NridgHt,Norm,1Fam,2Story,8,5,2007,2007,Gable,VinylSd,VinylSd,Stone,300.0,Gd,TA,PConc,Ex,TA,No,GLQ,1288,Unf,0,294,1582,Ex,Y,SBrkr,551,2161,1,0,1,1,3,Ex,Typ,1,Gd,Attchd,Fin,3,TA,TA,Y,178,120,0,0,Sin_Cerca,11,2007,New,Partial,325624
60,RL,62.0,8244,Sin_Acceso,IR1,Lvl,Inside,Gtl,Gilbert,Norm,1Fam,2Story,7,5,2004,2004,Gable,VinylSd,VinylSd,None,0.0,Gd,TA,PConc,Gd,TA,No,Unf,0,Unf,0,840,840,Ex,Y,SBrkr,880,1720,0,0,2,1,3,Gd,Typ,1,Gd,Attchd,Fin,2,TA,TA,Y,100,48,0,0,Sin_Cerca,5,2007,WD,Normal,183500
20,RL,85.0,16669,Sin_Acceso,IR1,Lvl,Corner,Gtl,Timber,Norm,1Fam,1Story,8,6,1981,1981,Hip,Plywood,Plywood,BrkFace,653.0,Gd,TA,CBlock,Gd,TA,No,Unf,0,Unf,0,1686,1686,TA,Y,SBrkr,0,1707,0,0,2,1,2,TA,Typ,1,TA,Attchd,RFn,2,TA,TA,Y,574,64,0,0,Sin_Cerca,1,2006,WD,Normal,228000
50,RM,60.0,12358,Sin_Acceso,IR1,Lvl,Inside,Gtl,OldTown,Feedr,1Fam,1.5Fin,5,6,1941,1950,Gable,MetalSd,MetalSd,None,0.0,TA,TA,CBlock,TA,TA,No,Rec,360,Unf,0,360,720,TA,Y,SBrkr,0,1382,0,0,1,1,2,TA,Typ,0,Sin_Chimenea,Detchd,Unf,2,TA,TA,Y,237,0,0,0,Sin_Cerca,5,2007,WD,Normal,128500
20,RL,141.0,31770,Sin_Acceso,IR1,Lvl,Corner,Gtl,NAmes,Norm,1Fam,1Story,6,5,1960,1960,Hip,BrkFace,Plywood,Stone,112.0,TA,TA,CBlock,TA,Gd,Gd,BLQ,639,Unf,0,441,1080,Fa,Y,SBrkr,0,1656,1,0,1,0,3,TA,Typ,2,Gd,Attchd,Fin,2,TA,TA,P,210,62,0,0,Sin_Cerca,5,2010,WD,Normal,215000
160,RL,44.0,5306,Sin_Acceso,IR1,Lvl,Inside,Gtl,StoneBr,Norm,TwnhsE,2Story,7,7,1987,1987,Gable,HdBoard,HdBoard,None,0.0,Gd,Gd,PConc,Gd,Gd,No,GLQ,495,Rec,215,354,1064,Gd,Y,SBrkr,703,1767,1,0,2,0,2,Gd,Typ,1,TA,Attchd,RFn,2,Gd,TA,Y,441,35,0,0,Sin_Cerca,6,2006,WD,Normal,239000
20,RL,80.0,10197,Sin_Acceso,IR1,Lvl,Inside,Gtl,NAmes,Norm,1Fam,1Story,6,5,1961,1961,Gable,WdShing,Wd Shng,BrkCmn,491.0,TA,TA,CBlock,TA,TA,No,ALQ,288,Rec,374,700,1362,TA,Y,SBrkr,0,1362,1,0,1,1,3,TA,Typ,1,TA,Attchd,Unf,2,TA,TA,Y,0,20,0,0,Sin_Cerca,6,2008,COD,Normal,163000
20,RL,47.0,12416,Sin_Acceso,IR1,Lvl,Inside,Gtl,Timber,Norm,1Fam,1Story,6,5,1986,1986,Gable,VinylSd,Plywood,Stone,132.0,TA,TA,CBlock,Gd,Fa,No,ALQ,1398,LwQ,208,0,1606,TA,Y,SBrkr,0,1651,1,0,2,0,3,TA,Min2,1,TA,Attchd,Fin,2,TA,TA,Y,192,0,0,0,Sin_Cerca,11,2008,WD,Normal,184000
20,RL,84.0,12615,Sin_Acceso,Reg,Lvl,Corner,Gtl,Edwards,Norm,1Fam,1Story,6,7,1950,2001,Gable,WdShing,Wd Shng,None,0.0,TA,TA,CBlock,TA,Gd,Av,ALQ,477,Unf,0,725,1202,TA,Y,SBrkr,0,2158,1,0,2,0,4,Gd,Typ,1,Gd,Attchd,Unf,2,TA,TA,Y,0,29,39,0,MnPrv,6,2007,WD,Normal,243000
60,RL,97.0,10029,Sin_Acceso,IR1,Lvl,Corner,Gtl,ClearCr,Norm,1Fam,2Story,6,5,1988,1989,Gable,Plywood,Plywood,BrkFace,268.0,Gd,TA,PConc,Gd,TA,No,GLQ,831,Unf,0,320,1151,TA,Y,SBrkr,896,2060,0,1,2,1,4,TA,Typ,1,TA,Attchd,Unf,2,TA,TA,Y,0,228,0,192,Sin_Cerca,9,2007,WD,Normal,211000
50,RL,71.0,13650,Sin_Acceso,Reg,Lvl,Inside,Gtl,Sawyer,Norm,1Fam,1.5Fin,5,5,1958,1958,Gable,MetalSd,MetalSd,None,0.0,Gd,Gd,CBlock,TA,TA,No,ALQ,57,BLQ,441,554,1052,Ex,Y,SBrkr,668,1920,1,0,2,0,4,Gd,Typ,1,Gd,Attchd,Unf,2,TA,TA,Y,0,0,0,0,Sin_Cerca,7,2006,WD,Normal,172500
20,RL,63.0,17423,Sin_Acceso,IR1,Lvl,CulDSac,Gtl,StoneBr,Norm,1Fam,1Story,9,5,2008,2009,Hip,VinylSd,VinylSd,Stone,748.0,Ex,TA,PConc,Ex,TA,No,GLQ,1904,Unf,0,312,2216,Ex,Y,SBrkr,0,2234,1,0,2,0,1,Ex,Typ,1,Gd,Attchd,Fin,3,TA,TA,Y,0,60,0,0,Sin_Cerca,7,2009,New,Partial,501837
30,RM,60.0,8520,Sin_Acceso,Reg,Lvl,Inside,Gtl,OldTown,Norm,1Fam,1Story,5,6,1923,2006,Gable,Wd Sdng,Wd Sdng,None,0.0,Gd,TA,CBlock,TA,TA,No,Unf,0,Unf,0,968,968,TA,Y,SBrkr,0,968,0,0,1,0,2,TA,Typ,0,Sin_Chimenea,Detchd,Unf,2,Fa,TA,N,0,0,184,0,Sin_Cerca,7,2007,WD,Normal,100000
160,FV,73.5,2117,Sin_Acceso,Reg,Lvl,Inside,Gtl,Somerst,Norm,Twnhs,2Story,6,5,2000,2000,Gable,MetalSd,MetalSd,BrkFace,456.0,Gd,TA,PConc,Gd,TA,No,GLQ,436,Unf,0,320,756,Ex,Y,SBrkr,756,1525,0,0,2,1,3,Gd,Typ,1,TA,Detchd,Unf,2,TA,TA,Y,0,0,0,0,Sin_Cerca,6,2007,WD,Normal,177000
70,RL,54.0,7588,Sin_Acceso,Reg,Lvl,Inside,Gtl,Crawfor,Norm,1Fam,2Story,7,6,1920,1950,Gable,Stucco,Stucco,None,0.0,TA,TA,BrkTil,Fa,TA,No,LwQ,352,Unf,0,441,793,Gd,Y,SBrkr,901,1802,0,0,1,1,4,TA,Typ,1,Gd,Detchd,Unf,1,Fa,TA,Y,0,0,40,0,Sin_Cerca,7,2006,WD,Normal,200100
20,RL,60.0,9060,Sin_Acceso,Reg,Lvl,Inside,Gtl,Edwards,Artery,1Fam,1Story,5,6,1957,2006,Hip,Wd Sdng,Wd Sdng,BrkFace,98.0,TA,TA,PConc,Sin_Sotano,Sin_Sotano,Sin_Sotano,Sin_Sotano,0,Sin_Sotano,0,0,0,Ex,Y,SBrkr,0,1340,0,0,1,0,3,TA,Typ,1,Gd,Attchd,RFn,1,TA,TA,Y,116,0,0,0,MnPrv,6,2007,WD,Normal,120000
50,RM,63.0,11426,Sin_Acceso,Reg,Lvl,Inside,Gtl,OldTown,Norm,1Fam,1.5Fin,7,5,2003,2003,Gable,VinylSd,VinylSd,None,0.0,TA,TA,PConc,Gd,TA,No,Unf,0,Unf,0,1362,1362,Ex,Y,SBrkr,720,2082,0,0,2,1,3,Gd,Mod,0,Sin_Chimenea,Detchd,Unf,2,TA,TA,N,280,238,0,0,Sin_Cerca,6,2008,WD,Normal,200000
50,RL,92.0,7438,Sin_Acceso,IR1,Lvl,Inside,Gtl,BrkSide,RRAn,1Fam,1.5Fin,5,8,1908,1991,Gable,AsbShng,Plywood,None,0.0,TA,TA,PConc,Fa,TA,No,Unf,0,Unf,0,504,504,Gd,Y,SBrkr,316,1252,0,0,1,0,3,TA,Typ,0,Sin_Chimenea,Attchd,Unf,2,TA,TA,Y,104,0,0,0,MnPrv,6,2006,WD,Normal,127000
75,RM,90.0,22950,Sin_Acceso,IR2,Lvl,Inside,Gtl,OldTown,Artery,1Fam,2.5Fin,10,9,1892,1993,Gable,Wd Sdng,Wd Sdng,None,0.0,Gd,Gd,BrkTil,TA,TA,Mn,Unf,0,Unf,0,1107,1107,Ex,Y,SBrkr,1518,3608,0,0,2,1,4,Ex,Typ,2,TA,Detchd,Unf,3,Ex,TA,Y,0,260,0,410,GdPrv,6,2006,WD,Normal,475000
80,RL,73.0,9947,Sin_Acceso,IR1,Lvl,CulDSac,Gtl,Mitchel,Norm,1Fam,SLvl,7,5,1990,1991,Gable,HdBoard,HdBoard,None,0.0,TA,TA,PConc,Gd,TA,Av,GLQ,611,Unf,0,577,1188,Ex,Y,SBrkr,0,1217,1,0,2,0,3,Gd,Typ,0,Sin_Chimenea,Attchd,Unf,2,TA,TA,Y,168,27,0,0,GdPrv,6,2009,WD,Normal,173000
50,RL,60.0,10410,Sin_Acceso,Reg,Lvl,Inside,Gtl,OldTown,Norm,1Fam,1.5Fin,5,7,1916,1987,Gable,HdBoard,HdBoard,None,0.0,TA,TA,CBlock,Fa,TA,No,Unf,0,Unf,0,660,660,Ex,Y,SBrkr,704,1656,0,0,2,1,3,TA,Min2,0,Sin_Chimenea,Detchd,Unf,1,Fa,Fa,N,0,0,0,0,MnPrv,8,2009,WD,Normal,135000
90,RL,64.0,7018,Sin_Acceso,Reg,Bnk,Inside,Gtl,SawyerW,Feedr,Duplex,SFoyer,5,5,1979,1979,Gable,Plywood,Plywood,Stone,275.0,TA,TA,CBlock,Gd,TA,Av,GLQ,1086,Unf,0,0,1086,TA,Y,SBrkr,0,1224,2,0,0,2,2,TA,Typ,2,TA,Detchd,Unf,2,TA,TA,Y,120,0,0,0,Sin_Cerca,6,2009,WD,Alloca,153337
120,RL,41.0,4923,Sin_Acceso,Reg,Lvl,Inside,Gtl,StoneBr,Norm,TwnhsE,1Story,8,5,2001,2002,Gable,CemntBd,CmentBd,None,0.0,Gd,TA,PConc,Ex,TA,Av,GLQ,1153,Unf,0,440,1593,Ex,Y,SBrkr,0,1593,1,0,1,1,0,Ex,Typ,1,Gd,Attchd,Fin,2,TA,TA,Y,0,120,0,224,Sin_Cerca,8,2008,WD,Normal,286000
70,RL,70.0,10570,Sin_Acceso,Reg,Bnk,Inside,Mod,Crawfor,Norm,1Fam,2Story,8,8,1932,1994,Hip,BrkFace,BrkFace,None,0.0,Gd,TA,CBlock,Gd,Gd,No,Rec,297,Unf,0,556,853,TA,Y,SBrkr,1178,2727,0,0,2,1,3,Gd,Maj1,2,TA,Detchd,Unf,2,TA,TA,Y,0,74,0,0,Sin_Cerca,12,2007,WD,Normal,315000
60,RL,73.0,7472,Sin_Acceso,IR1,Lvl,CulDSac,Gtl,NAmes,Norm,1Fam,2Story,7,9,1972,2004,Gable,HdBoard,HdBoard,BrkFace,138.0,TA,TA,CBlock,TA,TA,No,ALQ,626,Unf,0,99,725,Gd,Y,SBrkr,754,1479,1,0,1,1,4,Gd,Typ,0,Sin_Chimenea,Attchd,Fin,2,TA,TA,Y,0,32,0,0,Sin_Cerca,6,2007,WD,Normal,184000
20,RL,68.0,9017,Sin_Acceso,IR1,Lvl,Inside,Gtl,CollgCr,Norm,1Fam,1Story,7,5,1999,1999,Gable,VinylSd,VinylSd,None,0.0,Gd,TA,PConc,Gd,TA,Av,GLQ,560,Unf,0,871,1431,Ex,Y,SBrkr,0,1431,1,0,2,0,3,Gd,Typ,0,Sin_Chimenea,Attchd,Fin,2,TA,TA,Y,0,35,0,0,Sin_Cerca,9,2009,WD,Normal,192000
160,RM,24.0,2522,Sin_Acceso,Reg,Lvl,Inside,Gtl,Edwards,Norm,Twnhs,2Story,7,5,2004,2004,Gable,VinylSd,VinylSd,Stone,50.0,Gd,TA,PConc,Gd,TA,No,Unf,0,Unf,0,970,970,Ex,Y,SBrkr,739,1709,0,0,2,0,3,Gd,Maj1,0,Sin_Chimenea,Detchd,Unf,2,TA,TA,Y,0,40,0,0,Sin_Cerca,5,2006,WD,Normal,130000
20,RL,60.0,7180,Sin_Acceso,IR1,Lvl,Inside,Gtl,CollgCr,Norm,1Fam,1Story,5,7,1972,1972,Hip,HdBoard,HdBoard,None,0.0,TA,TA,CBlock,TA,TA,Av,ALQ,390,Unf,0,474,864,TA,Y,SBrkr,0,864,0,0,1,0,3,TA,Typ,0,Sin_Chimenea,Detchd,Unf,1,TA,TA,Y,0,0,0,0,Sin_Cerca,5,2008,WD,Normal,127000
160,RL,24.0,2280,Sin_Acceso,Reg,Lvl,FR2,Gtl,NPkVill,Norm,Twnhs,2Story,6,6,1976,1976,Gable,Plywood,Brk Cmn,None,0.0,TA,TA,CBlock,Gd,TA,No,ALQ,566,Unf,0,289,855,TA,Y,SBrkr,601,1456,0,0,2,1,3,TA,Typ,1,TA,Attchd,Unf,2,TA,TA,Y,87,0,0,0,Sin_Cerca,7,2009,WD,Normal,148500
20,RL,79.0,9416,Sin_Acceso,Reg,Lvl,Inside,Gtl,Somerst,Norm,1Fam,1Story,7,5,2007,2007,Hip,CemntBd,CmentBd,Stone,205.0,Ex,TA,PConc,Ex,TA,No,GLQ,1126,Unf,0,600,1726,Ex,Y,SBrkr,0,1726,1,0,2,0,3,Ex,Typ,1,Gd,Attchd,Fin,3,TA,TA,Y,171,138,0,266,Sin_Cerca,9,2007,New,Partial,311872
75,RL,174.0,25419,Sin_Acceso,Reg,Lvl,Corner,Gtl,NAmes,Artery,1Fam,2Story,8,4,1918,1990,Gable,Stucco,Stucco,None,0.0,Gd,Gd,PConc,TA,TA,No,GLQ,1036,LwQ,184,140,1360,Gd,Y,SBrkr,1360,3112,1,1,2,0,4,Gd,Typ,1,Ex,Detchd,Unf,2,TA,TA,Y,0,16,552,0,GdPrv,3,2006,WD,Abnorml,235000
75,RM,92.0,5520,Sin_Acceso,Reg,Lvl,Corner,Gtl,OldTown,Norm,1Fam,2.5Fin,6,6,1912,1950,Gable,Wd Sdng,Wd Sdng,None,0.0,TA,TA,CBlock,TA,TA,No,Unf,0,Unf,0,755,755,Ex,Y,SBrkr,929,2229,0,0,1,0,5,TA,Typ,0,Sin_Chimenea,Sin_Garaje,Sin_Garaje,0,Sin_Garaje,Sin_Garaje,Y,0,198,30,0,MnPrv,7,2009,WD,Abnorml,104000
20,RL,76.0,9591,Sin_Acceso,Reg,Lvl,Inside,Gtl,NridgHt,Norm,1Fam,1Story,8,5,2004,2005,Hip,VinylSd,VinylSd,BrkFace,262.0,Gd,TA,PConc,Ex,TA,Av,GLQ,1088,Unf,0,625,1713,Ex,Y,SBrkr,0,1713,1,0,2,0,3,Ex,Typ,1,Gd,Attchd,Fin,3,TA,TA,Y,0,26,0,170,Sin_Cerca,1,2009,WD,Normal,274900
20,RM,80.0,8546,Sin_Acceso,Reg,Lvl,Corner,Gtl,Edwards,Norm,1Fam,1Story,4,5,2003,2004,Gable,VinylSd,VinylSd,None,0.0,TA,TA,PConc,Gd,TA,No,Unf,0,Unf,0,1121,1121,Ex,Y,SBrkr,0,1121,0,0,2,0,2,TA,Typ,0,Sin_Chimenea,Attchd,RFn,2,TA,TA,Y,132,64,0,0,Sin_Cerca,3,2010,WD,Normal,140000
20,RL,75.0,10125,Sin_Acceso,Reg,Lvl,Inside,Gtl,Mitchel,Norm,1Fam,1Story,6,6,1977,1977,Gable,Plywood,Plywood,None,0.0,TA,TA,CBlock,TA,TA,No,ALQ,641,LwQ,279,276,1196,TA,Y,SBrkr,0,1279,0,1,2,0,3,TA,Typ,2,Fa,Detchd,Unf,2,TA,TA,Y,238,83,0,0,MnPrv,2,2008,WD,Normal,171500
50,RL,50.0,7000,Sin_Acceso,Reg,Lvl,Corner,Gtl,OldTown,Artery,1Fam,1.5Fin,6,6,1924,1950,Gable,MetalSd,MetalSd,None,0.0,TA,Gd,BrkTil,Fa,TA,No,LwQ,617,Unf,0,0,617,Gd,Y,SBrkr,445,1310,0,0,2,0,2,TA,Min1,0,Sin_Chimenea,Attchd,Unf,1,TA,TA,Y,0,0,126,0,Sin_Cerca,5,2006,COD,Normal,112000
120,RM,70.0,4438,Sin_Acceso,Reg,Lvl,Inside,Gtl,CollgCr,Norm,TwnhsE,1Story,6,5,2004,2004,Gable,VinylSd,VinylSd,BrkFace,205.0,Gd,TA,PConc,Gd,TA,Av,GLQ,662,Unf,0,186,848,Ex,Y,SBrkr,0,848,1,0,1,0,1,Gd,Typ,1,Gd,Attchd,RFn,2,TA,TA,Y,149,0,0,0,Sin_Cerca,1,2008,WD,Normal,149000
50,RM,50.0,3500,Grvl,Reg,Lvl,Inside,Gtl,OldTown,Norm,1Fam,1.5Fin,5,7,1947,1950,Gable,AsbShng,AsbShng,None,0.0,TA,TA,CBlock,TA,TA,No,LwQ,312,Unf,0,408,720,TA,Y,SBrkr,564,1284,0,0,1,1,2,TA,Typ,0,Sin_Chimenea,Detchd,Unf,1,TA,TA,Y,0,35,0,0,MnWw,4,2009,WD,Normal,110000
20,RL,99.0,11851,Sin_Acceso,Reg,Lvl,Corner,Gtl,Gilbert,Norm,1Fam,1Story,7,5,1990,1990,Gable,HdBoard,HdBoard,None,0.0,TA,TA,PConc,Gd,TA,No,Unf,0,Unf,0,1424,1424,Ex,Y,SBrkr,0,1442,0,0,2,0,3,TA,Typ,0,Sin_Chimenea,Attchd,RFn,2,TA,TA,Y,0,34,0,0,Sin_Cerca,5,2009,WD,Normal,180500
20,RL,40.0,13673,Sin_Acceso,IR1,Lvl,CulDSac,Gtl,Sawyer,RRAe,1Fam,1Story,5,5,1962,1962,Gable,HdBoard,HdBoard,None,0.0,TA,Gd,CBlock,TA,TA,No,Unf,0,Unf,0,1140,1140,TA,Y,SBrkr,0,1696,0,0,1,1,3,TA,Min2,1,TA,Attchd,RFn,1,TA,TA,Y,0,30,0,0,Sin_Cerca,3,2007,WD,Normal,143900
20,RL,73.0,12493,Sin_Acceso,IR1,Lvl,Inside,Gtl,NAmes,Norm,1Fam,1Story,4,5,1960,1960,Gable,Wd Sdng,Wd Sdng,None,0.0,TA,TA,PConc,TA,TA,No,ALQ,419,Rec,306,375,1100,TA,Y,SBrkr,0,1100,1,0,1,0,3,TA,Typ,1,Po,Attchd,RFn,1,TA,TA,Y,355,0,0,0,GdWo,4,2008,WD,Normal,141000
60,RL,66.5,14364,Sin_Acceso,IR1,Low,Inside,Mod,SawyerW,Norm,1Fam,2Story,7,5,1988,1989,Gable,Plywood,Plywood,BrkFace,128.0,Gd,TA,CBlock,Gd,TA,Gd,GLQ,1065,Unf,0,92,1157,Ex,Y,SBrkr,882,2062,1,0,2,1,3,TA,Typ,1,Gd,Attchd,Fin,2,TA,TA,Y,60,55,0,154,Sin_Cerca,4,2007,WD,Normal,277000
20,RL,75.0,8250,Sin_Acceso,Reg,Lvl,Inside,Gtl,NAmes,Norm,1Fam,1Story,6,7,1964,1964,Hip,HdBoard,HdBoard,Stone,260.0,TA,TA,CBlock,Gd,TA,No,Rec,787,Unf,0,305,1092,Ex,Y,SBrkr,0,1092,1,0,1,0,3,TA,Typ,0,Sin_Chimenea,Attchd,RFn,2,TA,Gd,Y,0,0,0,0,MnPrv,7,2008,WD,Normal,145000
30,RL,67.0,5604,Sin_Acceso,Reg,Lvl,Inside,Gtl,Edwards,Norm,1Fam,1Story,5,6,1925,1950,Gable,Stucco,Stucco,None,0.0,TA,TA,CBlock,TA,TA,No,Rec,468,Unf,0,396,864,TA,N,FuseA,0,864,1,0,1,0,2,TA,Typ,0,Sin_Chimenea,Sin_Garaje,Sin_Garaje,0,Sin_Garaje,Sin_Garaje,Y,0,0,96,0,Sin_Cerca,4,2008,WD,Normal,98000
20,RL,83.0,10420,Sin_Acceso,Reg,Lvl,Corner,Gtl,Edwards,Norm,1Fam,1Story,6,5,2009,2009,Gable,VinylSd,VinylSd,None,0.0,TA,TA,PConc,Gd,TA,Mn,GLQ,36,Unf,0,1176,1212,Ex,Y,SBrkr,0,1212,0,0,2,0,3,Gd,Typ,0,Sin_Chimenea,Attchd,RFn,2,TA,TA,Y,100,22,0,0,Sin_Cerca,3,2010,WD,Normal,186000
60,FV,72.0,8640,Sin_Acceso,Reg,Lvl,Inside,Gtl,Somerst,Norm,1Fam,2Story,7,5,2009,2009,Gable,VinylSd,VinylSd,None,0.0,TA,TA,PConc,Gd,TA,No,GLQ,822,Unf,0,78,900,Ex,Y,SBrkr,920,1852,1,0,2,1,3,Gd,Typ,1,TA,Attchd,RFn,2,TA,TA,Y,168,108,0,0,Sin_Cerca,7,2009,New,Partial,252678
20,RL,43.0,13568,Sin_Acceso,IR2,Lvl,CulDSac,Gtl,CollgCr,Norm,1Fam,1Story,5,5,1995,1995,Gable,VinylSd,VinylSd,None,0.0,TA,TA,PConc,Gd,TA,No,ALQ,716,Unf,0,274,990,Ex,Y,SBrkr,0,990,0,1,1,0,3,TA,Typ,0,Sin_Chimenea,Attchd,Unf,2,TA,TA,Y,224,0,0,0,Sin_Cerca,7,2006,WD,Normal,156000
60,RL,70.0,10900,Sin_Acceso,IR1,Lvl,FR2,Gtl,CollgCr,Norm,1Fam,2Story,6,7,1977,1977,Gable,HdBoard,HdBoard,BrkFace,153.0,TA,TA,CBlock,Gd,TA,No,GLQ,378,Unf,0,311,689,Ex,Y,SBrkr,703,1392,0,0,1,1,3,TA,Typ,0,Sin_Chimenea,Attchd,Fin,1,TA,TA,Y,0,36,0,0,MnPrv,3,2010,WD,Normal,161750
20,RL,72.0,10011,Sin_Acceso,IR1,Lvl,Inside,Gtl,NAmes,Norm,1Fam,1Story,5,6,1957,1996,Gable,HdBoard,HdBoard,BrkFace,64.0,TA,TA,CBlock,TA,TA,No,BLQ,360,Unf,0,710,1070,TA,Y,SBrkr,0,1236,0,1,1,0,2,Gd,Min1,1,Fa,Attchd,Unf,1,TA,TA,Y,0,0,0,0,MnPrv,5,2006,WD,Normal,134450
20,RL,65.0,8450,Sin_Acceso,Reg,Lvl,Inside,Gtl,CollgCr,Norm,1Fam,1Story,7,5,2004,2004,Gable,VinylSd,VinylSd,BrkFace,266.0,Gd,TA,PConc,Gd,TA,Mn,GLQ,946,Unf,0,490,1436,Ex,Y,SBrkr,0,1436,1,0,2,0,3,Gd,Typ,0,Sin_Chimenea,Attchd,Unf,2,TA,TA,Y,139,98,0,0,Sin_Cerca,4,2008,WD,Normal,210000
70,RM,57.0,9906,Grvl,Reg,Lvl,Inside,Gtl,OldTown,Norm,1Fam,2Story,4,4,1925,1950,Gable,MetalSd,MetalSd,None,0.0,TA,TA,CBlock,TA,TA,No,Unf,0,Unf,0,686,686,Fa,N,SBrkr,518,1328,0,0,1,0,3,TA,Typ,0,Sin_Chimenea,Detchd,Unf,1,TA,TA,Y,0,172,60,0,Sin_Cerca,9,2006,WD,Family,107000
50,RL,74.0,15660,Sin_Acceso,IR1,Lvl,Corner,Gtl,Crawfor,Norm,1Fam,1.5Fin,7,9,1939,2006,Gable,VinylSd,VinylSd,BrkFace,312.0,Gd,Gd,CBlock,TA,TA,No,BLQ,341,Unf,0,457,798,Ex,Y,SBrkr,817,1954,0,1,1,1,3,Gd,Typ,2,TA,Attchd,Unf,2,TA,TA,Y,0,119,150,0,Sin_Cerca,5,2008,WD,Normal,311500
120,RL,43.0,3010,Sin_Acceso,Reg,Lvl,Inside,Gtl,Blmngtn,Norm,TwnhsE,1Story,7,5,2005,2006,Gable,VinylSd,VinylSd,BrkFace,16.0,Gd,TA,PConc,Gd,TA,Av,GLQ,16,Unf,0,1232,1248,Ex,Y,SBrkr,0,1248,0,0,2,0,2,Gd,Typ,0,Sin_Chimenea,Attchd,Fin,2,TA,TA,Y,108,0,0,0,Sin_Cerca,3,2006,New,Partial,167240
20,RL,73.0,8990,Sin_Acceso,IR1,Lvl,Inside,Gtl,CollgCr,Norm,1Fam,1Story,7,5,2006,2006,Gable,VinylSd,VinylSd,None,0.0,Gd,TA,PConc,Gd,TA,Mn,Unf,0,Unf,0,1498,1498,Ex,Y,SBrkr,0,1498,0,0,2,0,2,Gd,Typ,0,Sin_Chimenea,Attchd,RFn,2,TA,TA,Y,351,33,0,0,Sin_Cerca,4,2006,New,Partial,204900
60,RL,65.0,8068,Sin_Acceso,IR1,Lvl,Inside,Gtl,Gilbert,Norm,1Fam,2Story,6,5,2002,2002,Gable,VinylSd,VinylSd,None,0.0,Gd,TA,PConc,Gd,TA,No,Unf,0,Unf,0,1010,1010,Ex,Y,SBrkr,1257,2267,0,0,2,1,4,Gd,Typ,1,TA,BuiltIn,RFn,2,TA,TA,Y,120,46,0,0,Sin_Cerca,12,2009,ConLI,Normal,200000
60,RL,85.0,11475,Sin_Acceso,Reg,Lvl,Inside,Gtl,NWAmes,RRAn,1Fam,2Story,6,6,1975,1975,Gable,VinylSd,VinylSd,None,0.0,TA,TA,CBlock,Gd,TA,No,ALQ,550,Unf,0,163,713,TA,Y,SBrkr,741,1552,1,0,2,1,3,TA,Typ,1,TA,Attchd,RFn,2,TA,TA,Y,209,208,0,0,MnPrv,2,2006,WD,Normal,179900
20,RL,70.0,10500,Sin_Acceso,Reg,Lvl,FR2,Gtl,NAmes,Norm,1Fam,1Story,4,6,1971,1971,Gable,HdBoard,HdBoard,None,0.0,TA,TA,CBlock,TA,TA,No,ALQ,524,LwQ,180,160,864,Gd,Y,SBrkr,0,864,0,0,1,0,2,TA,Typ,0,Sin_Chimenea,Detchd,Unf,2,TA,TA,Y,216,0,0,0,Sin_Cerca,3,2009,WD,Abnorml,97000
20,RL,103.0,13472,Sin_Acceso,Reg,Lvl,Inside,Gtl,NridgHt,Norm,1Fam,1Story,10,5,2003,2003,Hip,VinylSd,VinylSd,BrkFace,922.0,Ex,TA,PConc,Ex,TA,Gd,GLQ,56,Unf,0,2336,2392,Ex,Y,SBrkr,0,2392,0,0,2,0,3,Ex,Typ,1,Ex,Attchd,Fin,3,TA,TA,Y,248,105,0,0,Sin_Cerca,6,2009,WD,Normal,386250
160,RM,21.0,1680,Sin_Acceso,Reg,Lvl,Inside,Gtl,BrDale,Norm,Twnhs,2Story,5,5,1971,1971,Gable,HdBoard,HdBoard,BrkFace,142.0,TA,TA,CBlock,TA,TA,No,Unf,0,Unf,0,630,630,TA,Y,SBrkr,672,1302,0,0,2,1,3,TA,Typ,0,Sin_Chimenea,Detchd,Unf,1,TA,TA,Y,0,0,0,0,Sin_Cerca,5,2009,COD,Abnorml,112000
60,RL,82.0,9950,Sin_Acceso,IR1,Lvl,Inside,Gtl,NoRidge,Norm,1Fam,2Story,7,5,1995,1995,Gable,VinylSd,VinylSd,BrkFace,290.0,Gd,TA,PConc,Gd,TA,No,GLQ,565,Unf,0,638,1203,Ex,Y,SBrkr,1306,2520,0,0,2,1,4,Gd,Typ,1,TA,Attchd,RFn,3,TA,TA,Y,224,114,0,0,Sin_Cerca,6,2007,WD,Abnorml,290000
160,RM,21.0,1869,Sin_Acceso,Reg,Lvl,Inside,Gtl,BrDale,Norm,Twnhs,2Story,6,6,1970,1970,Gable,HdBoard,HdBoard,BrkFace,127.0,TA,TA,CBlock,TA,TA,No,Rec,321,Unf,0,162,483,TA,Y,SBrkr,504,987,0,0,1,1,2,TA,Typ,0,Sin_Chimenea,Detchd,Unf,1,TA,TA,Y,0,0,0,0,Sin_Cerca,9,2008,WD,Normal,106000
20,RL,70.0,8521,Sin_Acceso,Reg,Lvl,FR2,Gtl,Sawyer,Feedr,1Fam,1Story,5,5,1967,1967,Gable,HdBoard,HdBoard,None,0.0,TA,TA,CBlock,TA,TA,No,ALQ,842,Unf,0,70,912,TA,Y,SBrkr,0,912,0,0,1,0,3,TA,Typ,1,Fa,Detchd,Unf,1,TA,TA,Y,0,0,0,0,MnPrv,5,2010,WD,Normal,125000
120,RL,43.0,3182,Sin_Acceso,Reg,Lvl,Inside,Gtl,Blmngtn,Norm,TwnhsE,1Story,7,5,2005,2006,Gable,VinylSd,VinylSd,BrkFace,16.0,Gd,TA,PConc,Gd,TA,Av,GLQ,16,Unf,0,1357,1373,Ex,Y,SBrkr,0,1555,0,0,2,0,2,Gd,Typ,1,TA,Attchd,Fin,2,TA,TA,Y,143,20,0,0,Sin_Cerca,5,2009,WD,Normal,192500
20,RL,73.0,8760,Sin_Acceso,Reg,Lvl,Inside,Gtl,NAmes,Norm,1Fam,1Story,6,6,1959,1959,Hip,MetalSd,MetalSd,BrkFace,220.0,TA,TA,CBlock,TA,TA,No,Unf,0,Unf,0,1194,1194,TA,Y,SBrkr,0,1194,1,0,1,0,3,TA,Typ,0,Sin_Chimenea,Attchd,RFn,1,TA,TA,Y,0,0,120,0,Sin_Cerca,4,2010,WD,Normal,148000
60,RL,174.0,15138,Sin_Acceso,IR1,Lvl,Inside,Gtl,NoRidge,Norm,1Fam,2Story,8,5,1995,1996,Gable,VinylSd,VinylSd,BrkFace,506.0,Gd,TA,PConc,Gd,TA,No,GLQ,689,Unf,0,773,1462,Ex,Y,SBrkr,1304,2794,1,0,2,1,4,Ex,Typ,1,TA,Attchd,Fin,3,TA,TA,Y,0,146,202,0,Sin_Cerca,7,2009,WD,Normal,403000
160,RM,21.0,1680,Sin_Acceso,Reg,Lvl,Inside,Gtl,BrDale,Norm,Twnhs,2Story,6,5,1972,1972,Gable,HdBoard,HdBoard,BrkFace,297.0,TA,TA,CBlock,TA,TA,No,Unf,0,Unf,0,483,483,TA,Y,SBrkr,504,987,0,0,1,1,2,TA,Typ,1,Po,Attchd,Unf,1,TA,TA,Y,0,0,0,0,Sin_Cerca,6,2006,WD,Normal,94500
20,RL,75.0,10650,Sin_Acceso,Reg,Lvl,Corner,Gtl,CollgCr,Norm,1Fam,1Story,5,6,1976,1976,Gable,HdBoard,HdBoard,None,0.0,TA,TA,CBlock,TA,Gd,Av,LwQ,182,ALQ,712,0,894,TA,Y,SBrkr,0,894,1,0,1,0,3,TA,Typ,0,Sin_Chimenea,Attchd,Unf,1,TA,TA,Y,365,0,0,0,MnPrv,2,2010,WD,Normal,128200
60,RL,65.0,7851,Sin_Acceso,Reg,Lvl,Inside,Gtl,Gilbert,Norm,1Fam,2Story,6,5,2002,2002,Gable,VinylSd,VinylSd,None,0.0,Gd,TA,PConc,Gd,TA,No,GLQ,625,Unf,0,235,860,Ex,Y,SBrkr,1100,1960,1,0,2,1,4,Gd,Typ,2,TA,BuiltIn,Fin,2,TA,TA,Y,288,48,0,0,Sin_Cerca,5,2010,WD,Normal,216500
160,RM,21.0,1680,Sin_Acceso,Reg,Lvl,Inside,Gtl,BrDale,Norm,TwnhsE,2Story,6,3,1971,1971,Gable,HdBoard,HdBoard,BrkFace,604.0,TA,TA,CBlock,TA,TA,No,ALQ,358,Unf,0,125,483,TA,Y,SBrkr,504,987,0,0,1,1,2,TA,Typ,0,Sin_Chimenea,Detchd,Unf,1,TA,TA,Y,0,0,0,0,Sin_Cerca,8,2008,WD,Normal,89500
20,RL,65.0,8773,Sin_Acceso,Reg,Lvl,FR2,Gtl,CollgCr,Norm,1Fam,1Story,7,5,2004,2004,Gable,VinylSd,VinylSd,BrkFace,98.0,Gd,TA,PConc,Gd,TA,Av,GLQ,24,Unf,0,1390,1414,Ex,Y,SBrkr,0,1414,0,0,2,0,3,Gd,Typ,0,Sin_Chimenea,Attchd,RFn,2,TA,TA,Y,132,105,0,0,Sin_Cerca,5,2010,WD,Normal,185500
60,RL,66.5,9453,Sin_Acceso,IR1,Lvl,CulDSac,Gtl,SawyerW,RRNe,1Fam,2Story,7,7,1993,2003,Gable,HdBoard,HdBoard,None,0.0,Gd,TA,PConc,Gd,TA,No,BLQ,402,Unf,0,594,996,Ex,Y,SBrkr,730,1744,0,0,2,1,3,Gd,Typ,0,Sin_Chimenea,Attchd,RFn,2,TA,TA,Y,370,70,0,0,Sin_Cerca,2,2010,WD,Normal,194500
20,RL,93.0,12030,Sin_Acceso,Reg,Lvl,Inside,Gtl,NridgHt,Norm,1Fam,1Story,8,5,2007,2007,Hip,VinylSd,VinylSd,BrkFace,254.0,Ex,TA,PConc,Ex,TA,No,Unf,0,Unf,0,1694,1694,Ex,Y,SBrkr,0,1694,0,0,2,0,3,Gd,Typ,0,Sin_Chimenea,Attchd,Fin,3,TA,TA,Y,168,228,0,0,Sin_Cerca,12,2007,New,Partial,318000
50,RL,52.0,8741,Sin_Acceso,Reg,Lvl,Inside,Gtl,Edwards,Norm,1Fam,1.5Fin,6,4,1945,1950,Gable,VinylSd,VinylSd,None,0.0,TA,TA,CBlock,TA,Fa,No,LwQ,94,Unf,0,641,735,TA,Y,FuseA,689,1487,0,0,1,1,3,TA,Typ,1,Gd,Detchd,Unf,1,TA,TA,Y,0,140,0,0,MnPrv,4,2010,WD,Normal,113000
20,FV,75.0,9000,Sin_Acceso,Reg,Lvl,Inside,Gtl,Somerst,Norm,1Fam,1Story,8,5,2008,2008,Gable,VinylSd,VinylSd,Stone,36.0,Gd,TA,PConc,Gd,TA,Av,GLQ,1078,Unf,0,488,1566,Ex,Y,SBrkr,0,1566,1,0,2,0,3,Gd,Typ,0,Sin_Chimenea,Attchd,RFn,2,TA,TA,Y,144,168,0,0,Sin_Cerca,4,2010,WD,Normal,262500
30,RM,40.0,3880,Sin_Acceso,Reg,Lvl,Inside,Gtl,OldTown,Norm,1Fam,1Story,5,9,1945,1997,Gable,VinylSd,VinylSd,None,0.0,TA,Gd,CBlock,TA,TA,No,ALQ,329,Unf,0,357,686,Gd,Y,SBrkr,0,866,0,0,1,0,2,Gd,Typ,0,Sin_Chimenea,Sin_Garaje,Sin_Garaje,0,Sin_Garaje,Sin_Garaje,Y,58,42,0,0,Sin_Cerca,8,2007,WD,Normal,110500
50,RM,63.0,5000,Sin_Acceso,Reg,Lvl,Corner,Gtl,OldTown,Norm,1Fam,1.5Fin,5,4,1900,1950,Gable,Wd Sdng,Wd Sdng,None,0.0,TA,TA,BrkTil,TA,TA,No,Unf,0,Unf,0,540,540,Gd,N,FuseA,551,1440,0,0,1,0,3,TA,Typ,0,Sin_Chimenea,Attchd,Unf,1,Fa,TA,Y,0,0,77,0,Sin_Cerca,4,2006,WD,Normal,79000
160,RL,75.0,10762,Sin_Acceso,Reg,Lvl,Corner,Gtl,SawyerW,Norm,TwnhsE,2Story,6,6,1980,1980,Gable,Plywood,Plywood,None,0.0,TA,TA,CBlock,Gd,TA,No,Unf,0,Unf,0,626,626,TA,Y,SBrkr,591,1217,0,0,1,1,3,TA,Typ,1,TA,Attchd,RFn,1,TA,TA,Y,0,28,0,0,Sin_Cerca,4,2009,WD,Normal,120000
60,RL,66.5,8880,Sin_Acceso,IR1,Lvl,Inside,Gtl,SawyerW,Norm,1Fam,2Story,7,5,1994,2002,Gable,VinylSd,VinylSd,None,0.0,Gd,TA,PConc,Gd,TA,No,GLQ,695,Unf,0,253,948,Ex,Y,SBrkr,888,2110,1,0,2,1,3,Gd,Typ,2,Fa,Attchd,RFn,2,TA,TA,Y,0,130,0,0,Sin_Cerca,5,2010,WD,Normal,205000
20,RL,80.0,10400,Sin_Acceso,Reg,Lvl,Inside,Gtl,NWAmes,Norm,1Fam,1Story,7,5,1988,1988,Gable,Wd Sdng,Wd Sdng,BrkFace,102.0,TA,TA,CBlock,Gd,TA,Av,GLQ,929,Unf,0,916,1845,Gd,Y,SBrkr,0,1872,0,1,2,0,3,TA,Typ,1,TA,Attchd,Fin,2,TA,TA,Y,197,39,0,0,Sin_Cerca,6,2006,WD,Normal,241500
190,RM,69.0,9142,Grvl,Reg,Lvl,Inside,Gtl,OldTown,Norm,2fmCon,2Story,6,8,1910,1950,Gable,AsbShng,AsbShng,None,0.0,TA,Fa,Stone,Fa,TA,No,Unf,0,Unf,0,1020,1020,Gd,N,FuseP,1020,1928,0,0,2,0,4,Fa,Typ,0,Sin_Chimenea,Detchd,Unf,1,Po,Po,Y,0,60,112,0,Sin_Cerca,4,2006,WD,Normal,137000
20,RL,75.0,11310,Sin_Acceso,Reg,Lvl,Inside,Gtl,NAmes,Norm,1Fam,1Story,6,5,1954,1954,Hip,Wd Sdng,BrkFace,None,0.0,TA,TA,CBlock,TA,TA,No,Unf,0,Unf,0,1367,1367,Ex,Y,SBrkr,0,1375,0,0,1,0,2,TA,Typ,1,TA,Attchd,Unf,2,TA,TA,Y,0,30,0,0,Sin_Cerca,6,2006,WD,Normal,140000
60,RL,72.0,11317,Sin_Acceso,Reg,Lvl,Inside,Gtl,CollgCr,Norm,1Fam,2Story,7,5,2003,2003,Gable,VinylSd,VinylSd,BrkFace,101.0,Gd,TA,PConc,Gd,TA,No,Unf,0,Unf,0,840,840,Ex,Y,SBrkr,828,1668,0,0,2,1,3,Gd,Typ,0,Sin_Chimenea,Attchd,RFn,2,TA,TA,Y,144,68,0,0,Sin_Cerca,9,2007,WD,Normal,180000
50,RL,80.0,159000,Sin_Acceso,IR2,Low,CulDSac,Sev,ClearCr,Norm,1Fam,1.5Fin,6,7,1958,2006,Gable,Wd Sdng,HdBoard,BrkCmn,472.0,Gd,TA,CBlock,Gd,TA,Gd,Rec,697,Unf,0,747,1444,Gd,Y,SBrkr,700,2144,0,1,2,0,4,Gd,Typ,2,TA,Attchd,Fin,2,TA,TA,Y,0,98,0,0,Sin_Cerca,6,2007,WD,Normal,277000
30,RL,55.0,5350,Sin_Acceso,IR1,Lvl,Inside,Gtl,BrkSide,Norm,1Fam,1Story,3,2,1940,1966,Gable,Wd Sdng,Plywood,None,0.0,TA,Po,CBlock,TA,TA,No,Unf,0,Unf,0,728,728,Ex,Y,SBrkr,0,1306,0,0,1,0,3,Fa,Mod,0,Sin_Chimenea,Sin_Garaje,Sin_Garaje,0,Sin_Garaje,Sin_Garaje,Y,263,0,0,0,GdWo,5,2010,WD,Normal,76500
120,RM,44.0,4750,Sin_Acceso,IR1,HLS,Inside,Mod,Crawfor,Norm,TwnhsE,1Story,8,5,2006,2007,Hip,VinylSd,VinylSd,Stone,481.0,Gd,TA,PConc,Gd,TA,Gd,GLQ,1573,Unf,0,0,1573,Ex,Y,SBrkr,0,1625,1,1,2,0,2,Gd,Typ,1,Gd,Attchd,Fin,2,TA,TA,Y,123,0,0,153,Sin_Cerca,12,2007,WD,Family,235000
60,RL,65.0,8366,Sin_Acceso,IR1,Lvl,Inside,Gtl,SawyerW,Norm,1Fam,2Story,6,5,2004,2004,Gable,VinylSd,VinylSd,None,0.0,Gd,TA,PConc,Gd,TA,No,Unf,0,Unf,0,798,798,Ex,Y,SBrkr,842,1640,0,0,2,1,3,Gd,Typ,0,Sin_Chimenea,Attchd,RFn,2,TA,TA,Y,138,45,0,0,Sin_Cerca,12,2008,WD,Normal,173000
80,RL,85.0,9350,Sin_Acceso,Reg,Lvl,Inside,Gtl,NAmes,Norm,1Fam,SLvl,6,7,1964,1991,Hip,HdBoard,HdBoard,BrkFace,108.0,TA,TA,CBlock,Gd,TA,Gd,LwQ,270,ALQ,580,452,1302,Ex,Y,SBrkr,0,1302,0,1,2,0,3,Gd,Min1,0,Sin_Chimenea,Attchd,RFn,1,TA,TA,Y,333,0,0,0,MnPrv,10,2007,CWD,Normal,158000
20,RL,70.0,8400,Sin_Acceso,Reg,Lvl,Inside,Gtl,NAmes,Norm,1Fam,1Story,5,6,1957,1957,Gable,MetalSd,MetalSd,None,0.0,TA,Gd,CBlock,TA,TA,No,Rec,922,Unf,0,392,1314,TA,Y,SBrkr,0,1314,1,0,1,0,3,TA,Typ,0,Sin_Chimenea,Attchd,RFn,1,TA,TA,Y,250,0,0,0,Sin_Cerca,6,2010,WD,Normal,145000
60,RL,66.0,8738,Sin_Acceso,IR1,Lvl,Inside,Gtl,Gilbert,Norm,1Fam,2Story,7,5,1999,1999,Gable,VinylSd,VinylSd,BrkFace,302.0,Gd,TA,PConc,Gd,TA,No,Unf,0,Unf,0,975,975,Ex,Y,SBrkr,1286,2291,0,0,2,1,4,Gd,Typ,1,TA,BuiltIn,Fin,2,TA,TA,Y,192,0,0,0,Sin_Cerca,2,2006,WD,Normal,230000
60,FV,64.0,8791,Sin_Acceso,IR1,Lvl,Inside,Gtl,Somerst,Norm,1Fam,2Story,6,5,2003,2003,Gable,VinylSd,VinylSd,None,0.0,Gd,TA,PConc,Gd,TA,No,Rec,503,Unf,0,361,864,Ex,Y,SBrkr,864,1728,0,0,2,1,3,Gd,Typ,0,Sin_Chimenea,Attchd,RFn,2,TA,TA,Y,216,56,0,0,Sin_Cerca,5,2008,WD,Normal,207500
20,RL,68.0,8814,Sin_Acceso,Reg,Lvl,Inside,Gtl,CollgCr,Norm,1Fam,1Story,7,5,2006,2006,Gable,VinylSd,VinylSd,Stone,180.0,Gd,TA,PConc,Gd,TA,No,GLQ,1334,Unf,0,270,1604,Ex,Y,SBrkr,0,1604,1,0,2,1,3,Gd,Typ,1,Gd,Attchd,RFn,2,TA,TA,Y,123,110,0,0,Sin_Cerca,3,2009,WD,Abnorml,220000
60,RL,80.0,12435,Sin_Acceso,Reg,Lvl,Inside,Gtl,CollgCr,Norm,1Fam,2Story,7,5,2001,2001,Gable,VinylSd,VinylSd,BrkFace,172.0,Gd,TA,PConc,Gd,TA,No,GLQ,361,Unf,0,602,963,Ex,Y,SBrkr,829,1792,0,0,2,1,3,Gd,Typ,1,TA,Attchd,RFn,2,TA,TA,Y,0,96,0,0,Sin_Cerca,5,2008,WD,Normal,231500
20,RM,70.0,12702,Sin_Acceso,Reg,Lvl,Inside,Gtl,OldTown,Norm,1Fam,1Story,5,5,1956,1956,Gable,BrkFace,BrkFace,None,0.0,TA,TA,PConc,Sin_Sotano,Sin_Sotano,Sin_Sotano,Sin_Sotano,0,Sin_Sotano,0,0,0,Gd,Y,FuseA,0,882,0,0,1,0,2,TA,Typ,0,Sin_Chimenea,Detchd,Unf,1,TA,TA,Y,0,45,0,0,Sin_Cerca,12,2008,WD,Normal,97000
80,RL,120.0,19296,Sin_Acceso,Reg,Lvl,Corner,Gtl,NAmes,Artery,1Fam,SLvl,6,5,1962,1962,Gable,Wd Sdng,Wd Sdng,BrkFace,399.0,TA,TA,CBlock,TA,TA,Gd,Rec,672,ALQ,690,0,1362,TA,Y,SBrkr,0,1382,1,0,1,0,3,TA,Typ,1,TA,Attchd,Unf,2,TA,TA,Y,0,0,252,0,GdWo,5,2009,WD,Normal,176000
60,RL,69.0,9588,Sin_Acceso,IR1,Lvl,Inside,Gtl,CollgCr,Norm,1Fam,2Story,8,5,2007,2007,Gable,CemntBd,CmentBd,Stone,270.0,Gd,TA,PConc,Ex,TA,No,Unf,0,Unf,0,1482,1482,Ex,Y,SBrkr,1092,2574,0,0,2,1,3,Ex,Typ,1,Gd,BuiltIn,Fin,3,TA,TA,Y,0,148,0,0,Sin_Cerca,11,2007,New,Partial,276000
80,RL,88.0,8471,Sin_Acceso,IR1,Lvl,Corner,Gtl,Sawyer,Norm,1Fam,SLvl,6,7,1977,1995,Gable,HdBoard,Plywood,BrkFace,46.0,TA,TA,CBlock,Gd,Gd,Av,ALQ,506,Unf,0,0,506,TA,Y,SBrkr,0,1212,1,0,1,0,3,TA,Typ,1,TA,Attchd,Unf,2,TA,TA,Y,292,12,0,0,GdWo,7,2006,WD,Normal,151000
50,RM,50.0,5500,Sin_Acceso,Reg,Lvl,Corner,Gtl,OldTown,Norm,1Fam,1.5Fin,5,7,1929,2001,Gable,Wd Sdng,Wd Sdng,None,0.0,TA,TA,BrkTil,TA,TA,No,LwQ,234,ALQ,692,0,926,TA,Y,SBrkr,0,1316,1,0,1,0,3,TA,Typ,0,Sin_Chimenea,Detchd,Unf,2,TA,TA,Y,0,0,0,0,Sin_Cerca,4,2010,WD,Normal,130000
30,RM,30.0,5232,Grvl,IR3,Bnk,Inside,Gtl,OldTown,Artery,1Fam,1Story,5,5,1925,2004,Gable,Wd Sdng,Wd Sdng,None,0.0,TA,TA,BrkTil,Fa,TA,No,Unf,0,Unf,0,680,680,Gd,N,FuseP,0,764,0,0,1,0,2,TA,Typ,0,Sin_Chimenea,Detchd,Unf,2,TA,TA,N,0,0,0,0,Sin_Cerca,6,2008,WD,Normal,73000
20,RL,78.0,12090,Sin_Acceso,IR1,Lvl,Inside,Gtl,NWAmes,Norm,1Fam,1Story,6,6,1981,1981,Gable,MetalSd,MetalSd,BrkFace,210.0,TA,Gd,CBlock,Gd,TA,No,GLQ,588,LwQ,228,606,1422,TA,Y,SBrkr,0,1422,0,0,2,0,3,Gd,Typ,1,TA,Attchd,Fin,2,TA,TA,Y,276,0,0,0,GdPrv,6,2008,WD,Normal,175500
60,RL,70.0,11207,Sin_Acceso,IR1,HLS,FR2,Gtl,Gilbert,Norm,1Fam,2Story,6,5,1997,1997,Gable,VinylSd,VinylSd,None,0.0,TA,TA,PConc,Gd,TA,Av,GLQ,714,Unf,0,88,802,Gd,Y,SBrkr,709,1511,1,0,2,1,3,TA,Typ,1,TA,Attchd,Fin,2,TA,TA,Y,95,75,0,0,Sin_Cerca,6,2006,WD,Normal,185000
75,RL,60.0,8400,Sin_Acceso,Reg,Bnk,Inside,Mod,SWISU,Norm,1Fam,2.5Fin,5,8,1939,1997,Gable,Wd Sdng,Wd Sdng,None,0.0,TA,TA,PConc,TA,TA,No,LwQ,378,Unf,0,342,720,Ex,Y,SBrkr,720,2192,0,0,2,1,4,Gd,Typ,1,Gd,Detchd,Unf,1,TA,TA,Y,262,24,0,0,Sin_Cerca,7,2008,WD,Normal,179500
30,RM,71.0,6900,Sin_Acceso,Reg,Lvl,Inside,Gtl,IDOTRR,Norm,1Fam,1Story,5,6,1940,1955,Gable,VinylSd,VinylSd,None,0.0,TA,TA,CBlock,TA,TA,No,ALQ,403,Rec,125,212,740,Ex,Y,SBrkr,0,778,0,0,1,0,2,TA,Typ,1,Gd,Detchd,Fin,1,Ex,Ex,Y,0,25,0,0,Sin_Cerca,2,2008,WD,Normal,120500
20,RL,65.5,7917,Sin_Acceso,IR1,Lvl,Corner,Gtl,Edwards,Norm,1Fam,1Story,6,7,1976,1976,Hip,HdBoard,HdBoard,BrkFace,174.0,TA,Gd,CBlock,TA,Gd,No,BLQ,751,Unf,0,392,1143,TA,Y,SBrkr,0,1113,1,0,1,1,3,TA,Typ,1,Fa,Attchd,RFn,1,TA,Gd,Y,370,30,0,0,GdPrv,5,2007,WD,Normal,148000
60,FV,84.0,10728,Sin_Acceso,Reg,Lvl,Inside,Gtl,Somerst,Norm,1Fam,2Story,8,5,2006,2006,Gable,VinylSd,VinylSd,None,0.0,Gd,TA,PConc,Gd,TA,Mn,Unf,0,Unf,0,1095,1095,Gd,Y,SBrkr,844,1939,0,0,2,1,3,Gd,Typ,1,Gd,Attchd,RFn,3,TA,TA,Y,192,51,0,0,Sin_Cerca,8,2006,New,Partial,266000
20,RL,73.0,39104,Sin_Acceso,IR1,Low,CulDSac,Sev,ClearCr,Norm,1Fam,1Story,7,7,1954,2005,Flat,Plywood,Plywood,None,0.0,TA,TA,CBlock,Gd,TA,Gd,LwQ,226,GLQ,1063,96,1385,Ex,Y,SBrkr,0,1363,1,0,1,0,2,TA,Mod,2,TA,Attchd,Unf,2,TA,TA,Y,81,0,0,0,Sin_Cerca,4,2008,WD,Normal,241500
60,RL,92.0,11764,Sin_Acceso,IR1,Lvl,CulDSac,Gtl,NoRidge,Norm,1Fam,2Story,8,7,1999,2007,Gable,VinylSd,VinylSd,BrkFace,348.0,Gd,TA,PConc,Gd,TA,No,GLQ,524,Unf,0,628,1152,Ex,Y,SBrkr,1106,2270,0,0,2,1,4,Gd,Typ,1,Gd,Attchd,Fin,3,TA,TA,Y,132,57,0,0,Sin_Cerca,4,2010,WD,Normal,290000
20,RL,80.0,9600,Sin_Acceso,Reg,Lvl,Inside,Gtl,NAmes,Feedr,1Fam,1Story,6,6,1958,1988,Hip,Wd Sdng,Wd Sdng,BrkCmn,183.0,TA,TA,CBlock,TA,TA,No,Rec,620,LwQ,620,0,1240,Gd,Y,SBrkr,0,1632,1,0,2,0,3,TA,Min1,1,Gd,Attchd,RFn,1,TA,TA,Y,289,0,0,0,MnPrv,4,2009,WD,Normal,139000
20,RL,76.0,8314,Sin_Acceso,Reg,Lvl,Corner,Gtl,Mitchel,Norm,1Fam,1Story,5,7,1982,1982,Gable,HdBoard,ImStucc,None,0.0,TA,TA,CBlock,TA,TA,Gd,ALQ,546,Unf,0,270,816,TA,Y,SBrkr,0,816,0,0,1,0,2,TA,Typ,0,Sin_Chimenea,Attchd,Unf,1,TA,TA,Y,168,0,0,0,Sin_Cerca,6,2007,WD,Normal,124500
50,RL,55.0,7264,Sin_Acceso,Reg,Lvl,Inside,Gtl,BrkSide,Norm,1Fam,1.5Fin,7,7,1925,2007,Gable,Wd Sdng,Wd Sdng,None,0.0,Gd,Gd,BrkTil,TA,TA,No,Unf,0,Unf,0,952,952,Gd,N,SBrkr,596,1548,0,0,2,1,3,Ex,Typ,0,Sin_Chimenea,Detchd,Unf,2,TA,TA,Y,74,0,0,144,Sin_Cerca,10,2009,WD,Normal,205000
20,RL,129.0,9196,Sin_Acceso,IR1,Lvl,Inside,Gtl,Mitchel,Norm,1Fam,1Story,7,5,2003,2003,Gable,VinylSd,VinylSd,None,0.0,Gd,TA,PConc,Ex,TA,No,Unf,0,Unf,0,1560,1560,Ex,Y,SBrkr,0,1560,0,0,2,0,3,Gd,Typ,0,Sin_Chimenea,Attchd,Fin,2,TA,TA,Y,100,150,0,0,Sin_Cerca,4,2010,WD,Normal,201000
20,RL,140.0,19138,Sin_Acceso,Reg,Lvl,Corner,Gtl,Gilbert,Norm,1Fam,1Story,4,5,1951,1951,Gable,VinylSd,VinylSd,None,0.0,TA,TA,CBlock,TA,TA,No,LwQ,120,Unf,0,744,864,Ex,Y,SBrkr,0,864,0,0,1,0,2,TA,Typ,0,Sin_Chimenea,Detchd,Unf,2,TA,TA,Y,0,0,0,0,Sin_Cerca,6,2010,WD,Normal,141000
20,RL,107.0,14450,Sin_Acceso,Reg,Lvl,Inside,Gtl,NridgHt,Norm,1Fam,1Story,9,5,2006,2007,Gable,CemntBd,CmentBd,BrkFace,315.0,Ex,TA,PConc,Ex,TA,Gd,Unf,0,Unf,0,2121,2121,Ex,Y,SBrkr,0,2121,0,0,2,1,3,Ex,Typ,1,Ex,Attchd,Fin,3,TA,TA,Y,124,98,0,142,Sin_Cerca,5,2007,New,Partial,415298
60,RL,83.0,10005,Sin_Acceso,Reg,Lvl,Inside,Gtl,ClearCr,Norm,1Fam,2Story,7,5,1977,1977,Hip,Plywood,Plywood,BrkFace,299.0,TA,TA,CBlock,Gd,TA,No,BLQ,392,Unf,0,768,1160,Ex,Y,SBrkr,866,2022,0,0,2,1,4,TA,Typ,1,TA,Attchd,Fin,2,TA,TA,Y,288,117,0,0,Sin_Cerca,3,2008,WD,Normal,192000
60,RL,82.0,11287,Sin_Acceso,Reg,Lvl,Inside,Gtl,SawyerW,Norm,1Fam,2Story,7,6,1989,1989,Gable,Plywood,Plywood,BrkFace,340.0,Gd,TA,CBlock,Gd,TA,Av,GLQ,421,Unf,0,386,807,Gd,Y,SBrkr,807,1982,0,0,2,1,3,Gd,Typ,1,TA,Attchd,Fin,2,TA,TA,Y,0,84,0,0,Sin_Cerca,1,2007,WD,Normal,228500
20,FV,60.0,7200,Pave,Reg,Lvl,Inside,Gtl,Somerst,Norm,1Fam,1Story,6,5,2006,2006,Gable,VinylSd,VinylSd,Stone,68.0,Gd,TA,PConc,Gd,TA,No,GLQ,905,Unf,0,357,1262,Gd,Y,SBrkr,0,1262,0,0,2,0,2,Gd,Typ,0,Sin_Chimenea,Attchd,Fin,2,TA,TA,Y,0,120,0,0,Sin_Cerca,5,2006,New,Partial,185000
120,RL,34.0,5063,Sin_Acceso,Reg,Lvl,Inside,Gtl,NridgHt,Norm,Twnhs,1Story,7,5,2007,2008,Gable,VinylSd,VinylSd,Stone,166.0,Gd,TA,PConc,Gd,TA,No,GLQ,904,Unf,0,410,1314,Ex,Y,SBrkr,0,1314,1,0,2,0,2,Gd,Typ,1,Gd,Attchd,RFn,2,TA,TA,Y,172,62,0,0,Sin_Cerca,4,2009,ConLw,Normal,207500
20,RL,74.0,9612,Sin_Acceso,Reg,Lvl,Inside,Gtl,Somerst,Feedr,1Fam,1Story,8,5,2008,2009,Gable,VinylSd,VinylSd,Stone,72.0,Gd,TA,PConc,Gd,TA,No,Unf,0,Unf,0,1468,1468,Ex,Y,SBrkr,0,1468,0,0,2,0,3,Gd,Typ,1,Gd,Attchd,Fin,3,TA,TA,Y,210,150,0,0,Sin_Cerca,12,2009,New,Partial,244600
120,RL,50.0,8012,Sin_Acceso,Reg,Lvl,Inside,Gtl,SawyerW,Norm,TwnhsE,1Story,6,5,1992,1992,Gable,Plywood,ImStucc,None,0.0,Gd,TA,PConc,Gd,TA,No,GLQ,430,Unf,0,1145,1575,Gd,Y,SBrkr,0,1575,1,0,2,0,2,Gd,Typ,0,Sin_Chimenea,Attchd,RFn,2,TA,TA,Y,0,0,52,0,Sin_Cerca,7,2007,WD,Normal,179200
160,FV,35.0,4251,Pave,IR1,Lvl,Inside,Gtl,Somerst,Norm,TwnhsE,2Story,7,5,2006,2007,Gable,MetalSd,MetalSd,None,0.0,Gd,TA,PConc,Gd,TA,No,Unf,0,Unf,0,625,625,Ex,Y,SBrkr,625,1250,0,0,2,1,2,Gd,Typ,0,Sin_Chimenea,Detchd,RFn,2,TA,TA,Y,0,54,0,0,Sin_Cerca,6,2007,New,Partial,164700
50,RL,77.0,9786,Sin_Acceso,IR1,Bnk,Inside,Gtl,NAmes,Norm,1Fam,1.5Fin,6,7,1962,1981,Gable,Wd Sdng,Wd Sdng,None,0.0,TA,TA,CBlock,TA,TA,No,Rec,600,Unf,0,312,912,TA,Y,SBrkr,649,1734,0,0,1,1,3,Gd,Typ,1,Gd,Attchd,RFn,2,TA,TA,Y,0,0,0,128,GdPrv,6,2006,WD,Normal,159000
20,RL,73.0,8125,Sin_Acceso,IR1,Lvl,Corner,Gtl,NAmes,Norm,1Fam,1Story,4,4,1971,1971,Gable,HdBoard,HdBoard,None,0.0,TA,TA,CBlock,TA,TA,No,BLQ,614,Unf,0,244,858,TA,Y,SBrkr,0,858,0,0,1,0,3,TA,Typ,0,Sin_Chimenea,Sin_Garaje,Sin_Garaje,0,Sin_Garaje,Sin_Garaje,Y,0,0,0,0,Sin_Cerca,6,2006,WD,Normal,88000
20,RL,71.0,9819,Sin_Acceso,IR1,Lvl,Inside,Gtl,Sawyer,Norm,1Fam,1Story,5,5,1967,1967,Gable,MetalSd,MetalSd,BrkFace,31.0,TA,Gd,CBlock,TA,TA,No,BLQ,450,Unf,0,432,882,TA,Y,SBrkr,0,900,0,0,1,0,3,TA,Typ,0,Sin_Chimenea,Detchd,Unf,1,TA,TA,Y,0,0,0,0,MnPrv,2,2010,WD,Normal,122000
70,RL,60.0,8730,Sin_Acceso,Reg,Lvl,Inside,Gtl,BrkSide,RRAn,1Fam,2Story,6,7,1915,2003,Gable,Wd Sdng,Wd Sdng,None,0.0,TA,TA,BrkTil,TA,TA,No,Unf,0,Unf,0,698,698,Ex,Y,FuseA,698,1396,0,0,1,0,3,TA,Typ,0,Sin_Chimenea,Detchd,Unf,1,TA,TA,Y,0,0,0,259,Sin_Cerca,7,2007,WD,Normal,153575
60,RL,120.0,15611,Sin_Acceso,Reg,Lvl,Inside,Gtl,CollgCr,Norm,1Fam,2Story,8,5,2006,2006,Gable,VinylSd,VinylSd,None,0.0,Gd,TA,PConc,Gd,TA,Av,Unf,0,Unf,0,1079,1079,Ex,Y,SBrkr,840,1919,0,0,2,1,3,Gd,Typ,1,Gd,Attchd,RFn,2,Gd,TA,Y,0,51,0,0,Sin_Cerca,7,2006,New,Partial,233230
190,RL,55.0,5687,Grvl,Reg,Bnk,Inside,Gtl,SWISU,Norm,2fmCon,2Story,5,6,1912,2000,Gable,VinylSd,VinylSd,None,0.0,TA,Fa,PConc,TA,Fa,No,Rec,210,Unf,0,570,780,Ex,N,SBrkr,780,1716,1,0,2,0,6,Fa,Typ,0,Sin_Chimenea,Sin_Garaje,Sin_Garaje,0,Sin_Garaje,Sin_Garaje,N,0,184,0,0,Sin_Cerca,3,2008,WD,Normal,135900
50,RL,60.0,11409,Sin_Acceso,Reg,Lvl,Inside,Gtl,Edwards,Norm,1Fam,1.5Fin,5,4,1949,2008,Gable,Wd Sdng,Wd Sdng,None,0.0,TA,TA,CBlock,TA,TA,No,LwQ,292,Unf,0,476,768,Gd,Y,SBrkr,568,1716,0,0,1,1,3,TA,Min2,1,Gd,Attchd,Unf,1,TA,TA,Y,0,0,0,160,Sin_Cerca,1,2009,WD,Normal,131000
60,RL,80.0,16659,Sin_Acceso,IR1,Lvl,Corner,Gtl,NWAmes,PosA,1Fam,2Story,7,7,1977,1994,Gable,Plywood,Plywood,BrkFace,34.0,TA,TA,CBlock,TA,TA,No,ALQ,795,Unf,0,0,795,Fa,Y,SBrkr,795,2263,1,0,2,1,3,Gd,Typ,1,TA,Attchd,Fin,2,TA,TA,Y,0,250,0,0,Sin_Cerca,3,2006,WD,Normal,235000
20,RL,80.0,9600,Sin_Acceso,Reg,Lvl,Inside,Gtl,NAmes,Norm,1Fam,1Story,6,5,1953,1953,Hip,HdBoard,HdBoard,Stone,238.0,TA,TA,CBlock,TA,TA,No,GLQ,1285,Unf,0,131,1416,TA,Y,SBrkr,0,1644,1,0,1,0,3,TA,Typ,2,Gd,Attchd,Fin,2,TA,TA,Y,110,0,0,0,Sin_Cerca,10,2009,WD,Normal,167000
80,RL,37.0,7937,Sin_Acceso,IR1,Lvl,CulDSac,Gtl,Mitchel,Norm,1Fam,SLvl,6,6,1984,1984,Gable,HdBoard,HdBoard,None,0.0,TA,TA,CBlock,TA,TA,Av,GLQ,819,Unf,0,184,1003,TA,Y,SBrkr,0,1003,1,0,1,0,3,TA,Typ,0,Sin_Chimenea,Detchd,Unf,2,TA,TA,Y,120,0,0,0,GdPrv,3,2006,WD,Normal,142500
50,RM,75.0,13710,Sin_Acceso,Reg,Lvl,Inside,Gtl,IDOTRR,Norm,1Fam,1.5Fin,5,5,1950,1950,Gable,Wd Sdng,Wd Sdng,None,0.0,TA,TA,CBlock,TA,TA,No,BLQ,420,Unf,0,490,910,TA,Y,FuseA,648,1558,0,0,1,1,4,TA,Typ,0,Sin_Chimenea,Attchd,Unf,1,TA,TA,Y,289,0,0,0,MnPrv,6,2007,WD,Normal,152000
60,FV,66.0,7399,Pave,IR1,Lvl,Inside,Gtl,Somerst,Norm,1Fam,2Story,7,5,1997,1998,Hip,VinylSd,VinylSd,BrkFace,1600.0,Gd,TA,PConc,Gd,TA,No,BLQ,649,Unf,0,326,975,Ex,Y,SBrkr,975,1950,0,0,2,1,3,Gd,Typ,1,TA,Detchd,RFn,2,TA,TA,Y,0,10,0,198,Sin_Cerca,6,2007,WD,Normal,239000
60,RL,90.0,11700,Sin_Acceso,Reg,Lvl,Inside,Gtl,NWAmes,Norm,1Fam,2Story,6,6,1968,1968,Mansard,HdBoard,AsphShn,BrkFace,365.0,Gd,TA,CBlock,TA,TA,No,ALQ,384,Rec,175,143,702,Gd,Y,SBrkr,702,1743,0,1,1,2,3,TA,Typ,1,Gd,Attchd,Unf,2,TA,TA,Y,224,0,0,0,Sin_Cerca,6,2007,WD,Normal,175000
20,RL,80.0,14000,Sin_Acceso,Reg,Lvl,Inside,Gtl,Crawfor,Norm,1Fam,1Story,6,8,1950,2004,Gable,HdBoard,HdBoard,None,0.0,TA,Gd,CBlock,TA,TA,No,Unf,0,Unf,0,1092,1092,Ex,Y,SBrkr,0,1152,0,1,1,0,3,Gd,Typ,1,Gd,Attchd,Unf,1,TA,TA,Y,0,36,0,0,GdPrv,8,2009,WD,Family,158500
190,RL,90.0,15750,Sin_Acceso,Reg,Lvl,Corner,Gtl,Crawfor,Norm,2fmCon,1Story,5,5,1953,1953,Hip,MetalSd,MetalSd,BrkFace,56.0,TA,TA,CBlock,TA,TA,Mn,BLQ,841,Unf,0,324,1165,TA,Y,SBrkr,0,1336,1,0,1,0,2,TA,Typ,2,Gd,Attchd,Unf,1,TA,TA,Y,0,0,0,0,Sin_Cerca,6,2006,WD,Normal,157000
60,RL,66.0,16226,Sin_Acceso,IR3,Lvl,Inside,Gtl,CollgCr,Norm,1Fam,2Story,8,5,1998,1999,Gable,VinylSd,VinylSd,None,0.0,Gd,TA,PConc,Gd,TA,No,GLQ,281,Unf,0,747,1028,Ex,Y,SBrkr,1242,2452,0,0,2,1,4,Gd,Typ,1,TA,BuiltIn,Fin,2,TA,TA,Y,208,50,0,0,Sin_Cerca,5,2007,WD,Normal,267000
20,RL,118.0,13704,Sin_Acceso,IR1,Lvl,Corner,Gtl,CollgCr,Norm,1Fam,1Story,7,5,2001,2002,Gable,VinylSd,VinylSd,BrkFace,150.0,Gd,TA,PConc,Gd,TA,No,Unf,0,Unf,0,1541,1541,Ex,Y,SBrkr,0,1541,0,0,2,0,3,Gd,Typ,1,TA,Attchd,RFn,3,TA,TA,Y,468,81,0,0,Sin_Cerca,1,2006,WD,Normal,205000
20,RL,70.0,9800,Sin_Acceso,Reg,Lvl,Corner,Gtl,CollgCr,Norm,1Fam,1Story,5,7,1972,1972,Gable,VinylSd,VinylSd,None,0.0,TA,TA,PConc,TA,TA,No,ALQ,894,Unf,0,0,894,TA,Y,SBrkr,0,894,1,0,1,0,3,TA,Typ,0,Sin_Chimenea,Attchd,Unf,2,TA,TA,Y,256,0,0,0,GdWo,7,2006,WD,Abnorml,149900
75,RM,87.0,18386,Sin_Acceso,Reg,Lvl,Inside,Gtl,OldTown,Norm,1Fam,2.5Fin,7,9,1880,2002,Gable,CemntBd,CmentBd,None,0.0,TA,TA,BrkTil,TA,TA,No,Unf,0,Unf,0,1470,1470,Ex,Y,SBrkr,1818,3493,0,0,3,0,3,Gd,Typ,1,Ex,Attchd,Unf,3,TA,TA,Y,302,0,0,0,Sin_Cerca,5,2008,WD,Normal,295000
20,RL,80.0,10386,Sin_Acceso,Reg,Lvl,Inside,Gtl,CollgCr,Norm,1Fam,1Story,8,5,2004,2005,Gable,CemntBd,CmentBd,Stone,246.0,Gd,TA,PConc,Gd,TA,No,GLQ,1464,Unf,0,536,2000,Ex,Y,SBrkr,0,2000,1,0,2,0,3,Gd,Typ,0,Sin_Chimenea,Attchd,Fin,3,TA,TA,Y,168,0,0,0,Sin_Cerca,7,2007,WD,Normal,305900
60,RL,116.0,13474,Sin_Acceso,Reg,Lvl,Inside,Gtl,SawyerW,Feedr,1Fam,2Story,7,5,1990,1991,Gable,HdBoard,Plywood,BrkFace,246.0,Gd,TA,CBlock,Gd,TA,No,ALQ,700,Unf,0,0,700,Gd,Y,SBrkr,1121,2243,1,0,2,1,4,Gd,Typ,1,TA,Attchd,RFn,3,TA,TA,Y,127,44,224,0,Sin_Cerca,6,2007,WD,Normal,225000
50,RM,60.0,7920,Grvl,IR1,Lvl,Inside,Gtl,IDOTRR,Artery,1Fam,1.5Fin,6,7,1920,1950,Gable,MetalSd,MetalSd,None,0.0,TA,Fa,CBlock,TA,TA,No,Unf,0,Unf,0,319,319,TA,Y,FuseA,371,1406,0,0,1,0,3,Fa,Typ,0,Sin_Chimenea,Sin_Garaje,Sin_Garaje,0,Sin_Garaje,Sin_Garaje,N,0,144,0,0,MnPrv,3,2008,WD,Normal,89500
30,RL,65.5,12342,Sin_Acceso,IR1,Lvl,Inside,Gtl,Edwards,Norm,1Fam,1Story,4,5,1940,1950,Gable,VinylSd,VinylSd,None,0.0,TA,TA,CBlock,TA,TA,No,BLQ,262,Unf,0,599,861,Ex,Y,SBrkr,0,861,0,0,1,0,1,TA,Typ,0,Sin_Chimenea,Detchd,Unf,2,TA,TA,Y,158,0,0,0,Sin_Cerca,3,2009,WD,Normal,82500
20,RL,90.0,12378,Sin_Acceso,IR1,Lvl,Inside,Gtl,NridgHt,Norm,1Fam,1Story,9,5,2003,2004,Gable,VinylSd,VinylSd,None,0.0,Gd,TA,PConc,Ex,TA,Gd,GLQ,1274,Unf,0,622,1896,Ex,Y,SBrkr,0,1944,1,0,2,0,3,Ex,Typ,3,Ex,Attchd,Fin,3,TA,TA,Y,208,175,0,0,Sin_Cerca,11,2006,WD,Normal,360000
60,RL,65.0,7685,Sin_Acceso,IR1,Lvl,Inside,Gtl,Gilbert,Norm,1Fam,2Story,6,5,1993,1994,Gable,HdBoard,HdBoard,BrkFace,112.0,TA,TA,PConc,Gd,TA,No,ALQ,518,Unf,0,179,697,Gd,Y,SBrkr,804,1501,0,0,2,1,3,Gd,Typ,1,TA,Attchd,Fin,2,TA,TA,Y,190,63,0,0,Sin_Cerca,5,2006,WD,Normal,165600
20,RL,50.0,8000,Sin_Acceso,Reg,Lvl,Inside,Gtl,NAmes,Norm,1Fam,1Story,6,6,1948,2002,Gable,VinylSd,VinylSd,None,0.0,TA,Gd,CBlock,TA,TA,No,ALQ,680,Unf,0,292,972,Ex,Y,SBrkr,0,972,1,0,1,0,2,TA,Typ,1,Gd,Detchd,Unf,1,TA,TA,Y,0,0,0,0,Sin_Cerca,5,2009,WD,Normal,132000
190,RM,65.0,7800,Sin_Acceso,Reg,Lvl,Inside,Gtl,OldTown,Artery,2fmCon,1.5Fin,5,7,1939,1950,Gable,MetalSd,MetalSd,None,0.0,TA,TA,CBlock,Gd,TA,Mn,Rec,507,Unf,0,286,793,TA,Y,SBrkr,325,1118,1,0,1,0,3,TA,Typ,1,Gd,Detchd,Unf,2,TA,TA,Y,0,0,0,271,MnPrv,5,2006,WD,Normal,119900
20,RL,150.0,215245,Sin_Acceso,IR3,Low,Inside,Sev,Timber,Norm,1Fam,1Story,7,5,1965,1965,Hip,BrkFace,BrkFace,None,0.0,TA,TA,CBlock,Gd,TA,Gd,ALQ,1236,Rec,820,80,2136,TA,Y,SBrkr,0,2036,2,0,2,0,3,TA,Typ,2,Gd,Attchd,RFn,2,TA,TA,Y,0,0,0,0,Sin_Cerca,6,2009,WD,Normal,375000
70,RM,60.0,9600,Grvl,Reg,Lvl,Inside,Gtl,OldTown,Norm,1Fam,2Story,7,7,1925,1990,Gable,Wd Sdng,Wd Sdng,None,0.0,TA,TA,BrkTil,TA,Gd,No,LwQ,16,Unf,0,712,728,Ex,Y,SBrkr,809,1641,0,1,1,1,3,Ex,Typ,1,Gd,Detchd,Unf,2,Fa,TA,Y,0,0,234,0,Sin_Cerca,8,2006,WD,Normal,178000
60,RL,71.0,7795,Sin_Acceso,IR1,Lvl,Inside,Gtl,Gilbert,Norm,1Fam,2Story,7,5,2004,2005,Gable,VinylSd,VinylSd,None,0.0,Gd,TA,PConc,Gd,TA,No,GLQ,425,Unf,0,291,716,Ex,Y,SBrkr,716,1432,1,0,2,1,3,Gd,Typ,1,Gd,Attchd,Fin,2,TA,TA,Y,100,51,0,0,Sin_Cerca,7,2009,WD,Normal,188500
60,RL,94.0,13005,Sin_Acceso,IR1,Lvl,Corner,Gtl,NWAmes,Norm,1Fam,2Story,7,7,1980,1980,Gable,CemntBd,CmentBd,BrkFace,278.0,Gd,TA,CBlock,Gd,TA,No,GLQ,692,Unf,0,153,845,TA,Y,SBrkr,1200,2353,1,0,2,1,4,Ex,Typ,1,TA,Attchd,RFn,2,TA,TA,Y,288,195,0,0,GdPrv,8,2009,WD,Normal,260000
60,FV,75.0,9000,Sin_Acceso,Reg,Lvl,Inside,Gtl,Somerst,Norm,1Fam,2Story,8,5,2006,2006,Gable,VinylSd,VinylSd,None,0.0,Gd,TA,PConc,Gd,TA,Av,Unf,0,Unf,0,1088,1088,Ex,Y,SBrkr,871,1959,0,0,2,1,3,Gd,Typ,1,Gd,Attchd,RFn,3,TA,TA,Y,208,46,0,0,Sin_Cerca,12,2007,WD,Normal,270000
60,RL,90.0,9900,Sin_Acceso,Reg,Low,Inside,Mod,NoRidge,Norm,1Fam,2Story,7,5,1993,1993,Gable,HdBoard,HdBoard,BrkFace,256.0,Gd,TA,PConc,Gd,TA,Gd,GLQ,987,Unf,0,360,1347,Ex,Y,SBrkr,1274,2646,1,0,2,1,4,Gd,Typ,1,TA,Attchd,RFn,3,TA,TA,Y,340,60,144,0,Sin_Cerca,4,2009,WD,Normal,260000
80,RL,80.0,14115,Sin_Acceso,Reg,Lvl,Inside,Gtl,NWAmes,Norm,1Fam,SLvl,7,5,1980,1980,Gable,Plywood,Plywood,BrkFace,225.0,TA,TA,CBlock,Gd,TA,Av,GLQ,1036,Unf,0,336,1372,TA,Y,SBrkr,0,1472,1,0,2,0,3,TA,Typ,2,TA,Attchd,Unf,2,TA,TA,Y,233,48,0,0,Sin_Cerca,6,2009,WD,Normal,187500
60,RL,111.0,16259,Sin_Acceso,Reg,Lvl,Corner,Gtl,NridgHt,Norm,1Fam,2Story,9,5,2006,2006,Gable,VinylSd,VinylSd,Stone,370.0,TA,TA,PConc,Ex,Gd,Av,Unf,0,Unf,0,1249,1249,Ex,Y,SBrkr,1347,2596,0,0,3,1,4,Gd,Typ,0,Sin_Chimenea,Attchd,RFn,3,TA,TA,Y,240,154,0,0,Sin_Cerca,9,2006,New,Partial,342643
60,RL,99.0,12099,Sin_Acceso,IR1,Lvl,Inside,Gtl,NridgHt,Norm,1Fam,2Story,8,5,2004,2004,Gable,VinylSd,VinylSd,BrkFace,388.0,Gd,TA,PConc,Ex,TA,Av,GLQ,970,Unf,0,166,1136,Ex,Y,SBrkr,1332,2468,1,0,2,1,4,Gd,Typ,1,Gd,BuiltIn,Fin,3,TA,TA,Y,184,154,0,0,Sin_Cerca,6,2007,WD,Normal,354000
60,RL,86.0,10380,Sin_Acceso,IR1,Lvl,Inside,Gtl,SawyerW,Norm,1Fam,2Story,7,5,1986,1987,Gable,Plywood,Plywood,BrkFace,172.0,Gd,TA,CBlock,TA,TA,Gd,LwQ,28,ALQ,1474,0,1502,Ex,Y,SBrkr,1177,2730,1,0,2,1,4,Gd,Typ,1,TA,Attchd,Fin,2,TA,TA,Y,201,96,0,0,MnPrv,8,2007,WD,Normal,301000
20,RM,49.0,5820,Sin_Acceso,Reg,Lvl,Inside,Gtl,OldTown,Norm,1Fam,1Story,3,8,1955,2005,Gable,VinylSd,VinylSd,None,0.0,TA,Gd,CBlock,TA,TA,No,ALQ,256,Unf,0,906,1162,Ex,Y,SBrkr,0,1163,1,0,1,0,3,TA,Typ,0,Sin_Chimenea,Attchd,Unf,1,Fa,TA,Y,142,98,0,0,Sin_Cerca,7,2006,WD,Normal,126175
80,RL,96.0,11275,Sin_Acceso,Reg,Lvl,Corner,Gtl,NAmes,PosN,1Fam,SLvl,7,7,1967,2007,Mansard,Wd Sdng,Wd Sdng,BrkFace,300.0,Gd,Gd,CBlock,Gd,TA,No,Unf,0,Unf,0,710,710,Ex,Y,SBrkr,1080,2978,0,0,2,1,5,Gd,Typ,1,Gd,BuiltIn,Fin,2,TA,TA,Y,240,0,0,0,Sin_Cerca,6,2010,WD,Normal,242000
45,RM,50.0,5000,Sin_Acceso,Reg,Lvl,Inside,Gtl,IDOTRR,RRAe,1Fam,1.5Unf,5,6,1941,1950,Gable,MetalSd,MetalSd,None,0.0,TA,TA,CBlock,TA,TA,Av,BLQ,116,Unf,0,604,720,Po,N,FuseF,0,803,0,0,1,0,2,TA,Typ,0,Sin_Chimenea,Detchd,Unf,2,TA,TA,Y,0,0,244,0,Sin_Cerca,12,2007,WD,Normal,87000
120,RL,32.0,10846,Sin_Acceso,IR1,Lvl,CulDSac,Gtl,Veenker,Norm,TwnhsE,1Story,8,5,1993,1993,Gable,BrkFace,BrkFace,None,0.0,Gd,TA,PConc,Gd,TA,Gd,GLQ,1619,Unf,0,100,1719,Ex,Y,SBrkr,0,1719,2,0,1,1,1,Gd,Typ,2,Gd,Attchd,Fin,2,TA,TA,Y,122,30,0,0,Sin_Cerca,5,2008,Con,Normal,324000
20,RL,80.0,11600,Sin_Acceso,Reg,Lvl,Inside,Gtl,NAmes,Norm,1Fam,1Story,6,5,1960,1960,Hip,Wd Sdng,Wd Sdng,BrkFace,175.0,TA,TA,CBlock,TA,TA,No,Rec,565,Unf,0,818,1383,TA,Y,SBrkr,0,1383,0,0,1,1,3,TA,Typ,0,Sin_Chimenea,Attchd,RFn,1,TA,TA,Y,0,45,0,0,Sin_Cerca,4,2006,WD,Normal,145250
75,RL,52.0,11888,Pave,IR1,Bnk,Inside,Gtl,BrkSide,PosN,1Fam,2.5Unf,6,6,1916,1994,Gable,Wd Sdng,Wd Shng,None,0.0,TA,TA,BrkTil,TA,TA,No,Unf,0,Unf,0,844,844,Gd,N,FuseA,689,2134,0,0,2,0,5,Gd,Typ,0,Sin_Chimenea,Detchd,Unf,2,TA,TA,Y,0,60,268,0,Sin_Cerca,7,2009,WD,Normal,214500
70,RM,60.0,6402,Sin_Acceso,Reg,Lvl,Corner,Gtl,IDOTRR,Norm,1Fam,2Story,5,5,1920,1950,Gable,Wd Sdng,Wd Shng,None,0.0,TA,TA,PConc,TA,TA,Mn,Unf,0,Unf,0,596,596,TA,N,SBrkr,596,1192,0,0,1,0,3,TA,Typ,0,Sin_Chimenea,Detchd,Unf,1,Fa,Fa,N,0,0,137,0,GdWo,7,2009,WD,Normal,78000
90,RL,73.0,10624,Sin_Acceso,IR1,Lvl,Inside,Gtl,NAmes,Norm,Duplex,1Story,5,4,1964,1964,Gable,HdBoard,HdBoard,BrkFace,84.0,TA,TA,CBlock,TA,TA,No,GLQ,40,Rec,264,1424,1728,TA,Y,SBrkr,0,1728,0,1,2,0,6,TA,Typ,0,Sin_Chimenea,Detchd,Unf,1,TA,TA,Y,155,0,0,0,Sin_Cerca,11,2007,WD,Normal,119000
20,RL,70.0,8176,Sin_Acceso,Reg,Lvl,Inside,Gtl,NAmes,Norm,1Fam,1Story,5,6,1958,1992,Gable,Wd Sdng,Wd Sdng,None,0.0,TA,TA,CBlock,TA,TA,No,Rec,846,Unf,0,210,1056,Fa,Y,SBrkr,0,1056,1,0,1,0,3,TA,Typ,0,Sin_Chimenea,Attchd,RFn,1,TA,TA,Y,0,0,0,0,Sin_Cerca,8,2007,WD,Normal,139000
20,RL,85.0,10655,Sin_Acceso,IR1,Lvl,Inside,Gtl,NridgHt,Norm,1Fam,1Story,8,5,2003,2004,Gable,VinylSd,VinylSd,BrkFace,296.0,Gd,TA,PConc,Gd,TA,No,GLQ,1124,Unf,479,1603,3206,Ex,Y,SBrkr,0,1629,1,0,2,0,3,Gd,Typ,1,Gd,Attchd,RFn,3,TA,TA,Y,0,0,0,0,Sin_Cerca,10,2009,WD,Normal,284000
120,RM,59.0,8198,Sin_Acceso,Reg,Lvl,FR3,Gtl,NridgHt,Norm,TwnhsE,1Story,7,5,2004,2004,Gable,VinylSd,VinylSd,Stone,146.0,Gd,TA,PConc,Gd,TA,Av,GLQ,720,Unf,0,638,1358,Ex,Y,SBrkr,0,1358,1,0,2,0,2,Gd,Typ,1,Gd,Attchd,RFn,2,TA,TA,Y,192,30,0,0,Sin_Cerca,7,2008,WD,Normal,207000
60,RL,59.0,9042,Sin_Acceso,IR1,Lvl,Inside,Gtl,Gilbert,Norm,1Fam,2Story,6,5,1998,1998,Gable,VinylSd,VinylSd,None,0.0,TA,TA,PConc,Gd,TA,Gd,GLQ,828,Unf,0,115,943,Gd,Y,SBrkr,695,1638,1,0,2,1,3,TA,Typ,2,TA,Attchd,Fin,2,TA,TA,Y,100,38,0,0,Sin_Cerca,7,2008,WD,Normal,192000
190,RL,85.0,164660,Sin_Acceso,IR1,HLS,Corner,Sev,Timber,Norm,2fmCon,1.5Fin,5,6,1965,1965,Gable,Plywood,Plywood,None,0.0,TA,TA,CBlock,TA,TA,Gd,ALQ,1249,BLQ,147,103,1499,Ex,Y,SBrkr,167,1786,2,0,2,0,3,TA,Typ,2,Gd,Attchd,Fin,2,TA,TA,Y,670,0,0,0,Sin_Cerca,8,2008,WD,Normal,228950
20,RL,86.0,14157,Sin_Acceso,IR1,HLS,Corner,Gtl,StoneBr,Norm,1Fam,1Story,9,5,2005,2006,Hip,VinylSd,VinylSd,Stone,200.0,Gd,TA,PConc,Ex,TA,Gd,GLQ,1249,Unf,0,673,1922,Ex,Y,SBrkr,0,1922,1,0,2,0,3,Gd,Typ,1,Gd,Attchd,Fin,3,TA,TA,Y,178,51,0,0,Sin_Cerca,7,2007,WD,Normal,377426
20,RL,70.0,9135,Sin_Acceso,Reg,Lvl,Inside,Gtl,CollgCr,Norm,1Fam,1Story,7,5,2002,2003,Gable,VinylSd,VinylSd,BrkFace,113.0,Gd,TA,PConc,Gd,TA,Av,GLQ,810,Unf,0,726,1536,Ex,Y,SBrkr,0,1536,1,0,2,0,3,Gd,Typ,0,Sin_Chimenea,Attchd,RFn,2,TA,TA,Y,192,74,0,0,Sin_Cerca,12,2008,WD,Normal,214000
20,RL,91.0,14145,Sin_Acceso,Reg,Lvl,Corner,Gtl,NWAmes,Norm,1Fam,1Story,7,7,1984,1998,Gable,Wd Sdng,Wd Sdng,None,0.0,Gd,TA,CBlock,Gd,TA,Mn,ALQ,213,Unf,0,995,1208,Ex,Y,SBrkr,0,1621,1,0,2,0,3,Gd,Typ,0,Sin_Chimenea,Attchd,RFn,2,TA,TA,Y,108,45,0,0,Sin_Cerca,5,2006,WD,Normal,202500
20,RL,66.0,12400,Sin_Acceso,IR1,Lvl,Inside,Gtl,NAmes,Feedr,1Fam,1Story,6,7,1958,1998,Hip,Wd Sdng,Wd Sdng,BrkFace,176.0,TA,TA,CBlock,TA,Fa,No,Rec,585,Unf,0,630,1215,TA,Y,FuseA,0,1215,0,0,1,0,3,TA,Typ,0,Sin_Chimenea,Attchd,Unf,1,TA,TA,Y,0,0,0,234,Sin_Cerca,6,2009,WD,Normal,155000
60,RL,85.0,14191,Sin_Acceso,Reg,Lvl,Inside,Gtl,Timber,Norm,1Fam,2Story,8,5,2002,2002,Gable,VinylSd,VinylSd,None,0.0,Gd,TA,PConc,Gd,TA,No,Unf,0,Unf,0,967,967,Ex,Y,SBrkr,915,1908,0,0,2,1,4,Gd,Typ,0,Sin_Chimenea,Attchd,Fin,2,TA,TA,Y,135,0,0,0,Sin_Cerca,4,2010,WD,Normal,202900
20,RH,60.0,8400,Sin_Acceso,Reg,Lvl,Inside,Gtl,SawyerW,Feedr,1Fam,1Story,4,4,1950,1950,Gable,Wd Sdng,AsbShng,None,0.0,Fa,Fa,CBlock,TA,Fa,No,Unf,0,Unf,0,721,721,Gd,Y,SBrkr,0,841,0,0,1,0,2,TA,Typ,0,Sin_Chimenea,CarPort,Unf,1,TA,TA,N,250,0,24,0,Sin_Cerca,9,2009,WD,Normal,82000
90,RL,73.0,8544,Sin_Acceso,Reg,Lvl,Inside,Gtl,NAmes,Norm,Duplex,1Story,3,4,1949,1950,Gable,Stucco,Stucco,BrkFace,340.0,TA,TA,Slab,Sin_Sotano,Sin_Sotano,Sin_Sotano,Sin_Sotano,0,Sin_Sotano,0,0,0,Fa,N,FuseA,0,1040,0,0,2,0,2,TA,Typ,0,Sin_Chimenea,Detchd,Unf,2,TA,TA,Y,0,0,0,0,Sin_Cerca,5,2006,WD,Normal,87500
120,RL,63.0,8849,Sin_Acceso,IR1,Lvl,Inside,Gtl,NridgHt,Norm,TwnhsE,1Story,9,5,2005,2005,Hip,MetalSd,MetalSd,BrkFace,616.0,Ex,TA,PConc,Ex,TA,No,GLQ,28,Unf,0,1656,1684,Ex,Y,SBrkr,0,1684,0,0,2,0,2,Ex,Typ,1,Ex,Attchd,RFn,2,TA,TA,Y,495,72,0,0,Sin_Cerca,7,2008,WD,Normal,266000
160,RM,36.0,2592,Sin_Acceso,Reg,Lvl,Inside,Gtl,MeadowV,Norm,TwnhsE,2Story,5,3,1976,1976,Gable,CemntBd,CmentBd,None,0.0,TA,TA,CBlock,Gd,TA,No,Rec,129,BLQ,232,175,536,TA,Y,SBrkr,576,1112,0,0,1,1,3,TA,Typ,0,Sin_Chimenea,Attchd,Unf,1,TA,TA,Y,182,0,0,0,Sin_Cerca,4,2010,WD,Normal,85000
50,RL,65.0,6435,Sin_Acceso,Reg,Lvl,Inside,Gtl,BrkSide,RRAn,1Fam,1.5Fin,6,5,1939,1950,Gable,MetalSd,MetalSd,None,0.0,TA,TA,BrkTil,TA,TA,No,Unf,0,Unf,0,972,972,Gd,Y,SBrkr,605,1577,0,0,1,0,3,Fa,Typ,1,Gd,Detchd,Unf,1,TA,TA,Y,0,0,0,0,Sin_Cerca,10,2006,WD,Normal,140200
20,RL,73.0,12772,Sin_Acceso,IR1,Lvl,CulDSac,Gtl,NAmes,Norm,1Fam,1Story,6,8,1960,1998,Hip,MetalSd,MetalSd,None,0.0,TA,Gd,CBlock,TA,TA,Mn,BLQ,498,Unf,0,460,958,TA,Y,SBrkr,0,958,0,0,1,0,2,TA,Typ,0,Sin_Chimenea,Attchd,RFn,1,TA,TA,Y,0,0,0,0,Sin_Cerca,4,2007,WD,Normal,151500
20,RL,73.0,17600,Sin_Acceso,IR1,Lvl,Inside,Gtl,NAmes,Norm,1Fam,1Story,6,5,1960,1960,Gable,Wd Sdng,Wd Sdng,BrkFace,30.0,TA,TA,CBlock,TA,TA,No,BLQ,1270,Unf,0,208,1478,Ex,Y,FuseA,0,1478,1,0,2,0,3,TA,Typ,2,Gd,Attchd,Unf,2,TA,TA,Y,0,40,0,0,Sin_Cerca,12,2009,WD,Normal,157500
160,RL,36.0,2448,Sin_Acceso,Reg,Lvl,Inside,Gtl,NridgHt,Norm,Twnhs,2Story,7,5,2003,2004,Gable,VinylSd,Wd Shng,Stone,106.0,Gd,TA,PConc,Gd,TA,No,GLQ,573,Unf,0,191,764,Ex,Y,SBrkr,862,1626,1,0,2,1,2,Gd,Typ,0,Sin_Chimenea,BuiltIn,RFn,2,TA,TA,Y,0,27,0,0,Sin_Cerca,10,2008,WD,Normal,154000
60,RL,56.0,20431,Sin_Acceso,IR2,Lvl,Inside,Gtl,NridgHt,Norm,1Fam,2Story,9,5,2005,2006,Hip,CemntBd,CmentBd,BrkFace,870.0,Ex,TA,PConc,Ex,TA,No,GLQ,1410,Unf,0,438,1848,Ex,Y,SBrkr,880,2728,1,0,2,1,4,Ex,Typ,2,Ex,Attchd,Fin,3,TA,TA,Y,0,0,0,0,Sin_Cerca,4,2006,New,Partial,437154
120,RL,68.0,7820,Sin_Acceso,IR1,Lvl,Inside,Gtl,NridgHt,Norm,TwnhsE,1Story,9,5,2007,2007,Hip,MetalSd,MetalSd,BrkFace,362.0,Ex,TA,PConc,Ex,TA,No,Unf,0,Unf,0,1869,1869,Ex,Y,SBrkr,0,1869,0,0,2,0,2,Ex,Typ,1,Gd,Attchd,RFn,2,TA,TA,Y,210,54,0,0,Sin_Cerca,12,2007,New,Partial,318061
120,RL,80.0,5271,Sin_Acceso,IR1,Low,Inside,Mod,ClearCr,Norm,1Fam,1Story,7,5,1986,1986,Gable,Wd Sdng,Wd Sdng,None,0.0,TA,TA,PConc,Gd,TA,Gd,GLQ,1082,Unf,0,371,1453,Gd,Y,SBrkr,0,1453,1,0,1,1,2,Gd,Typ,1,TA,Attchd,RFn,2,TA,TA,Y,0,80,0,184,Sin_Cerca,12,2006,WD,Abnorml,190000
50,RL,60.0,9084,Sin_Acceso,Reg,Lvl,Inside,Gtl,Edwards,Artery,1Fam,1.5Fin,5,6,1941,1950,Gable,VinylSd,VinylSd,None,0.0,TA,TA,CBlock,TA,Fa,Mn,LwQ,236,Rec,380,0,616,TA,N,SBrkr,495,1111,0,1,1,0,3,TA,Typ,0,Sin_Chimenea,Detchd,Unf,1,TA,Fa,Y,48,0,0,0,Sin_Cerca,3,2008,ConLw,Normal,95000
30,RM,60.0,8520,Sin_Acceso,Reg,Lvl,Inside,Gtl,OldTown,Norm,1Fam,1Story,6,8,1928,2003,Gable,VinylSd,VinylSd,None,0.0,TA,Gd,BrkTil,TA,TA,No,Unf,0,Unf,0,624,624,Gd,Y,SBrkr,0,720,0,0,1,0,2,TA,Typ,0,Sin_Chimenea,Detchd,Unf,2,TA,TA,Y,106,0,0,0,Sin_Cerca,5,2010,WD,Normal,105900
50,RL,60.0,8400,Sin_Acceso,Reg,Bnk,Inside,Gtl,SWISU,Norm,1Fam,1.5Fin,6,5,1940,2000,Gable,Wd Sdng,MetalSd,None,0.0,TA,TA,CBlock,TA,TA,No,LwQ,388,Unf,0,552,940,Ex,Y,SBrkr,403,1595,0,0,1,0,2,TA,Typ,2,Gd,Attchd,Unf,1,TA,TA,Y,0,0,108,0,Sin_Cerca,6,2006,WD,Normal,140000
20,RL,105.0,11249,Sin_Acceso,IR2,Lvl,Inside,Gtl,CollgCr,Norm,1Fam,1Story,6,5,1995,1995,Gable,VinylSd,VinylSd,None,0.0,Gd,Gd,PConc,Gd,Gd,No,ALQ,334,BLQ,544,322,1200,Ex,Y,SBrkr,0,1200,1,0,2,0,3,Gd,Typ,0,Sin_Chimenea,Attchd,RFn,2,TA,TA,Y,0,26,0,0,Sin_Cerca,8,2007,WD,Normal,177500
20,RL,65.0,9248,Sin_Acceso,IR1,Lvl,Inside,Gtl,Gilbert,Norm,1Fam,1Story,6,6,1992,1992,Gable,HdBoard,HdBoard,BrkFace,106.0,TA,TA,PConc,Gd,TA,No,GLQ,560,Unf,0,598,1158,Gd,Y,SBrkr,0,1167,1,0,2,0,3,Gd,Typ,0,Sin_Chimenea,Attchd,RFn,2,TA,TA,Y,120,26,0,0,Sin_Cerca,7,2009,WD,Normal,173000
120,RM,44.0,4224,Sin_Acceso,Reg,Lvl,Inside,Gtl,MeadowV,Norm,TwnhsE,1Story,5,5,1976,1976,Gable,CemntBd,CmentBd,None,0.0,TA,TA,PConc,Gd,TA,No,ALQ,874,Unf,0,268,1142,TA,Y,SBrkr,0,1142,1,0,1,1,3,TA,Typ,1,Po,Attchd,Fin,2,TA,TA,Y,536,90,0,0,MnPrv,8,2007,WD,Normal,134000
80,RL,92.0,6930,Sin_Acceso,IR1,Lvl,Inside,Gtl,ClearCr,Norm,1Fam,SLvl,5,4,1958,1958,Hip,Wd Sdng,ImStucc,BrkFace,120.0,TA,TA,CBlock,TA,TA,Av,BLQ,300,Rec,294,468,1062,Ex,Y,FuseF,0,1352,0,1,1,0,3,Gd,Min2,0,Sin_Chimenea,BuiltIn,Unf,1,TA,TA,Y,168,0,294,0,Sin_Cerca,7,2006,WD,Abnorml,130000
60,RL,78.0,12011,Sin_Acceso,IR1,Lvl,CulDSac,Gtl,NoRidge,Norm,1Fam,2Story,8,5,1998,1998,Gable,VinylSd,VinylSd,BrkFace,530.0,Gd,TA,PConc,Gd,TA,Av,GLQ,956,Unf,0,130,1086,Ex,Y,SBrkr,838,1924,1,0,2,1,3,Gd,Typ,1,TA,Attchd,RFn,2,TA,TA,Y,208,75,0,374,Sin_Cerca,6,2006,WD,Normal,280000
85,RL,73.0,7540,Sin_Acceso,IR1,Lvl,CulDSac,Gtl,Mitchel,Norm,1Fam,SFoyer,6,6,1978,1978,Gable,VinylSd,VinylSd,None,0.0,TA,TA,CBlock,Gd,TA,Av,GLQ,773,Unf,0,115,888,Ex,Y,SBrkr,0,912,1,0,1,0,2,TA,Typ,1,TA,Attchd,RFn,2,TA,TA,Y,0,0,0,192,MnPrv,6,2007,WD,Normal,156000
50,RL,52.0,9144,Pave,Reg,Lvl,Inside,Gtl,BrkSide,Norm,1Fam,1.5Fin,5,5,1940,1982,Gable,MetalSd,MetalSd,None,0.0,TA,TA,CBlock,TA,TA,No,Rec,399,Unf,0,484,883,Gd,Y,SBrkr,517,1505,1,0,1,0,3,TA,Typ,0,Sin_Chimenea,Detchd,Unf,1,TA,TA,N,0,0,0,0,Sin_Cerca,7,2008,WD,Normal,145000
85,RL,64.0,7301,Sin_Acceso,Reg,Lvl,Corner,Gtl,Edwards,Norm,1Fam,SFoyer,7,5,2003,2003,Gable,HdBoard,HdBoard,BrkFace,500.0,Gd,TA,Slab,Sin_Sotano,Sin_Sotano,Sin_Sotano,Sin_Sotano,0,Sin_Sotano,0,0,0,Ex,Y,SBrkr,1427,1922,0,0,3,0,4,Gd,Typ,1,Ex,BuiltIn,RFn,2,TA,TA,Y,0,0,177,0,Sin_Cerca,7,2009,ConLD,Normal,198500
160,RM,21.0,1680,Sin_Acceso,Reg,Lvl,Inside,Gtl,BrDale,Norm,Twnhs,2Story,6,8,1972,2007,Gable,HdBoard,HdBoard,BrkFace,510.0,TA,TA,CBlock,TA,TA,No,ALQ,162,Unf,0,321,483,Gd,Y,SBrkr,504,987,0,0,1,1,2,Gd,Typ,0,Sin_Chimenea,Detchd,Unf,1,TA,TA,Y,250,0,0,0,Sin_Cerca,5,2009,WD,Normal,118000
60,RL,80.0,18800,Sin_Acceso,IR1,Lvl,FR2,Gtl,NWAmes,Norm,1Fam,2Story,6,5,1976,1976,Gable,HdBoard,HdBoard,BrkFace,120.0,TA,TA,PConc,Gd,TA,Mn,GLQ,712,Unf,0,84,796,TA,Y,SBrkr,784,1574,1,0,2,1,3,TA,Typ,1,TA,Attchd,Fin,2,TA,TA,Y,306,111,0,0,Sin_Cerca,7,2006,WD,Normal,190000
70,RM,59.0,10690,Sin_Acceso,Reg,Lvl,Inside,Gtl,IDOTRR,Norm,1Fam,2Story,5,7,1920,1997,Hip,VinylSd,VinylSd,None,0.0,TA,Gd,CBlock,TA,Fa,No,Rec,456,Unf,0,216,672,Gd,Y,FuseA,672,1344,0,0,1,0,3,TA,Typ,0,Sin_Chimenea,Detchd,Unf,1,TA,Fa,Y,0,128,218,0,Sin_Cerca,7,2009,WD,Normal,147000
20,RL,73.0,9500,Sin_Acceso,IR1,Lvl,Inside,Gtl,NAmes,Norm,1Fam,1Story,6,5,1963,1963,Gable,Plywood,Plywood,BrkFace,247.0,TA,TA,CBlock,Gd,TA,No,BLQ,609,Unf,0,785,1394,Gd,Y,SBrkr,0,1394,1,0,1,1,3,TA,Typ,2,Gd,Attchd,RFn,2,TA,TA,Y,0,76,0,185,Sin_Cerca,7,2009,WD,Normal,159000
80,RL,101.0,9150,Sin_Acceso,IR1,Lvl,Corner,Gtl,NAmes,Norm,1Fam,SLvl,6,5,1962,1962,Gable,Plywood,Plywood,BrkFace,305.0,TA,TA,CBlock,Gd,TA,Gd,GLQ,371,Unf,0,728,1099,Gd,Y,SBrkr,0,1431,0,1,1,0,3,TA,Typ,1,Gd,Basment,RFn,1,TA,TA,Y,64,110,0,0,Sin_Cerca,12,2008,WD,Normal,165000
20,RL,78.0,7800,Sin_Acceso,Reg,Lvl,Inside,Gtl,NAmes,Norm,1Fam,1Story,5,6,1954,1954,Gable,HdBoard,HdBoard,BrkFace,200.0,TA,TA,PConc,TA,TA,No,LwQ,540,Unf,0,728,1268,Gd,Y,SBrkr,0,1268,0,0,1,0,2,TA,Typ,1,Gd,Attchd,Fin,1,TA,TA,Y,0,98,0,0,Sin_Cerca,3,2010,WD,Normal,132000
20,RL,73.0,9830,Sin_Acceso,IR1,Lvl,Corner,Gtl,NAmes,Norm,1Fam,1Story,5,7,1959,2006,Gable,Wd Sdng,Wd Sdng,None,0.0,TA,Gd,CBlock,TA,TA,No,ALQ,72,Rec,258,733,1063,Ex,Y,SBrkr,0,1287,1,0,1,0,3,Gd,Typ,1,Gd,Detchd,Fin,2,TA,TA,Y,364,17,0,182,Sin_Cerca,3,2010,WD,Normal,162000
60,RL,65.0,8121,Sin_Acceso,IR1,Lvl,Inside,Gtl,Gilbert,Norm,1Fam,2Story,6,5,2000,2000,Gable,VinylSd,VinylSd,None,0.0,TA,TA,PConc,Gd,TA,No,Unf,0,Unf,0,953,953,Ex,Y,SBrkr,711,1664,0,0,2,1,3,TA,Typ,1,TA,Attchd,RFn,2,TA,TA,Y,100,40,0,0,Sin_Cerca,1,2006,WD,Normal,172400
50,RL,80.0,17120,Sin_Acceso,Reg,Lvl,Inside,Gtl,ClearCr,Feedr,1Fam,1.5Fin,4,4,1959,1959,Gable,WdShing,Plywood,None,0.0,TA,TA,CBlock,Sin_Sotano,Sin_Sotano,Sin_Sotano,Sin_Sotano,0,Sin_Sotano,0,0,0,TA,Y,SBrkr,468,1588,0,0,2,0,4,TA,Min2,1,Gd,Detchd,Fin,2,TA,TA,N,0,59,0,0,Sin_Cerca,7,2008,WD,Normal,134432
120,RL,50.0,7175,Sin_Acceso,Reg,Lvl,Inside,Gtl,SawyerW,Norm,TwnhsE,1Story,6,5,1984,1984,Gable,Plywood,Plywood,None,0.0,TA,TA,CBlock,Gd,TA,No,ALQ,623,LwQ,121,0,744,TA,Y,SBrkr,0,752,1,0,1,0,2,TA,Typ,0,Sin_Chimenea,Attchd,Unf,1,TA,TA,Y,353,0,0,90,MnPrv,2,2010,WD,Normal,125000
20,RL,79.0,10634,Sin_Acceso,Reg,Lvl,Inside,Gtl,NAmes,Norm,1Fam,1Story,5,6,1953,1953,Gable,MetalSd,MetalSd,None,0.0,TA,TA,PConc,TA,TA,No,BLQ,428,LwQ,180,0,608,TA,Y,SBrkr,0,1319,1,0,1,0,3,TA,Min2,0,Sin_Chimenea,Attchd,Unf,1,TA,TA,Y,66,0,0,0,GdWo,11,2009,WD,Normal,123000
60,RL,65.0,8200,Sin_Acceso,Reg,Lvl,Inside,Gtl,CollgCr,Norm,1Fam,2Story,7,5,2003,2004,Gable,VinylSd,VinylSd,None,0.0,Gd,TA,PConc,Gd,TA,No,Unf,0,Unf,0,847,847,Ex,Y,SBrkr,1081,1928,0,0,2,1,4,Gd,Typ,1,Gd,BuiltIn,Fin,2,TA,TA,Y,100,48,0,0,Sin_Cerca,7,2007,WD,Normal,219500
30,RL,65.5,10020,Sin_Acceso,IR1,Low,Inside,Sev,Edwards,Norm,1Fam,1Story,1,1,1922,1950,Gable,Wd Sdng,Wd Sdng,None,0.0,Fa,Fa,BrkTil,Fa,Po,Gd,BLQ,350,Unf,0,333,683,Gd,N,FuseA,0,904,1,0,0,1,1,Fa,Maj1,0,Sin_Chimenea,Sin_Garaje,Sin_Garaje,0,Sin_Garaje,Sin_Garaje,Y,0,0,0,0,Sin_Cerca,3,2009,WD,Normal,61000
85,RL,57.0,8846,Sin_Acceso,IR1,Lvl,CulDSac,Gtl,CollgCr,Norm,1Fam,SFoyer,5,5,1996,1996,Gable,VinylSd,VinylSd,None,0.0,Gd,TA,PConc,Gd,TA,Av,GLQ,298,Unf,0,572,870,Ex,Y,SBrkr,0,914,0,0,1,0,2,TA,Typ,0,Sin_Chimenea,Detchd,Unf,2,TA,TA,Y,0,0,0,0,Sin_Cerca,7,2006,WD,Normal,148000
60,FV,102.0,11143,Sin_Acceso,IR1,Lvl,Corner,Gtl,Somerst,Norm,1Fam,2Story,8,5,2004,2005,Gable,CemntBd,CmentBd,None,0.0,Gd,TA,PConc,Gd,TA,No,Unf,0,Unf,0,1580,1580,Ex,Y,SBrkr,886,2466,0,0,3,0,4,Gd,Typ,1,Gd,Attchd,RFn,2,TA,TA,Y,159,214,0,0,Sin_Cerca,12,2007,WD,Normal,340000
20,RL,88.0,11394,Sin_Acceso,Reg,Lvl,Corner,Gtl,StoneBr,Norm,1Fam,1Story,9,2,2010,2010,Hip,VinylSd,VinylSd,Stone,350.0,Gd,TA,PConc,Ex,TA,Av,GLQ,1445,Unf,0,411,1856,Ex,Y,SBrkr,0,1856,1,0,1,1,1,Ex,Typ,1,Ex,Attchd,Fin,3,TA,TA,Y,113,0,0,0,Sin_Cerca,6,2010,New,Partial,394432
60,RL,60.0,8123,Sin_Acceso,IR1,Lvl,Inside,Gtl,Gilbert,RRAn,1Fam,2Story,6,5,2000,2000,Gable,VinylSd,VinylSd,BrkFace,16.0,TA,TA,PConc,Gd,TA,No,Unf,0,Unf,0,982,982,Ex,Y,SBrkr,793,1800,0,0,2,1,3,TA,Typ,1,TA,Attchd,Fin,2,TA,TA,Y,100,63,0,0,Sin_Cerca,6,2009,WD,Normal,179000
50,RL,50.0,5000,Pave,Reg,Lvl,Inside,Gtl,SWISU,Norm,1Fam,1.5Fin,5,6,1924,1950,Gable,BrkFace,Wd Sdng,None,0.0,TA,TA,BrkTil,TA,TA,No,LwQ,218,Unf,0,808,1026,TA,Y,SBrkr,665,1691,0,0,2,0,3,Gd,Typ,1,Gd,Detchd,Unf,1,TA,TA,Y,0,0,242,0,Sin_Cerca,5,2010,WD,Normal,127000
20,FV,60.0,7200,Pave,Reg,Lvl,Inside,Gtl,Somerst,Norm,1Fam,1Story,7,5,2006,2006,Gable,VinylSd,VinylSd,None,0.0,Gd,TA,PConc,Gd,Gd,No,Unf,0,Unf,0,1293,1293,Ex,Y,SBrkr,0,1301,1,0,2,0,2,Gd,Typ,1,Gd,Attchd,RFn,2,TA,TA,Y,216,121,0,0,Sin_Cerca,8,2006,New,Partial,187750
60,RL,79.0,9245,Sin_Acceso,IR1,Lvl,Inside,Gtl,CollgCr,Norm,1Fam,2Story,7,5,2006,2006,Gable,VinylSd,VinylSd,None,0.0,Gd,TA,PConc,Gd,TA,Av,Unf,0,Unf,0,939,939,Ex,Y,SBrkr,858,1797,0,0,2,1,3,Gd,Typ,0,Sin_Chimenea,Attchd,RFn,2,TA,TA,Y,144,53,0,0,Sin_Cerca,4,2007,WD,Normal,213500
45,RH,60.0,9000,Sin_Acceso,Reg,Lvl,Corner,Gtl,SawyerW,Norm,1Fam,1.5Unf,6,3,1928,1950,Gable,Wd Sdng,Wd Sdng,None,0.0,TA,TA,BrkTil,Fa,Fa,No,Unf,0,Unf,0,784,784,TA,N,FuseA,0,784,0,0,1,0,2,TA,Typ,0,Sin_Chimenea,Detchd,Unf,2,Fa,Fa,N,0,0,91,0,Sin_Cerca,10,2009,WD,Normal,76000
60,RL,80.0,53107,Sin_Acceso,IR2,Low,Corner,Mod,ClearCr,Feedr,1Fam,2Story,6,5,1992,1992,Gable,HdBoard,HdBoard,None,0.0,Gd,TA,PConc,Gd,TA,Av,GLQ,985,Unf,0,595,1580,Ex,Y,SBrkr,874,1953,1,0,2,1,3,Gd,Typ,2,Fa,Attchd,Fin,2,TA,TA,Y,216,231,0,0,Sin_Cerca,6,2007,WD,Normal,240000
120,RL,43.0,3182,Sin_Acceso,Reg,Lvl,Inside,Gtl,Blmngtn,Norm,TwnhsE,1Story,8,5,2004,2005,Gable,VinylSd,VinylSd,BrkFace,16.0,Gd,TA,PConc,Gd,TA,No,GLQ,24,Unf,0,1232,1256,Ex,Y,SBrkr,0,1269,0,0,2,0,2,Gd,Typ,1,TA,Attchd,Fin,2,TA,TA,Y,146,20,0,144,Sin_Cerca,4,2010,WD,Normal,192000
50,RL,58.0,8410,Sin_Acceso,Reg,Lvl,FR2,Gtl,Edwards,Feedr,1Fam,1.5Fin,5,3,1910,1996,Gambrel,Wd Sdng,VinylSd,None,0.0,TA,Fa,PConc,TA,TA,No,Unf,0,Unf,0,658,658,TA,Y,SBrkr,526,1184,0,0,1,0,5,TA,Typ,0,Sin_Chimenea,Sin_Garaje,Sin_Garaje,0,Sin_Garaje,Sin_Garaje,N,0,151,0,0,Sin_Cerca,5,2006,WD,AdjLand,81000
80,RL,72.0,7200,Sin_Acceso,Reg,Lvl,Inside,Gtl,Edwards,Norm,1Fam,SLvl,6,6,1976,1976,Hip,MetalSd,MetalSd,BrkFace,255.0,TA,TA,CBlock,TA,TA,Av,ALQ,631,Unf,0,410,1041,Ex,Y,SBrkr,0,1125,1,0,1,0,3,TA,Typ,1,Fa,Detchd,Unf,1,TA,TA,Y,296,0,0,0,GdWo,10,2009,WD,Abnorml,125000
20,RL,93.0,9382,Sin_Acceso,IR1,Lvl,CulDSac,Gtl,CollgCr,Norm,1Fam,1Story,7,5,1999,2000,Gable,VinylSd,VinylSd,BrkFace,125.0,Gd,TA,PConc,Gd,TA,No,Unf,0,Unf,0,1468,1468,Ex,Y,SBrkr,0,1479,0,0,2,0,3,Gd,Typ,0,Sin_Chimenea,Attchd,RFn,2,TA,TA,Y,120,25,0,0,Sin_Cerca,7,2008,WD,Normal,191000
60,RL,96.0,12474,Sin_Acceso,Reg,Lvl,Inside,Gtl,NridgHt,Norm,1Fam,2Story,10,5,2007,2008,Gable,VinylSd,VinylSd,Stone,272.0,Ex,TA,PConc,Ex,TA,Av,GLQ,1280,Unf,0,402,1682,Ex,Y,SBrkr,590,2332,1,0,2,1,3,Ex,Typ,1,Ex,BuiltIn,Fin,3,TA,TA,Y,196,134,0,0,Sin_Cerca,8,2008,New,Partial,426000
50,RL,50.0,8405,Grvl,Reg,Lvl,Inside,Gtl,Edwards,Norm,1Fam,1.5Fin,5,8,1900,1950,Gable,MetalSd,MetalSd,None,0.0,TA,TA,BrkTil,TA,Gd,No,Rec,241,BLQ,391,229,861,Ex,Y,SBrkr,406,1367,1,0,1,0,4,TA,Typ,0,Sin_Chimenea,Detchd,Unf,1,TA,TA,Y,0,130,112,0,MnPrv,4,2008,WD,Normal,119000
60,RL,71.0,12209,Sin_Acceso,IR1,Lvl,CulDSac,Gtl,Mitchel,Norm,1Fam,2Story,6,5,2001,2002,Gable,VinylSd,VinylSd,None,0.0,TA,TA,PConc,Ex,TA,No,ALQ,690,Unf,0,114,804,Ex,Y,SBrkr,1157,1961,1,0,2,1,3,Gd,Typ,1,TA,BuiltIn,Fin,2,TA,TA,Y,125,192,0,0,Sin_Cerca,6,2009,WD,Normal,215000
20,RL,73.0,8339,Sin_Acceso,IR1,Lvl,Inside,Gtl,NAmes,Norm,1Fam,1Story,5,7,1959,1959,Gable,MetalSd,MetalSd,None,0.0,TA,TA,Slab,Sin_Sotano,Sin_Sotano,Sin_Sotano,Sin_Sotano,0,Sin_Sotano,0,0,0,TA,Y,SBrkr,0,882,0,0,1,0,3,TA,Typ,0,Sin_Chimenea,Attchd,RFn,1,TA,TA,Y,0,0,0,0,MnPrv,7,2007,WD,Normal,106500
30,RL,52.0,7446,Sin_Acceso,Reg,Lvl,Corner,Gtl,BrkSide,Feedr,1Fam,1Story,4,5,1941,1950,Gable,WdShing,Wd Shng,None,0.0,TA,TA,CBlock,TA,TA,No,Rec,266,Unf,0,522,788,TA,Y,FuseA,0,788,0,0,1,0,2,TA,Typ,2,TA,Sin_Garaje,Sin_Garaje,0,Sin_Garaje,Sin_Garaje,Y,0,0,0,0,GdWo,4,2006,WD,Abnorml,100000
50,RL,60.0,10134,Sin_Acceso,Reg,Lvl,Inside,Gtl,OldTown,Norm,1Fam,1.5Fin,5,6,1940,1950,Gable,MetalSd,MetalSd,None,0.0,TA,TA,CBlock,TA,TA,No,Unf,0,Unf,0,735,735,Gd,Y,FuseA,299,1034,0,0,1,0,2,TA,Typ,0,Sin_Chimenea,Detchd,Unf,1,TA,TA,Y,0,39,0,0,Sin_Cerca,7,2007,WD,Normal,109000
20,RL,68.0,9571,Sin_Acceso,Reg,Lvl,Inside,Gtl,Edwards,Norm,1Fam,1Story,5,6,1956,1956,Gable,Wd Sdng,Wd Sdng,None,0.0,TA,TA,CBlock,TA,TA,Av,BLQ,739,Unf,0,405,1144,TA,Y,SBrkr,0,1144,1,0,1,0,3,TA,Typ,0,Sin_Chimenea,Attchd,Unf,1,TA,TA,Y,44,0,0,0,Sin_Cerca,6,2010,WD,Normal,129000
20,RL,60.0,7200,Sin_Acceso,Reg,Low,Inside,Gtl,CollgCr,Norm,1Fam,1Story,5,5,1972,1972,Hip,MetalSd,MetalSd,None,0.0,TA,TA,CBlock,TA,TA,Av,Rec,777,Unf,0,117,894,TA,Y,SBrkr,0,894,0,0,1,0,2,TA,Typ,0,Sin_Chimenea,Detchd,RFn,2,TA,TA,Y,215,0,0,0,Sin_Cerca,9,2009,WD,Normal,123000
60,RL,69.0,7590,Sin_Acceso,Reg,Lvl,Inside,Gtl,NAmes,PosN,1Fam,2Story,5,5,1962,1962,Gable,VinylSd,VinylSd,BrkFace,288.0,TA,TA,CBlock,TA,TA,No,ALQ,540,Unf,0,324,864,TA,Y,SBrkr,936,1812,0,0,2,0,4,TA,Typ,1,TA,Attchd,RFn,1,TA,TA,Y,0,168,0,0,Sin_Cerca,7,2007,WD,Normal,169500
30,RM,60.0,8967,Sin_Acceso,Reg,Lvl,Corner,Gtl,IDOTRR,Norm,1Fam,1Story,5,2,1920,1950,Gable,MetalSd,MetalSd,None,0.0,TA,Fa,BrkTil,Fa,Po,No,Unf,0,Unf,0,961,961,Gd,Y,Mix,0,1077,0,0,1,0,2,TA,Maj2,0,Sin_Chimenea,Detchd,Unf,1,Po,Po,N,0,0,0,0,Sin_Cerca,11,2007,WD,Abnorml,67000
60,FV,65.0,8125,Sin_Acceso,Reg,Lvl,Inside,Gtl,Somerst,Norm,1Fam,2Story,7,5,2006,2007,Gable,CemntBd,CmentBd,Stone,100.0,Gd,TA,PConc,Gd,TA,No,GLQ,812,Unf,0,280,1092,Ex,Y,SBrkr,438,1550,1,0,2,0,2,Gd,Typ,0,Sin_Chimenea,Attchd,Fin,2,TA,TA,Y,0,168,0,0,Sin_Cerca,10,2009,WD,Normal,241000
120,RL,38.0,14963,Sin_Acceso,IR2,Lvl,Inside,Gtl,Veenker,Norm,TwnhsE,1Story,8,5,1996,1996,Gable,BrkFace,BrkFace,None,0.0,Gd,TA,PConc,Gd,TA,No,GLQ,786,Unf,0,474,1260,Ex,Y,SBrkr,0,1288,1,0,1,1,1,Ex,Typ,2,Gd,Attchd,Fin,2,TA,TA,Y,120,30,0,224,Sin_Cerca,12,2008,WD,Normal,245500
20,RL,65.0,8767,Sin_Acceso,IR1,Lvl,Inside,Gtl,CollgCr,Norm,1Fam,1Story,7,5,2005,2005,Gable,VinylSd,VinylSd,None,0.0,Gd,TA,PConc,Gd,TA,Av,GLQ,24,Unf,0,1286,1310,Ex,Y,SBrkr,0,1310,0,0,2,0,3,Gd,Typ,1,Gd,Attchd,Fin,2,TA,TA,Y,0,0,0,0,Sin_Cerca,7,2006,New,Partial,164990
30,RL,60.0,10200,Sin_Acceso,Reg,Lvl,Inside,Gtl,Sawyer,Norm,1Fam,1Story,5,8,1940,1997,Gable,Wd Sdng,Wd Sdng,None,0.0,TA,TA,PConc,TA,TA,No,Unf,0,Unf,0,672,672,Ex,Y,SBrkr,0,672,0,0,1,0,2,TA,Typ,0,Sin_Chimenea,Detchd,Unf,1,TA,TA,N,168,0,0,0,GdPrv,8,2008,WD,Normal,108000
60,RL,93.0,12090,Sin_Acceso,Reg,Lvl,Corner,Gtl,NoRidge,Norm,1Fam,2Story,8,5,1998,1998,Hip,VinylSd,VinylSd,BrkFace,650.0,Gd,TA,PConc,Gd,TA,No,Unf,0,Unf,0,1141,1141,Gd,Y,SBrkr,1098,2263,0,0,2,1,4,Gd,Typ,1,TA,BuiltIn,Fin,2,TA,TA,Y,144,123,0,0,Sin_Cerca,7,2006,WD,Abnorml,258000
60,RL,65.0,10364,Sin_Acceso,IR1,Lvl,Inside,Gtl,Gilbert,Norm,1Fam,2Story,6,5,1995,1996,Gable,MetalSd,MetalSd,None,0.0,TA,TA,PConc,Gd,TA,No,Unf,0,Unf,0,806,806,Gd,Y,SBrkr,766,1572,0,0,2,1,3,TA,Typ,1,TA,BuiltIn,Fin,2,TA,TA,Y,0,40,0,0,Sin_Cerca,5,2007,WD,Normal,168000
20,RL,71.0,9991,Sin_Acceso,IR1,Lvl,Corner,Gtl,Sawyer,Feedr,1Fam,1Story,4,4,1976,1993,Gable,Plywood,Plywood,None,0.0,TA,TA,CBlock,TA,TA,No,BLQ,1116,Unf,0,165,1281,Ex,Y,SBrkr,0,1620,1,0,2,0,3,TA,Min1,1,TA,Attchd,Unf,2,TA,TA,Y,120,78,0,0,GdWo,6,2009,WD,Normal,150000
50,RL,51.0,10480,Sin_Acceso,Reg,Lvl,Inside,Gtl,SWISU,Norm,1Fam,1.5Fin,6,5,1936,1950,Gable,MetalSd,MetalSd,None,0.0,TA,TA,BrkTil,TA,TA,No,Unf,0,Unf,0,1064,1064,Ex,Y,FuseA,0,1639,0,0,1,0,3,TA,Maj2,0,Sin_Chimenea,Detchd,Unf,1,TA,TA,Y,0,0,0,0,Sin_Cerca,3,2008,WD,Normal,115000
70,RL,63.0,15576,Sin_Acceso,Reg,Lvl,Inside,Gtl,Crawfor,Norm,1Fam,2Story,6,7,1915,1976,Gable,Wd Sdng,Plywood,None,0.0,TA,TA,BrkTil,Gd,TA,No,Unf,0,Unf,0,840,840,Ex,Y,SBrkr,840,1680,0,0,2,0,4,TA,Typ,0,Sin_Chimenea,Attchd,Unf,1,TA,TA,Y,0,0,160,0,Sin_Cerca,3,2008,WD,Normal,177000
60,RL,109.0,14154,Sin_Acceso,Reg,Lvl,Corner,Gtl,NridgHt,Norm,1Fam,2Story,7,5,2006,2006,Gable,VinylSd,VinylSd,BrkFace,350.0,Gd,TA,PConc,Ex,Gd,No,Unf,0,Unf,0,1063,1063,Ex,Y,SBrkr,1101,2172,0,0,2,1,3,Gd,Typ,1,Gd,Attchd,RFn,3,TA,TA,Y,192,62,0,0,Sin_Cerca,8,2007,New,Partial,280000
60,FV,85.0,10800,Sin_Acceso,Reg,Lvl,Inside,Gtl,Somerst,Norm,1Fam,2Story,8,5,2007,2008,Gable,VinylSd,VinylSd,Stone,100.0,Gd,TA,PConc,Ex,TA,No,GLQ,789,Unf,0,245,1034,Ex,Y,SBrkr,1028,2078,1,0,2,1,3,Ex,Typ,1,Gd,Attchd,Fin,3,TA,TA,Y,0,102,0,0,Sin_Cerca,4,2008,New,Partial,339750
20,RL,68.0,9571,Sin_Acceso,Reg,Lvl,Inside,Gtl,Edwards,Norm,1Fam,1Story,5,3,1958,1958,Gable,BrkComm,Brk Cmn,None,0.0,TA,Fa,CBlock,TA,Fa,No,Unf,0,Unf,0,1276,1276,TA,Y,FuseA,0,1276,0,0,1,0,3,TA,Mod,0,Sin_Chimenea,Attchd,Unf,1,TA,TA,Y,0,0,0,0,Sin_Cerca,6,2009,COD,Abnorml,60000
190,RL,100.0,34650,Sin_Acceso,Reg,Bnk,Inside,Gtl,Gilbert,Norm,2fmCon,1Story,5,5,1955,1955,Hip,Wd Sdng,Wd Sdng,None,0.0,TA,TA,CBlock,TA,TA,Mn,Rec,1056,Unf,0,0,1056,TA,N,SBrkr,0,1056,1,0,1,0,3,TA,Typ,0,Sin_Chimenea,Attchd,Fin,2,TA,TA,Y,264,0,0,0,Sin_Cerca,1,2006,WD,Normal,145000
20,FV,73.5,4403,Sin_Acceso,IR2,Lvl,Inside,Gtl,Somerst,Norm,1Fam,1Story,7,5,2009,2009,Gable,MetalSd,MetalSd,Stone,432.0,Ex,TA,PConc,Ex,TA,Av,GLQ,578,Unf,0,892,1470,Ex,Y,SBrkr,0,1478,1,0,2,1,2,Gd,Typ,1,Gd,Attchd,Fin,2,TA,TA,Y,0,144,0,0,Sin_Cerca,6,2010,New,Partial,222000
30,RM,56.0,8960,Grvl,Reg,Lvl,Inside,Gtl,OldTown,Artery,1Fam,1Story,5,6,1927,1950,Gable,WdShing,Wd Shng,None,0.0,TA,TA,CBlock,TA,TA,No,Unf,0,Unf,0,1008,1008,Gd,Y,FuseA,0,1028,0,0,1,0,2,TA,Typ,1,Gd,Detchd,Unf,2,TA,TA,Y,0,0,130,0,Sin_Cerca,3,2010,WD,Normal,115000
60,RL,59.0,11228,Sin_Acceso,IR2,Lvl,CulDSac,Gtl,SawyerW,Norm,1Fam,2Story,7,5,1993,1993,Gable,VinylSd,VinylSd,None,0.0,Gd,TA,PConc,Gd,TA,No,BLQ,50,GLQ,531,499,1080,Ex,Y,SBrkr,1017,2097,0,1,2,1,3,Gd,Typ,1,TA,Attchd,Unf,3,TA,TA,Y,196,187,0,0,Sin_Cerca,12,2008,WD,Normal,228000
20,RL,73.0,8899,Sin_Acceso,IR1,Lvl,Inside,Gtl,Gilbert,Norm,1Fam,1Story,7,5,2007,2007,Gable,VinylSd,VinylSd,None,0.0,Gd,TA,PConc,Gd,TA,Av,GLQ,24,Unf,0,1316,1340,Ex,Y,SBrkr,0,1340,0,0,2,0,3,Gd,Typ,0,Sin_Chimenea,Attchd,Fin,2,TA,TA,Y,100,30,0,0,Sin_Cerca,8,2007,New,Partial,181134
60,RL,74.0,7844,Sin_Acceso,Reg,Lvl,Inside,Gtl,Sawyer,Norm,1Fam,2Story,6,7,1978,1978,Hip,HdBoard,HdBoard,BrkFace,203.0,TA,TA,CBlock,TA,TA,No,ALQ,209,Unf,0,463,672,TA,Y,SBrkr,728,1400,0,0,1,1,3,TA,Typ,1,TA,Attchd,Fin,2,TA,TA,Y,0,0,0,0,Sin_Cerca,3,2006,WD,Normal,149500
70,RL,86.0,22420,Sin_Acceso,IR1,Lvl,Inside,Gtl,Crawfor,Feedr,1Fam,2Story,6,6,1918,1950,Hip,Wd Sdng,Stucco,None,0.0,TA,TA,BrkTil,Gd,TA,No,BLQ,1128,Unf,0,242,1370,TA,N,FuseA,1254,2624,1,0,2,1,4,TA,Typ,1,Gd,Detchd,Unf,3,TA,TA,N,0,0,0,0,Sin_Cerca,11,2007,WD,Normal,239000
50,RL,60.0,8160,Sin_Acceso,Reg,Lvl,Inside,Gtl,Edwards,Norm,1Fam,1.5Fin,5,6,1940,1950,Gable,MetalSd,MetalSd,None,0.0,TA,TA,BrkTil,TA,TA,No,ALQ,312,Unf,0,444,756,Fa,N,FuseF,378,1134,1,0,1,1,3,TA,Typ,0,Sin_Chimenea,Detchd,Unf,1,TA,TA,P,0,0,0,0,Sin_Cerca,4,2007,WD,AdjLand,126000
20,RL,65.0,8450,Sin_Acceso,Reg,Lvl,Inside,Gtl,NAmes,Norm,1Fam,1Story,5,6,1968,1968,Gable,VinylSd,VinylSd,None,0.0,TA,TA,CBlock,TA,TA,No,BLQ,775,Unf,0,281,1056,Ex,Y,SBrkr,0,1056,1,0,1,0,3,TA,Typ,1,Fa,Attchd,Unf,1,TA,TA,Y,0,85,184,0,Sin_Cerca,7,2010,WD,Normal,142000
90,RM,78.0,7060,Sin_Acceso,Reg,Lvl,Inside,Gtl,Mitchel,Norm,Duplex,SFoyer,7,5,1997,1998,Gable,VinylSd,VinylSd,BrkFace,200.0,TA,Gd,PConc,Gd,Gd,Gd,GLQ,1309,Unf,0,35,1344,Ex,Y,SBrkr,0,1344,2,0,2,0,2,TA,Typ,0,Sin_Chimenea,Attchd,Fin,4,TA,TA,Y,0,0,0,0,Sin_Cerca,11,2008,WD,Alloca,206300
20,RL,80.0,16635,Sin_Acceso,IR1,Lvl,FR2,Gtl,NWAmes,Norm,1Fam,1Story,6,7,1977,2000,Gable,CemntBd,CmentBd,Stone,126.0,Gd,TA,CBlock,Gd,TA,No,ALQ,1246,Unf,0,356,1602,Gd,Y,SBrkr,0,1602,0,1,2,0,3,Gd,Typ,1,TA,Attchd,Fin,2,TA,TA,Y,240,0,0,0,Sin_Cerca,6,2009,WD,Normal,215000
20,RL,100.0,21750,Sin_Acceso,Reg,HLS,Inside,Mod,Mitchel,Artery,1Fam,1Story,5,5,1954,1954,Hip,HdBoard,HdBoard,None,0.0,TA,TA,CBlock,TA,TA,No,Unf,0,Unf,0,988,988,Ex,Y,FuseA,0,988,0,0,1,0,2,TA,Typ,0,Sin_Chimenea,Attchd,RFn,2,TA,TA,N,0,0,0,0,Sin_Cerca,2,2008,WD,Normal,113000
60,RL,80.0,9200,Sin_Acceso,Reg,Lvl,Inside,Gtl,NoRidge,Norm,1Fam,2Story,8,5,1998,1998,Gable,VinylSd,VinylSd,BrkFace,473.0,Gd,TA,PConc,Gd,TA,No,GLQ,986,Unf,0,484,1470,Gd,Y,SBrkr,1160,2630,1,0,2,1,4,Gd,Typ,1,TA,Attchd,Fin,3,TA,TA,Y,0,66,0,0,Sin_Cerca,6,2008,WD,Normal,315000
20,RL,72.0,9000,Sin_Acceso,Reg,Lvl,Inside,Gtl,NAmes,Norm,1Fam,1Story,6,5,1956,1956,Gable,Wd Sdng,Wd Sdng,BrkFace,74.0,TA,TA,CBlock,Gd,TA,No,LwQ,616,Unf,0,580,1196,Gd,Y,FuseA,0,1196,1,0,1,0,2,TA,Typ,1,Gd,Attchd,RFn,1,TA,TA,Y,0,44,0,0,Sin_Cerca,5,2008,WD,Normal,139000
60,RM,60.0,3378,Grvl,Reg,HLS,Inside,Gtl,OldTown,Norm,1Fam,2Story,7,8,1946,1992,Gable,HdBoard,HdBoard,None,0.0,TA,Gd,CBlock,TA,TA,No,Unf,0,Unf,0,651,651,Gd,Y,SBrkr,682,1389,0,0,1,1,3,TA,Typ,2,Gd,Detchd,Unf,1,TA,TA,P,0,0,126,0,Sin_Cerca,9,2009,WD,Normal,135000
80,RL,66.5,12800,Sin_Acceso,Reg,Low,Inside,Mod,SawyerW,Norm,1Fam,SLvl,7,5,1989,1989,Gable,Wd Sdng,Wd Sdng,BrkFace,145.0,Gd,TA,PConc,Gd,TA,Gd,GLQ,1518,Unf,0,0,1518,Gd,Y,SBrkr,0,1644,1,1,2,0,2,Gd,Typ,1,TA,Attchd,Fin,2,TA,TA,Y,80,0,0,396,Sin_Cerca,8,2009,WD,Normal,275000
20,RL,77.0,8593,Sin_Acceso,IR1,Lvl,Inside,Gtl,NAmes,Norm,1Fam,1Story,4,6,1957,1957,Hip,MetalSd,MetalSd,None,0.0,TA,TA,CBlock,TA,TA,No,Rec,288,Unf,0,619,907,Ex,Y,SBrkr,0,907,0,0,1,0,3,TA,Typ,0,Sin_Chimenea,Detchd,Unf,1,TA,TA,Y,0,0,0,0,Sin_Cerca,7,2008,WD,Normal,109008
20,RL,64.0,6762,Sin_Acceso,Reg,Lvl,Inside,Gtl,CollgCr,Norm,1Fam,1Story,7,5,2007,2007,Gable,VinylSd,VinylSd,BrkFace,108.0,Gd,TA,PConc,Gd,TA,No,GLQ,664,Unf,0,544,1208,Ex,Y,SBrkr,0,1208,1,0,2,0,2,Gd,Typ,0,Sin_Chimenea,Attchd,RFn,2,TA,TA,Y,105,54,0,0,Sin_Cerca,9,2007,New,Partial,195400
20,RL,130.0,11457,Sin_Acceso,IR1,Lvl,Corner,Gtl,Timber,Norm,1Fam,1Story,6,5,1988,1988,Gable,HdBoard,HdBoard,None,0.0,TA,TA,CBlock,Gd,TA,Mn,GLQ,1005,Unf,0,387,1392,TA,Y,SBrkr,0,1412,1,0,2,0,3,Gd,Typ,1,TA,Attchd,Unf,2,TA,TA,Y,0,0,169,0,Sin_Cerca,3,2009,WD,Normal,175000
160,RM,21.0,1680,Sin_Acceso,Reg,Lvl,Inside,Gtl,BrDale,Norm,Twnhs,2Story,6,5,1971,1971,Gable,HdBoard,HdBoard,BrkFace,232.0,TA,TA,CBlock,TA,TA,No,ALQ,387,Unf,0,96,483,TA,Y,SBrkr,504,987,0,0,1,1,2,TA,Typ,0,Sin_Chimenea,Detchd,Unf,1,TA,TA,Y,0,0,0,0,Sin_Cerca,7,2008,COD,Abnorml,85400
50,RM,60.0,5586,Sin_Acceso,IR1,Bnk,Inside,Gtl,OldTown,Feedr,1Fam,1.5Fin,6,7,1920,1998,Gable,MetalSd,MetalSd,None,0.0,TA,TA,BrkTil,TA,TA,No,Unf,0,Unf,0,901,901,Gd,Y,SBrkr,110,1198,0,0,1,0,4,TA,Typ,0,Sin_Chimenea,Sin_Garaje,Sin_Garaje,0,Sin_Garaje,Sin_Garaje,N,0,98,0,0,MnPrv,9,2008,ConLD,Abnorml,79900
160,RM,24.0,1920,Sin_Acceso,Reg,Lvl,Inside,Gtl,BrDale,Norm,TwnhsE,2Story,5,5,1971,1971,Gable,HdBoard,HdBoard,BrkFace,376.0,TA,TA,CBlock,TA,TA,No,ALQ,471,Unf,0,294,765,Ex,Y,SBrkr,600,1365,1,0,1,1,2,TA,Min1,0,Sin_Chimenea,Detchd,Unf,2,TA,TA,Y,240,36,0,0,Sin_Cerca,8,2007,WD,Normal,122500
60,RL,100.0,10839,Sin_Acceso,IR1,Lvl,Corner,Gtl,Gilbert,Norm,1Fam,2Story,6,5,1997,1998,Gable,VinylSd,VinylSd,None,0.0,TA,TA,PConc,Gd,TA,No,Unf,0,Unf,0,926,926,Ex,Y,SBrkr,678,1604,0,0,2,1,3,TA,Typ,1,TA,Attchd,Fin,2,TA,TA,Y,0,36,0,0,Sin_Cerca,7,2008,WD,Normal,181000
180,RM,21.0,1890,Sin_Acceso,Reg,Lvl,Inside,Gtl,MeadowV,Norm,Twnhs,SFoyer,4,7,1972,1972,Gable,CemntBd,CmentBd,None,0.0,TA,Gd,CBlock,Gd,TA,Av,ALQ,495,Unf,0,135,630,Gd,Y,SBrkr,0,630,1,0,1,0,1,TA,Typ,0,Sin_Chimenea,Sin_Garaje,Sin_Garaje,0,Sin_Garaje,Sin_Garaje,Y,88,0,0,0,Sin_Cerca,6,2008,WD,Normal,81000
60,RL,43.0,10667,Sin_Acceso,IR2,Lvl,CulDSac,Gtl,CollgCr,PosN,1Fam,2Story,7,6,1996,1996,Gable,VinylSd,VinylSd,None,0.0,Gd,TA,PConc,Gd,TA,Av,GLQ,385,ALQ,344,70,799,Ex,Y,SBrkr,834,1661,1,0,2,1,3,Gd,Typ,1,TA,Attchd,RFn,2,TA,TA,Y,158,61,0,0,Sin_Cerca,4,2009,ConLw,Normal,212000
50,RM,40.0,4400,Sin_Acceso,Reg,Lvl,Inside,Gtl,OldTown,Norm,1Fam,1.5Fin,6,8,1920,1950,Gable,Stucco,Stucco,None,0.0,TA,TA,BrkTil,Fa,TA,No,Unf,0,Unf,0,648,648,TA,Y,FuseA,384,1118,0,0,1,0,2,TA,Typ,0,Sin_Chimenea,Detchd,Unf,2,TA,TA,Y,0,0,0,0,Sin_Cerca,10,2006,WD,Normal,116000
45,RM,50.0,6000,Sin_Acceso,Reg,Lvl,Inside,Gtl,BrkSide,Norm,1Fam,1.5Unf,6,7,1926,2004,Gable,Wd Sdng,Wd Sdng,None,0.0,Gd,TA,PConc,TA,TA,No,Unf,0,Unf,0,884,884,Gd,Y,SBrkr,0,904,0,0,1,0,2,TA,Typ,0,Sin_Chimenea,Detchd,Unf,1,TA,TA,Y,0,0,105,0,Sin_Cerca,1,2009,WD,Normal,119000
30,RL,40.0,4280,Sin_Acceso,Reg,Lvl,Inside,Gtl,Crawfor,Norm,1Fam,1Story,5,6,1913,2002,Gable,WdShing,Stucco,None,0.0,TA,TA,PConc,TA,TA,No,LwQ,365,Unf,0,75,440,TA,N,SBrkr,0,694,0,0,1,0,2,Gd,Typ,1,Gd,Detchd,Unf,1,Gd,TA,P,0,0,34,0,MnPrv,3,2007,WD,Normal,90350
50,RL,67.0,12354,Grvl,Reg,Lvl,Corner,Gtl,Edwards,Norm,1Fam,1.5Fin,6,8,1920,2000,Gable,Wd Sdng,Wd Sdng,None,0.0,TA,TA,BrkTil,TA,Fa,Mn,Unf,0,Unf,0,684,684,Gd,Y,SBrkr,512,1196,0,0,1,0,3,Gd,Typ,0,Sin_Chimenea,Detchd,Unf,2,TA,TA,Y,0,46,0,0,GdPrv,8,2009,ConLI,Normal,110000
20,RL,105.0,15431,Sin_Acceso,Reg,Lvl,Inside,Gtl,NridgHt,Norm,1Fam,1Story,10,5,2008,2008,Hip,VinylSd,VinylSd,Stone,200.0,Ex,TA,PConc,Ex,TA,Gd,GLQ,1767,ALQ,539,788,3094,Ex,Y,SBrkr,0,2402,1,0,2,0,2,Ex,Typ,2,Gd,Attchd,Fin,3,TA,TA,Y,0,72,0,170,Sin_Cerca,4,2009,WD,Normal,555000
90,RL,92.0,12108,Sin_Acceso,Reg,Lvl,Inside,Gtl,Edwards,Norm,Duplex,1Story,4,4,1955,1955,Gable,VinylSd,VinylSd,BrkFace,270.0,TA,TA,CBlock,TA,TA,No,ALQ,133,Unf,0,1307,1440,TA,N,FuseF,0,1440,0,0,2,0,4,Fa,Typ,0,Sin_Chimenea,Sin_Garaje,Sin_Garaje,0,Sin_Garaje,Sin_Garaje,Y,0,0,0,0,Sin_Cerca,9,2008,WD,Normal,118000
50,RM,52.0,6240,Sin_Acceso,Reg,Lvl,Inside,Gtl,BrkSide,Norm,1Fam,1.5Fin,5,7,1930,1992,Gable,MetalSd,MetalSd,None,0.0,TA,TA,PConc,TA,TA,No,Unf,0,Unf,0,1078,1078,TA,Y,SBrkr,445,1573,0,0,2,0,3,TA,Typ,1,Gd,Detchd,Unf,2,TA,TA,P,0,0,0,0,Sin_Cerca,6,2008,WD,Normal,162900
120,RL,53.0,3922,Sin_Acceso,Reg,Lvl,Inside,Gtl,Blmngtn,Norm,TwnhsE,1Story,7,5,2006,2007,Gable,WdShing,Wd Shng,BrkFace,72.0,Gd,TA,PConc,Ex,TA,Av,Unf,0,Unf,0,1258,1258,Ex,Y,SBrkr,0,1258,0,0,2,0,2,Gd,Typ,1,Gd,Attchd,Fin,3,TA,TA,Y,144,16,0,0,Sin_Cerca,6,2007,New,Partial,172500
60,RL,70.0,8750,Sin_Acceso,Reg,Lvl,Inside,Gtl,CollgCr,Norm,1Fam,2Story,7,5,1994,1995,Gable,VinylSd,VinylSd,None,0.0,Gd,Gd,PConc,Gd,TA,No,GLQ,642,Unf,0,273,915,Ex,Y,SBrkr,975,1908,1,0,2,1,4,Gd,Typ,1,TA,Attchd,Unf,2,TA,TA,Y,144,133,0,0,Sin_Cerca,7,2008,WD,Normal,210000
20,RL,73.0,9855,Sin_Acceso,Reg,Lvl,Corner,Gtl,Edwards,Norm,1Fam,1Story,6,5,1956,1956,Hip,Wd Sdng,Wd Sdng,None,0.0,TA,TA,CBlock,TA,TA,No,Unf,0,Unf,0,1436,1436,Fa,Y,SBrkr,0,1689,0,0,1,0,3,TA,Typ,1,Gd,Attchd,Unf,2,TA,TA,Y,0,0,0,0,MnPrv,11,2009,COD,Normal,127500
20,RL,137.0,16492,Sin_Acceso,IR1,Lvl,Corner,Gtl,NAmes,PosA,1Fam,1Story,6,6,1966,2002,Gable,BrkFace,Plywood,None,0.0,Gd,TA,CBlock,TA,TA,No,ALQ,247,Rec,713,557,1517,Ex,Y,SBrkr,0,1888,0,0,2,1,2,Gd,Mod,1,Gd,Attchd,Fin,2,TA,TA,Y,0,0,0,0,Sin_Cerca,6,2010,WD,Normal,190000
60,RL,65.0,11214,Sin_Acceso,IR1,Lvl,Corner,Gtl,Gilbert,Norm,1Fam,2Story,7,5,1998,1999,Gable,VinylSd,VinylSd,None,0.0,Gd,TA,PConc,Gd,TA,No,Unf,0,Unf,0,930,930,Gd,Y,SBrkr,930,1886,0,0,2,1,4,Gd,Typ,1,TA,Attchd,Fin,2,TA,TA,Y,89,0,0,0,Sin_Cerca,7,2006,WD,Normal,199900
50,RM,50.0,8600,Sin_Acceso,Reg,Bnk,Inside,Gtl,IDOTRR,Norm,1Fam,1.5Fin,6,6,1937,1950,Gable,MetalSd,MetalSd,None,0.0,TA,TA,BrkTil,TA,TA,No,Unf,0,Unf,0,780,780,TA,Y,SBrkr,596,1376,0,0,2,0,3,TA,Typ,1,Gd,Detchd,Unf,1,TA,TA,N,0,0,0,0,Sin_Cerca,6,2006,WD,Normal,119500
50,RM,50.0,6000,Sin_Acceso,Reg,Lvl,Inside,Gtl,OldTown,Norm,1Fam,1.5Fin,3,7,1948,2002,Gable,MetalSd,MetalSd,None,0.0,TA,Gd,CBlock,TA,TA,No,ALQ,331,Unf,0,318,649,Ex,Y,SBrkr,504,1183,0,0,1,1,2,TA,Typ,0,Sin_Chimenea,Detchd,Unf,1,TA,TA,Y,0,176,0,0,Sin_Cerca,6,2007,WD,Normal,120000
30,RM,70.0,5684,Sin_Acceso,Reg,Lvl,Inside,Gtl,OldTown,Norm,1Fam,1Story,6,8,1930,2005,Hip,Wd Sdng,Wd Sdng,None,0.0,TA,TA,BrkTil,TA,TA,No,Unf,0,Unf,0,813,813,Ex,Y,FuseA,0,813,0,0,1,0,2,Gd,Typ,0,Sin_Chimenea,Detchd,Unf,1,Fa,Fa,N,0,113,0,0,Sin_Cerca,6,2006,WD,Normal,110000
20,RL,62.0,70761,Sin_Acceso,IR1,Low,Inside,Mod,ClearCr,Norm,1Fam,1Story,7,5,1975,1975,Gable,Plywood,Plywood,None,0.0,TA,TA,CBlock,Gd,TA,Gd,ALQ,655,Unf,0,878,1533,TA,Y,SBrkr,0,1533,1,0,2,0,2,Gd,Typ,2,TA,Attchd,Unf,2,TA,TA,Y,200,54,0,0,Sin_Cerca,12,2006,WD,Normal,280000
60,RL,85.0,9303,Sin_Acceso,IR1,Lvl,Corner,Gtl,Timber,Norm,1Fam,2Story,6,5,1996,1997,Hip,VinylSd,VinylSd,BrkFace,42.0,Gd,TA,PConc,Ex,TA,No,ALQ,742,Unf,0,130,872,Ex,Y,SBrkr,868,1756,1,0,2,1,3,TA,Typ,0,Sin_Chimenea,Attchd,Fin,2,TA,TA,Y,144,122,0,0,Sin_Cerca,7,2007,WD,Normal,204000
60,FV,75.0,9000,Sin_Acceso,Reg,Lvl,Inside,Gtl,Somerst,Norm,1Fam,2Story,8,5,2008,2008,Gable,VinylSd,VinylSd,None,0.0,Gd,TA,PConc,Gd,TA,No,Unf,0,Unf,0,768,768,Ex,Y,SBrkr,804,1590,0,0,2,1,3,Gd,Typ,0,Sin_Chimenea,Attchd,RFn,2,TA,TA,Y,0,30,0,0,Sin_Cerca,6,2009,WD,Normal,210000
90,RL,63.0,9297,Sin_Acceso,Reg,Lvl,Inside,Gtl,Mitchel,Norm,Duplex,1Story,5,5,1976,1976,Gable,Plywood,Plywood,None,0.0,TA,TA,CBlock,TA,TA,No,ALQ,1606,Unf,0,122,1728,TA,Y,SBrkr,0,1728,2,0,2,0,4,TA,Typ,0,Sin_Chimenea,Detchd,Unf,2,TA,TA,Y,0,0,0,0,Sin_Cerca,7,2006,WD,Family,188000
20,RL,80.0,9600,Sin_Acceso,Reg,Lvl,Inside,Gtl,NWAmes,Norm,1Fam,1Story,7,6,1973,1973,Hip,HdBoard,HdBoard,BrkFace,320.0,TA,TA,CBlock,TA,TA,No,ALQ,916,Unf,0,326,1242,Fa,Y,SBrkr,0,1242,0,0,1,1,3,TA,Typ,1,TA,Attchd,Unf,2,TA,TA,Y,0,0,0,0,Sin_Cerca,9,2007,WD,Normal,175500
70,RM,34.0,4571,Grvl,Reg,Lvl,Inside,Gtl,OldTown,Norm,1Fam,2Story,5,5,1916,1950,Gable,AsbShng,AsbShng,None,0.0,TA,TA,BrkTil,TA,TA,No,Unf,0,Unf,0,624,624,Fa,N,SBrkr,720,1344,0,0,1,0,4,TA,Typ,0,Sin_Chimenea,Detchd,Unf,3,Fa,Fa,Y,0,0,96,0,Sin_Cerca,5,2008,COD,Abnorml,98000
20,RL,80.0,53227,Sin_Acceso,IR1,Low,CulDSac,Mod,ClearCr,Norm,1Fam,1Story,4,6,1954,1994,Flat,Plywood,Plywood,None,0.0,TA,TA,CBlock,Gd,TA,Gd,BLQ,1116,Unf,0,248,1364,Ex,Y,SBrkr,0,1663,1,0,1,0,2,Gd,Min1,2,Gd,Attchd,Fin,2,TA,TA,Y,224,137,0,0,Sin_Cerca,3,2008,WD,Normal,256000
70,RM,60.0,5100,Grvl,Reg,Lvl,Inside,Gtl,OldTown,Norm,1Fam,2Story,8,7,1925,1996,Hip,Stucco,Wd Shng,None,0.0,TA,Gd,PConc,TA,TA,No,Unf,0,Unf,0,588,588,Fa,Y,SBrkr,833,1666,0,0,1,0,3,Gd,Typ,1,Gd,Detchd,Unf,1,TA,TA,Y,192,63,0,0,MnPrv,6,2008,WD,Normal,161000
50,RL,52.0,7015,Sin_Acceso,IR1,Bnk,Corner,Gtl,BrkSide,Norm,1Fam,1.5Fin,5,4,1950,1950,Gable,MetalSd,MetalSd,BrkCmn,161.0,TA,TA,CBlock,TA,TA,No,LwQ,185,Unf,0,524,709,TA,Y,SBrkr,224,1203,1,0,1,0,3,Gd,Typ,1,TA,Detchd,Unf,1,TA,TA,Y,0,0,248,0,Sin_Cerca,7,2009,WD,Normal,110000
60,FV,75.0,8004,Sin_Acceso,IR1,Lvl,Inside,Gtl,Somerst,RRAn,1Fam,2Story,8,5,2009,2009,Gable,VinylSd,VinylSd,Stone,110.0,Gd,TA,PConc,Gd,TA,No,GLQ,544,Unf,0,288,832,Ex,Y,SBrkr,1103,1935,1,0,2,1,3,TA,Typ,0,Sin_Chimenea,BuiltIn,Fin,2,TA,TA,Y,0,150,0,0,Sin_Cerca,12,2009,New,Partial,263435
70,RL,60.0,7200,Sin_Acceso,Reg,Lvl,Inside,Gtl,SWISU,Feedr,1Fam,2Story,7,9,1936,2007,Gable,Wd Sdng,Wd Sdng,None,0.0,Gd,Gd,PConc,Gd,Gd,No,ALQ,350,BLQ,210,0,560,Ex,Y,SBrkr,560,1135,1,0,1,0,3,Gd,Typ,0,Sin_Chimenea,Detchd,RFn,2,TA,TA,Y,256,0,0,0,MnPrv,4,2009,WD,Normal,155000
20,RL,60.0,8281,Sin_Acceso,IR1,Lvl,Inside,Gtl,Sawyer,Norm,1Fam,1Story,5,5,1965,1965,Gable,MetalSd,MetalSd,None,0.0,TA,TA,CBlock,TA,TA,No,Rec,553,BLQ,311,0,864,Gd,Y,SBrkr,0,864,0,0,1,0,3,TA,Typ,1,Po,Detchd,Unf,1,TA,TA,Y,0,0,236,0,GdWo,12,2009,WD,Normal,62383
70,RL,74.0,11988,Sin_Acceso,IR1,HLS,Inside,Mod,Crawfor,Norm,1Fam,2Story,6,7,1934,1995,Hip,Stucco,Stucco,None,0.0,TA,TA,CBlock,TA,TA,No,LwQ,326,Unf,0,389,715,Fa,Y,FuseA,811,1660,0,0,1,1,3,TA,Typ,1,Gd,Detchd,Unf,1,TA,TA,Y,0,0,0,0,Sin_Cerca,8,2008,WD,Normal,188700
20,RL,60.0,8430,Sin_Acceso,Reg,HLS,Inside,Mod,CollgCr,Norm,1Fam,1Story,5,5,1978,1978,Gable,HdBoard,HdBoard,BrkFace,136.0,TA,TA,CBlock,Gd,TA,No,Rec,616,Unf,0,424,1040,TA,Y,SBrkr,0,1040,0,0,2,0,3,TA,Typ,0,Sin_Chimenea,Sin_Garaje,Sin_Garaje,0,Sin_Garaje,Sin_Garaje,Y,0,0,0,0,Sin_Cerca,8,2009,WD,Normal,124000
120,RM,43.0,3072,Sin_Acceso,Reg,Lvl,Inside,Gtl,Blmngtn,Norm,TwnhsE,1Story,7,5,2004,2004,Hip,VinylSd,VinylSd,BrkFace,18.0,Gd,TA,PConc,Gd,TA,No,Unf,0,Unf,0,1375,1375,Ex,Y,SBrkr,0,1414,0,0,2,0,2,Gd,Typ,1,TA,Attchd,Fin,2,TA,TA,Y,144,20,0,0,Sin_Cerca,5,2006,WD,Normal,178740
20,RL,85.0,10628,Sin_Acceso,Reg,Lvl,Inside,Gtl,NAmes,Norm,1Fam,1Story,7,5,1970,1970,Flat,Plywood,Plywood,None,0.0,TA,Gd,CBlock,TA,Gd,Gd,GLQ,778,Unf,0,499,1277,TA,Y,SBrkr,0,1277,1,0,1,0,2,TA,Typ,1,Po,Attchd,Unf,2,TA,TA,Y,0,0,0,176,GdWo,4,2007,WD,Normal,167000
70,RL,79.0,9480,Sin_Acceso,Reg,Lvl,Inside,Gtl,NAmes,Artery,1Fam,2Story,5,7,1942,1995,Gable,MetalSd,MetalSd,Stone,224.0,TA,TA,CBlock,TA,TA,No,LwQ,386,Unf,0,342,728,Ex,Y,SBrkr,756,1644,0,0,1,1,3,Gd,Typ,2,Gd,Attchd,Unf,1,TA,TA,Y,168,0,0,0,Sin_Cerca,6,2007,WD,Normal,146500
20,RL,98.0,11428,Sin_Acceso,IR1,Lvl,Inside,Gtl,NridgHt,Norm,1Fam,1Story,8,5,2006,2006,Gable,VinylSd,VinylSd,Stone,248.0,Gd,TA,PConc,Gd,TA,No,Unf,0,Unf,0,1626,1626,Ex,Y,SBrkr,0,1634,0,0,2,0,3,Gd,Typ,1,Gd,Attchd,RFn,3,TA,TA,Y,0,44,0,0,Sin_Cerca,5,2007,WD,Normal,250000
60,RL,76.0,9291,Sin_Acceso,IR1,Lvl,Corner,Gtl,SawyerW,RRNe,1Fam,2Story,6,5,1993,1993,Gable,HdBoard,HdBoard,BrkFace,120.0,Gd,TA,PConc,Gd,TA,No,GLQ,426,Unf,0,406,832,Ex,Y,SBrkr,878,1710,0,0,2,1,3,Gd,Typ,0,Sin_Chimenea,Attchd,RFn,2,TA,TA,Y,144,70,0,0,Sin_Cerca,6,2008,WD,Normal,187000
120,RL,61.5,6820,Sin_Acceso,IR1,Lvl,Corner,Gtl,StoneBr,Norm,TwnhsE,1Story,8,5,1985,1985,Gable,HdBoard,HdBoard,None,0.0,Gd,TA,PConc,Gd,TA,Av,GLQ,368,BLQ,1120,0,1488,TA,Y,SBrkr,0,1502,1,0,1,1,1,Gd,Typ,0,Sin_Chimenea,Attchd,RFn,2,TA,TA,Y,0,54,0,140,Sin_Cerca,6,2010,WD,Normal,212000
60,RL,92.0,11952,Sin_Acceso,Reg,Lvl,Inside,Gtl,NWAmes,PosA,1Fam,2Story,7,6,1977,1977,Mansard,WdShing,Plywood,None,0.0,TA,TA,CBlock,Gd,TA,No,Unf,0,Unf,0,808,808,TA,Y,SBrkr,808,1969,0,0,2,1,3,TA,Typ,1,Gd,Attchd,RFn,2,TA,TA,Y,0,0,0,276,Sin_Cerca,11,2007,WD,Normal,190000
180,RM,35.0,3675,Sin_Acceso,Reg,Lvl,Inside,Gtl,Edwards,Norm,TwnhsE,SLvl,6,5,2005,2005,Gable,VinylSd,VinylSd,BrkFace,80.0,TA,TA,PConc,Gd,TA,Gd,GLQ,459,Unf,0,88,547,Ex,Y,SBrkr,0,1072,1,0,1,0,2,TA,Typ,0,Sin_Chimenea,Basment,RFn,2,TA,TA,Y,0,28,0,0,Sin_Cerca,6,2008,WD,Normal,148000
20,RL,110.0,14977,Sin_Acceso,IR1,Lvl,Inside,Gtl,NridgHt,Norm,1Fam,1Story,8,5,2006,2007,Gable,VinylSd,VinylSd,BrkFace,304.0,Gd,TA,PConc,Ex,TA,Gd,GLQ,1350,Unf,0,626,1976,Ex,Y,SBrkr,0,1976,1,0,2,0,2,Gd,Typ,1,Ex,Attchd,RFn,3,TA,TA,Y,250,63,0,0,Sin_Cerca,7,2007,New,Partial,440000
120,RL,41.0,5330,Sin_Acceso,Reg,Lvl,Inside,Gtl,StoneBr,Norm,TwnhsE,1Story,8,5,2000,2000,Gable,CemntBd,CmentBd,None,0.0,Gd,TA,PConc,Gd,TA,Av,GLQ,1196,Unf,0,298,1494,Ex,Y,SBrkr,0,1652,1,0,2,0,2,Ex,Typ,0,Sin_Chimenea,Attchd,RFn,2,TA,TA,Y,96,48,0,0,Sin_Cerca,8,2007,WD,Normal,251000
20,RL,80.0,8480,Sin_Acceso,Reg,Lvl,Corner,Gtl,Sawyer,Norm,1Fam,1Story,5,6,1963,1963,Hip,HdBoard,HdBoard,None,0.0,TA,TA,CBlock,TA,TA,No,GLQ,630,Unf,0,340,970,TA,Y,SBrkr,0,970,1,0,1,0,2,TA,Typ,0,Sin_Chimenea,Detchd,Unf,2,TA,TA,Y,0,24,0,192,Sin_Cerca,7,2007,WD,Normal,132500
20,RL,75.0,13125,Sin_Acceso,Reg,Lvl,Inside,Mod,CollgCr,Norm,1Fam,1Story,6,5,1997,1998,Gable,VinylSd,VinylSd,BrkFace,215.0,TA,TA,PConc,Gd,TA,Gd,GLQ,994,Unf,0,484,1478,Ex,Y,SBrkr,0,1493,1,0,2,0,3,Gd,Typ,1,TA,Attchd,Fin,2,TA,TA,Y,140,39,0,0,Sin_Cerca,4,2008,WD,Normal,208900
60,RL,105.0,13693,Sin_Acceso,Reg,Lvl,Inside,Gtl,NridgHt,Norm,1Fam,2Story,9,5,2006,2006,Hip,VinylSd,VinylSd,BrkFace,772.0,Ex,TA,PConc,Gd,TA,Av,Unf,0,Unf,0,2153,2153,Ex,Y,SBrkr,574,2643,0,0,2,1,3,Ex,Typ,1,Gd,BuiltIn,Fin,3,TA,TA,Y,414,84,0,0,Sin_Cerca,3,2007,WD,Normal,380000
20,RL,79.0,10637,Sin_Acceso,Reg,Lvl,Inside,Gtl,CollgCr,Norm,1Fam,1Story,8,5,2007,2008,Hip,VinylSd,VinylSd,Stone,336.0,Gd,TA,PConc,Ex,TA,Gd,GLQ,1288,Unf,0,417,1705,Ex,Y,SBrkr,0,1718,1,0,2,0,3,Gd,Typ,1,Gd,Attchd,RFn,3,TA,TA,Y,208,44,0,0,Sin_Cerca,9,2009,WD,Normal,297000
30,RM,50.0,5925,Sin_Acceso,Reg,Bnk,Inside,Gtl,OldTown,Norm,1Fam,1Story,4,7,1937,2000,Hip,Stucco,Stucco,BrkCmn,435.0,TA,TA,BrkTil,Fa,TA,No,Rec,168,Unf,0,739,907,TA,Y,SBrkr,0,1131,0,0,1,0,2,TA,Typ,0,Sin_Chimenea,Detchd,Unf,2,TA,TA,Y,0,72,0,0,MnPrv,3,2007,WD,Alloca,89471
20,RL,98.0,16033,Sin_Acceso,IR1,Lvl,FR2,Gtl,NridgHt,Norm,1Fam,1Story,9,5,2004,2005,Hip,VinylSd,VinylSd,BrkFace,378.0,Gd,TA,PConc,Ex,TA,Gd,GLQ,1261,Unf,0,572,1833,Ex,Y,SBrkr,0,1850,1,0,2,0,3,Gd,Typ,1,Gd,Attchd,Fin,3,TA,TA,Y,519,112,0,0,Sin_Cerca,3,2006,WD,Normal,326000
20,RL,72.0,11846,Sin_Acceso,IR1,HLS,Inside,Gtl,NridgHt,Norm,1Fam,1Story,9,5,2003,2004,Hip,VinylSd,VinylSd,BrkFace,562.0,Gd,TA,PConc,Ex,TA,Gd,GLQ,1567,Unf,0,225,1792,Ex,Y,SBrkr,0,1792,1,0,2,0,2,Ex,Typ,1,Gd,Attchd,Fin,3,TA,TA,Y,206,49,0,0,Sin_Cerca,8,2006,WD,Normal,374000
70,RM,50.0,2500,Pave,Reg,Lvl,Corner,Gtl,OldTown,Norm,1Fam,2Story,7,8,1915,2005,Gable,Stucco,Stucco,None,0.0,Gd,TA,PConc,TA,TA,No,ALQ,299,Unf,0,611,910,Ex,Y,SBrkr,910,1826,1,0,1,1,4,Ex,Min2,1,Gd,Attchd,Unf,1,Fa,Fa,Y,0,0,0,0,Sin_Cerca,6,2009,WD,Normal,155000
120,RM,32.0,4500,Sin_Acceso,Reg,Lvl,FR2,Gtl,Mitchel,Norm,Twnhs,1Story,6,5,1998,1998,Hip,VinylSd,VinylSd,BrkFace,116.0,TA,TA,PConc,Ex,TA,No,GLQ,897,Unf,0,319,1216,Ex,Y,SBrkr,0,1216,1,0,2,0,2,TA,Typ,0,Sin_Chimenea,Attchd,Unf,2,TA,TA,Y,0,125,0,0,Sin_Cerca,5,2006,WD,Normal,164000
20,RL,71.0,7758,Sin_Acceso,IR1,Lvl,Corner,Gtl,Sawyer,Norm,1Fam,1Story,5,7,1962,2001,Gable,HdBoard,Plywood,None,0.0,TA,Gd,CBlock,TA,TA,No,ALQ,588,Unf,0,411,999,Gd,Y,SBrkr,0,999,1,0,1,0,3,Gd,Typ,0,Sin_Chimenea,Detchd,Unf,1,TA,TA,Y,0,132,0,0,Sin_Cerca,3,2007,WD,Normal,132500
20,RL,80.0,9600,Sin_Acceso,Reg,Lvl,Inside,Gtl,NAmes,Norm,1Fam,1Story,5,7,1950,2007,Gable,MetalSd,MetalSd,None,0.0,Gd,TA,CBlock,TA,TA,No,ALQ,607,Unf,0,506,1113,Gd,Y,SBrkr,0,1113,0,0,1,0,3,Gd,Typ,1,Gd,Attchd,Unf,1,TA,TA,Y,0,80,120,0,Sin_Cerca,7,2009,WD,Normal,147000
20,RL,79.0,10289,Sin_Acceso,Reg,Lvl,Inside,Gtl,NAmes,Norm,1Fam,1Story,5,7,1965,1965,Hip,MetalSd,MetalSd,BrkFace,168.0,TA,TA,CBlock,TA,TA,No,ALQ,836,Unf,0,237,1073,TA,Y,SBrkr,0,1073,1,0,1,1,3,TA,Typ,0,Sin_Chimenea,Attchd,RFn,2,TA,TA,Y,0,0,0,0,Sin_Cerca,6,2007,WD,Normal,156000
20,RL,70.0,12243,Sin_Acceso,IR1,Lvl,Inside,Gtl,NWAmes,Norm,1Fam,1Story,5,6,1971,1971,Gable,Plywood,Plywood,None,0.0,TA,TA,CBlock,Gd,TA,Av,ALQ,998,Unf,0,486,1484,Gd,Y,SBrkr,0,1484,0,0,2,0,3,TA,Typ,1,TA,Attchd,Unf,2,TA,TA,Y,224,0,0,180,Sin_Cerca,2,2007,WD,Normal,175000
190,RL,60.0,10800,Sin_Acceso,Reg,Lvl,Corner,Gtl,OldTown,Norm,2fmCon,1.5Fin,5,4,1900,1970,Gable,Wd Sdng,Wd Sdng,None,0.0,TA,Fa,CBlock,TA,Fa,No,BLQ,664,Unf,0,290,954,TA,N,FuseA,648,2414,0,0,2,0,3,TA,Mod,1,Gd,Attchd,Unf,2,TA,Fa,N,142,0,0,0,Sin_Cerca,5,2006,ConLD,Normal,160000
180,RM,21.0,1526,Sin_Acceso,Reg,Lvl,Inside,Gtl,MeadowV,Norm,Twnhs,SFoyer,4,8,1970,2002,Gable,CemntBd,CmentBd,None,0.0,TA,Gd,CBlock,Gd,TA,Av,GLQ,515,Unf,0,115,630,TA,Y,SBrkr,0,630,1,0,1,0,1,Gd,Typ,0,Sin_Chimenea,Attchd,Unf,1,TA,TA,Y,0,0,0,0,Sin_Cerca,5,2009,WD,Normal,86000
160,RM,21.0,2665,Sin_Acceso,Reg,Lvl,Inside,Gtl,MeadowV,Norm,TwnhsE,2Story,5,6,1976,1976,Gable,CemntBd,CmentBd,None,0.0,TA,TA,PConc,Gd,TA,Mn,Unf,0,Unf,0,264,264,TA,Y,SBrkr,688,1304,0,0,1,1,3,TA,Typ,1,Gd,BuiltIn,Fin,1,TA,TA,Y,141,24,0,0,Sin_Cerca,6,2008,WD,Normal,115000
50,RL,79.0,9490,Sin_Acceso,Reg,Lvl,Inside,Gtl,NAmes,Artery,1Fam,1.5Fin,6,7,1941,1950,Gable,Wd Sdng,Wd Sdng,None,0.0,TA,TA,CBlock,TA,TA,No,BLQ,403,Rec,165,238,806,TA,Y,FuseA,620,1578,1,0,1,0,3,Fa,Typ,2,TA,Attchd,Unf,1,TA,TA,Y,0,0,32,0,MnPrv,8,2006,WD,Normal,133000
60,RL,105.0,15578,Sin_Acceso,IR1,Lvl,Corner,Gtl,Gilbert,Norm,1Fam,2Story,6,5,2006,2006,Gable,VinylSd,VinylSd,None,0.0,Gd,TA,PConc,Gd,TA,No,Unf,0,Unf,0,728,728,Gd,Y,SBrkr,728,1456,0,0,2,1,3,TA,Typ,0,Sin_Chimenea,Attchd,RFn,2,TA,TA,Y,0,0,0,0,Sin_Cerca,5,2006,New,Partial,172785
20,RL,70.0,7931,Sin_Acceso,Reg,Lvl,Inside,Gtl,NAmes,Norm,1Fam,1Story,5,6,1960,1960,Gable,BrkFace,Wd Sdng,None,0.0,TA,TA,CBlock,TA,TA,No,BLQ,374,LwQ,532,363,1269,TA,Y,FuseA,0,1269,0,0,1,1,3,TA,Typ,1,Fa,Detchd,Unf,1,TA,TA,Y,0,0,0,0,Sin_Cerca,6,2008,WD,Normal,155000
30,RM,50.0,5784,Sin_Acceso,Reg,Lvl,Inside,Gtl,OldTown,Artery,1Fam,1Story,5,8,1938,1996,Gable,MetalSd,MetalSd,None,0.0,TA,TA,BrkTil,Fa,TA,No,Unf,0,Unf,0,190,190,Gd,Y,FuseA,0,886,0,0,1,0,2,TA,Typ,0,Sin_Chimenea,Attchd,Unf,1,TA,TA,Y,144,20,80,0,Sin_Cerca,12,2009,WD,Normal,91300
30,C (all),60.0,7879,Sin_Acceso,Reg,Lvl,Inside,Gtl,IDOTRR,Norm,1Fam,1Story,4,5,1920,1950,Gable,Wd Sdng,Wd Sdng,None,0.0,TA,TA,CBlock,TA,TA,No,Rec,495,Unf,0,225,720,TA,N,FuseA,0,720,0,0,1,0,2,TA,Typ,0,Sin_Chimenea,Sin_Garaje,Sin_Garaje,0,Sin_Garaje,Sin_Garaje,N,0,523,115,0,GdWo,11,2009,WD,Abnorml,34900
20,RL,91.0,12692,Sin_Acceso,IR1,Lvl,Inside,Gtl,NoRidge,Norm,1Fam,1Story,8,5,1992,1993,Hip,BrkFace,BrkFace,None,0.0,Gd,TA,PConc,Gd,TA,No,GLQ,1231,Unf,0,1969,3200,Ex,Y,SBrkr,0,3228,1,0,3,0,4,Gd,Typ,1,Gd,Attchd,RFn,2,TA,TA,Y,264,75,291,0,Sin_Cerca,5,2007,WD,Normal,430000
50,RL,60.0,9120,Pave,Reg,Lvl,Inside,Gtl,BrkSide,Norm,1Fam,1.5Fin,7,6,1925,1950,Gable,Wd Sdng,Wd Sdng,None,0.0,TA,Gd,PConc,TA,TA,No,Rec,329,Unf,0,697,1026,Ex,Y,SBrkr,687,1820,1,0,2,0,4,TA,Typ,0,Sin_Chimenea,Detchd,Unf,1,TA,TA,N,0,100,0,0,GdPrv,6,2008,WD,Normal,184000
20,RL,65.0,7800,Sin_Acceso,Reg,Lvl,Inside,Gtl,Sawyer,Norm,1Fam,1Story,5,7,1967,2004,Hip,HdBoard,HdBoard,BrkFace,89.0,TA,TA,PConc,TA,TA,No,ALQ,450,Unf,0,414,864,Ex,Y,SBrkr,0,899,0,0,1,0,3,Gd,Typ,0,Sin_Chimenea,Attchd,Fin,1,TA,TA,Y,64,0,0,0,MnPrv,6,2009,WD,Normal,130000
20,RL,70.0,7535,Sin_Acceso,IR1,Lvl,Inside,Gtl,NAmes,Norm,1Fam,1Story,5,7,1958,1985,Gable,MetalSd,MetalSd,None,0.0,TA,TA,CBlock,TA,TA,No,BLQ,111,LwQ,279,522,912,Fa,Y,SBrkr,0,912,0,1,1,0,2,TA,Typ,0,Sin_Chimenea,Attchd,Fin,1,TA,TA,Y,12,285,0,0,MnWw,6,2007,WD,Normal,120000
160,RM,21.0,1890,Sin_Acceso,Reg,Lvl,Inside,Gtl,BrDale,Norm,Twnhs,2Story,6,5,1973,1973,Gable,HdBoard,HdBoard,BrkFace,285.0,TA,TA,CBlock,TA,TA,No,BLQ,356,Unf,0,316,672,TA,Y,SBrkr,546,1218,0,0,1,1,3,TA,Typ,0,Sin_Chimenea,Detchd,Unf,1,TA,TA,Y,144,28,0,0,Sin_Cerca,5,2007,WD,Normal,113000
60,FV,75.0,9803,Sin_Acceso,Reg,Lvl,Inside,Gtl,Somerst,Norm,1Fam,2Story,7,5,2005,2005,Gable,VinylSd,VinylSd,None,0.0,Gd,TA,PConc,Gd,TA,No,GLQ,400,Unf,0,466,866,Gd,Y,SBrkr,902,1768,0,0,2,1,3,Gd,Typ,0,Sin_Chimenea,Attchd,RFn,2,TA,TA,Y,0,108,0,0,Sin_Cerca,2,2008,WD,Normal,226700
20,RL,70.0,9170,Sin_Acceso,Reg,Lvl,Corner,Gtl,Edwards,Feedr,1Fam,1Story,5,7,1965,1965,Hip,MetalSd,MetalSd,None,0.0,TA,TA,CBlock,TA,TA,No,ALQ,698,GLQ,96,420,1214,Ex,Y,SBrkr,0,1214,1,0,1,0,2,TA,Typ,0,Sin_Chimenea,Detchd,Unf,2,Fa,Fa,Y,0,0,184,0,GdPrv,4,2007,WD,Normal,140000
20,RL,100.0,15602,Sin_Acceso,IR1,Lvl,Inside,Gtl,Crawfor,Norm,1Fam,1Story,7,8,1959,1997,Gable,BrkFace,Wd Sdng,None,0.0,TA,TA,CBlock,TA,TA,No,ALQ,1247,Unf,0,254,1501,TA,Y,SBrkr,0,1801,1,0,2,0,1,TA,Typ,2,TA,Attchd,Fin,2,TA,TA,Y,0,54,0,161,GdWo,3,2010,WD,Normal,289000
160,RL,24.0,2308,Sin_Acceso,Reg,Lvl,Inside,Gtl,NPkVill,Norm,TwnhsE,2Story,6,5,1974,1974,Gable,Plywood,Brk Cmn,None,0.0,TA,TA,CBlock,TA,TA,No,ALQ,257,Rec,495,103,855,TA,Y,SBrkr,467,1322,0,1,2,1,3,TA,Typ,1,Fa,Attchd,Unf,2,TA,TA,Y,260,0,0,0,Sin_Cerca,6,2009,WD,Normal,147000
90,RM,60.0,7596,Grvl,Reg,Lvl,Inside,Gtl,OldTown,Artery,Duplex,2Story,5,5,1952,1952,Hip,Wd Sdng,Wd Sdng,BrkFace,360.0,TA,TA,CBlock,TA,TA,No,Unf,0,Unf,0,960,960,Gd,Y,SBrkr,1000,1960,0,0,2,0,4,TA,Typ,0,Sin_Chimenea,Detchd,Unf,2,TA,TA,N,0,0,0,0,Sin_Cerca,7,2009,COD,Normal,124500
60,RL,80.0,9554,Sin_Acceso,IR1,Lvl,Inside,Gtl,SawyerW,Norm,1Fam,2Story,8,5,1993,1994,Gable,VinylSd,VinylSd,BrkFace,125.0,Gd,TA,PConc,Gd,TA,No,GLQ,380,Unf,0,397,777,Ex,Y,SBrkr,846,1911,0,0,2,1,3,Gd,Typ,1,TA,Attchd,RFn,2,TA,TA,Y,182,81,0,0,Sin_Cerca,9,2006,WD,Normal,215000
20,FV,75.0,7862,Sin_Acceso,IR1,Lvl,Inside,Gtl,Somerst,Norm,1Fam,1Story,6,5,2009,2009,Gable,VinylSd,VinylSd,None,0.0,Gd,TA,PConc,Gd,TA,No,GLQ,27,Unf,0,1191,1218,Ex,Y,SBrkr,0,1218,0,0,2,0,2,Gd,Typ,0,Sin_Chimenea,Attchd,Fin,2,TA,TA,Y,0,102,0,0,Sin_Cerca,9,2009,New,Partial,208300
70,RM,60.0,9600,Sin_Acceso,Reg,Lvl,Inside,Gtl,OldTown,Norm,1Fam,2Story,7,9,1928,2005,Gambrel,MetalSd,MetalSd,None,0.0,TA,Ex,BrkTil,TA,TA,No,Rec,141,Unf,0,548,689,Ex,Y,SBrkr,689,1378,0,0,2,0,3,Gd,Typ,1,Gd,Detchd,Unf,2,TA,TA,N,0,0,116,0,Sin_Cerca,10,2008,WD,Normal,161000
20,RL,80.0,9600,Sin_Acceso,Reg,Lvl,Corner,Gtl,NAmes,Norm,1Fam,1Story,5,6,1959,1959,Gable,MetalSd,MetalSd,BrkFace,132.0,TA,TA,CBlock,TA,TA,No,ALQ,991,Unf,0,50,1041,Ex,Y,SBrkr,0,1041,1,0,1,0,3,TA,Typ,0,Sin_Chimenea,Attchd,RFn,1,TA,TA,Y,224,88,0,0,MnPrv,7,2009,WD,Normal,124500
20,RL,75.0,14559,Sin_Acceso,Reg,Lvl,Inside,Gtl,NAmes,Norm,1Fam,1Story,5,7,1951,2000,Hip,Wd Sdng,Wd Sdng,BrkCmn,70.0,Gd,TA,CBlock,TA,TA,No,BLQ,650,Rec,180,178,1008,Ex,Y,SBrkr,0,1363,1,0,1,0,2,TA,Min1,2,TA,CarPort,Unf,1,TA,TA,Y,324,42,0,168,Sin_Cerca,6,2009,WD,Normal,164900
120,RL,40.0,6792,Sin_Acceso,IR1,Lvl,Inside,Gtl,NridgHt,Norm,TwnhsE,1Story,7,5,2005,2006,Gable,VinylSd,VinylSd,Stone,94.0,Gd,TA,PConc,Gd,TA,No,Unf,0,Unf,0,1368,1368,Ex,Y,SBrkr,0,1368,0,0,2,0,2,Gd,Typ,1,Gd,Attchd,RFn,2,TA,TA,Y,132,35,0,0,Sin_Cerca,3,2006,New,Partial,202665
20,RL,70.0,9100,Sin_Acceso,Reg,Lvl,Corner,Gtl,NAmes,Feedr,1Fam,1Story,5,5,1958,1958,Gable,VinylSd,VinylSd,None,0.0,TA,TA,CBlock,TA,TA,No,BLQ,521,LwQ,174,169,864,TA,Y,SBrkr,0,864,1,0,1,0,3,TA,Typ,0,Sin_Chimenea,Detchd,Unf,2,TA,TA,Y,0,0,0,0,Sin_Cerca,7,2006,WD,Normal,129900
20,RL,71.0,9187,Sin_Acceso,Reg,Bnk,Corner,Gtl,Mitchel,Norm,1Fam,1Story,6,5,1983,1983,Gable,VinylSd,VinylSd,None,0.0,TA,Gd,PConc,TA,TA,No,ALQ,336,Unf,0,748,1084,TA,Y,SBrkr,0,1080,0,0,1,1,3,TA,Typ,0,Sin_Chimenea,Attchd,Unf,2,TA,TA,Y,120,0,158,0,Sin_Cerca,6,2007,WD,Normal,134000
45,RL,55.0,10594,Sin_Acceso,Reg,Lvl,Inside,Gtl,Crawfor,Norm,1Fam,1.5Unf,5,5,1926,1950,Gable,Wd Sdng,Wd Sdng,None,0.0,TA,TA,BrkTil,TA,TA,No,Unf,0,Unf,0,768,768,Fa,N,SBrkr,0,789,0,0,1,0,2,TA,Typ,0,Sin_Chimenea,Detchd,Unf,1,Po,Po,Y,0,0,112,0,MnPrv,6,2007,WD,Normal,96500
20,RL,94.0,12220,Sin_Acceso,Reg,Lvl,Inside,Gtl,NridgHt,Norm,1Fam,1Story,10,5,2009,2009,Hip,CemntBd,CmentBd,BrkFace,305.0,Ex,TA,CBlock,Ex,TA,No,GLQ,1436,Unf,0,570,2006,Ex,Y,SBrkr,0,2020,1,0,2,1,3,Ex,Typ,1,Gd,Attchd,Fin,3,TA,TA,Y,156,54,0,0,Sin_Cerca,9,2009,New,Partial,402861
80,RL,80.0,10448,Sin_Acceso,IR1,Lvl,Corner,Gtl,NWAmes,Norm,1Fam,SLvl,6,6,1972,1972,Gable,HdBoard,HdBoard,BrkFace,333.0,TA,TA,CBlock,TA,TA,No,Unf,0,Unf,0,689,689,TA,Y,SBrkr,741,2119,0,0,2,1,3,TA,Typ,1,TA,Attchd,RFn,2,TA,TA,Y,0,104,0,0,GdPrv,8,2009,COD,Abnorml,158000
60,RL,79.0,10208,Sin_Acceso,IR1,Lvl,Inside,Gtl,NoRidge,Norm,1Fam,2Story,7,5,1996,1997,Gable,VinylSd,VinylSd,BrkFace,921.0,Gd,TA,PConc,Gd,TA,No,Unf,0,Unf,0,1264,1264,Ex,Y,SBrkr,1067,2344,0,0,2,1,3,Gd,Typ,1,TA,Attchd,RFn,3,TA,TA,Y,220,0,0,0,Sin_Cerca,7,2009,WD,Normal,265000
60,RL,70.0,9531,Sin_Acceso,IR1,Lvl,CulDSac,Gtl,CollgCr,Norm,1Fam,2Story,6,5,1998,1998,Gable,VinylSd,VinylSd,None,0.0,TA,TA,PConc,Gd,TA,Mn,GLQ,706,Unf,0,88,794,Ex,Y,SBrkr,914,1796,1,0,2,1,3,TA,Typ,0,Sin_Chimenea,Attchd,RFn,2,TA,TA,Y,0,36,0,0,MnPrv,5,2007,WD,Normal,211000
70,RL,53.0,10918,Sin_Acceso,Reg,Lvl,Inside,Gtl,Crawfor,Norm,1Fam,2Story,7,9,1926,2004,Gambrel,MetalSd,MetalSd,None,0.0,Gd,TA,BrkTil,Gd,TA,No,Unf,0,Unf,0,1276,1276,Ex,Y,SBrkr,804,2080,0,0,1,1,3,Gd,Typ,2,Gd,Detchd,Unf,1,TA,TA,Y,0,0,0,145,MnPrv,6,2009,WD,Normal,234000
190,RL,60.0,10800,Grvl,Reg,Lvl,Inside,Gtl,OldTown,Norm,2fmCon,2Story,4,7,1900,2000,Gable,MetalSd,MetalSd,None,0.0,TA,TA,BrkTil,Sin_Sotano,Sin_Sotano,Sin_Sotano,Sin_Sotano,0,Sin_Sotano,0,0,0,TA,N,FuseA,600,1294,0,0,2,0,3,TA,Typ,0,Sin_Chimenea,Sin_Garaje,Sin_Garaje,0,Sin_Garaje,Sin_Garaje,N,220,114,210,0,Sin_Cerca,8,2008,WD,Normal,106250
20,RL,90.0,11988,Sin_Acceso,IR1,Lvl,Corner,Gtl,NAmes,Feedr,1Fam,1Story,6,6,1957,1957,Gable,VinylSd,VinylSd,None,0.0,TA,TA,CBlock,TA,TA,No,Rec,777,Unf,0,467,1244,Ex,Y,FuseA,0,1244,0,0,1,1,3,TA,Typ,2,Gd,Attchd,Unf,1,TA,TA,Y,0,40,0,0,Sin_Cerca,5,2007,WD,Normal,150000
50,RM,50.0,5000,Sin_Acceso,Reg,Lvl,Corner,Gtl,BrkSide,Feedr,1Fam,1.5Fin,6,7,1947,1950,Gable,CemntBd,CmentBd,None,0.0,TA,Gd,CBlock,TA,TA,No,ALQ,399,Unf,0,605,1004,Ex,Y,SBrkr,660,1664,0,0,2,0,3,TA,Typ,2,Gd,Detchd,Unf,2,TA,TA,Y,0,24,36,0,Sin_Cerca,10,2006,WD,Normal,159000
60,RL,130.0,40094,Sin_Acceso,IR1,Bnk,Inside,Gtl,Edwards,PosN,1Fam,2Story,10,5,2007,2008,Hip,CemntBd,CmentBd,Stone,762.0,Ex,TA,PConc,Ex,TA,Gd,GLQ,2260,Unf,0,878,3138,Ex,Y,SBrkr,1538,4676,1,0,3,1,3,Ex,Typ,1,Gd,BuiltIn,Fin,3,TA,TA,Y,208,406,0,0,Sin_Cerca,10,2007,New,Partial,184750
60,RL,95.0,11787,Sin_Acceso,IR1,Lvl,Inside,Gtl,NoRidge,Norm,1Fam,2Story,7,5,1996,1997,Gable,VinylSd,VinylSd,BrkFace,594.0,Gd,TA,PConc,Gd,TA,No,GLQ,719,Unf,0,660,1379,Ex,Y,SBrkr,1015,2398,1,0,2,1,3,Gd,Typ,1,TA,Attchd,Fin,3,TA,TA,Y,239,60,0,0,Sin_Cerca,8,2007,WD,Normal,315750
20,FV,62.0,7500,Pave,Reg,Lvl,Inside,Gtl,Somerst,Norm,1Fam,1Story,7,5,2005,2005,Gable,VinylSd,VinylSd,None,0.0,Gd,TA,PConc,Gd,TA,No,Unf,0,Unf,0,1257,1257,Ex,Y,SBrkr,0,1266,0,0,2,0,3,Gd,Typ,1,TA,Attchd,Unf,2,TA,TA,Y,38,144,0,0,Sin_Cerca,4,2006,WD,Normal,176000
20,RL,70.0,13300,Sin_Acceso,Reg,Lvl,Inside,Gtl,NAmes,Norm,1Fam,1Story,5,7,1956,2000,Hip,Wd Sdng,Wd Sdng,None,0.0,TA,TA,CBlock,Gd,TA,No,Rec,377,Unf,0,551,928,TA,Y,SBrkr,0,928,0,0,1,0,2,TA,Typ,0,Sin_Chimenea,Attchd,Unf,1,TA,TA,Y,261,0,156,0,Sin_Cerca,6,2007,WD,Normal,132000
60,RL,67.0,14948,Sin_Acceso,IR1,Lvl,Inside,Gtl,NridgHt,Norm,1Fam,2Story,9,5,2008,2008,Hip,VinylSd,VinylSd,Stone,268.0,Ex,TA,PConc,Ex,TA,Av,GLQ,1330,Unf,0,122,1452,Ex,Y,SBrkr,1237,2713,1,0,2,1,3,Ex,Typ,1,Gd,Attchd,Fin,3,TA,TA,Y,126,66,0,0,Sin_Cerca,11,2008,New,Partial,446261
30,RL,58.0,9098,Sin_Acceso,IR1,Lvl,Inside,Gtl,Edwards,Norm,1Fam,1Story,4,7,1920,2002,Gable,Wd Sdng,Wd Sdng,None,0.0,TA,TA,BrkTil,TA,TA,Mn,ALQ,348,Unf,0,180,528,Ex,Y,SBrkr,0,605,1,0,1,0,2,TA,Typ,0,Sin_Chimenea,Sin_Garaje,Sin_Garaje,0,Sin_Garaje,Sin_Garaje,N,0,0,144,0,Sin_Cerca,7,2007,WD,Normal,86000
20,RL,74.0,32668,Sin_Acceso,IR1,Lvl,CulDSac,Gtl,Crawfor,Norm,1Fam,1Story,6,3,1957,1975,Hip,Wd Sdng,Stone,None,0.0,Gd,TA,PConc,TA,TA,No,Rec,1219,Unf,0,816,2035,TA,Y,SBrkr,0,2515,1,0,3,0,4,TA,Maj1,2,TA,Attchd,RFn,2,TA,TA,Y,0,0,200,0,Sin_Cerca,3,2007,WD,Alloca,200624
80,RL,85.0,10200,Sin_Acceso,Reg,Lvl,Inside,Gtl,Timber,Norm,1Fam,SLvl,6,5,1988,1989,Gable,HdBoard,HdBoard,BrkFace,219.0,Gd,TA,CBlock,Gd,TA,Av,GLQ,783,Unf,0,678,1461,Ex,Y,SBrkr,0,1509,1,0,2,0,3,Gd,Typ,1,Fa,Attchd,RFn,2,TA,TA,Y,224,0,0,0,Sin_Cerca,8,2008,WD,Abnorml,175000
70,RM,60.0,6155,Sin_Acceso,IR1,Lvl,FR3,Gtl,BrkSide,RRNn,1Fam,2Story,6,8,1920,1999,Gable,Wd Sdng,Wd Sdng,None,0.0,TA,TA,BrkTil,Fa,Fa,Mn,Unf,0,Unf,0,611,611,Ex,Y,SBrkr,611,1362,0,0,2,0,3,TA,Typ,0,Sin_Chimenea,Detchd,Fin,2,TA,Fa,Y,0,0,84,0,Sin_Cerca,6,2008,WD,Normal,128000
20,RL,60.0,7200,Sin_Acceso,Reg,Lvl,Inside,Gtl,NAmes,Norm,1Fam,1Story,5,7,1955,2007,Gable,VinylSd,VinylSd,None,0.0,TA,TA,Slab,Sin_Sotano,Sin_Sotano,Sin_Sotano,Sin_Sotano,0,Sin_Sotano,0,0,0,Ex,Y,SBrkr,0,827,0,0,1,0,2,TA,Mod,1,Po,Detchd,Unf,1,TA,TA,Y,0,0,0,0,Sin_Cerca,4,2010,WD,Normal,107500
20,RL,50.0,5000,Sin_Acceso,Reg,Low,Inside,Mod,BrkSide,Norm,1Fam,1Story,1,3,1946,1950,Gable,VinylSd,VinylSd,None,0.0,Fa,Fa,Slab,Sin_Sotano,Sin_Sotano,Sin_Sotano,Sin_Sotano,0,Sin_Sotano,0,0,0,Fa,N,FuseF,0,334,0,0,1,0,1,Fa,Typ,0,Sin_Chimenea,Sin_Garaje,Sin_Garaje,0,Sin_Garaje,Sin_Garaje,N,0,0,0,0,Sin_Cerca,1,2007,WD,Normal,39300
60,RL,74.0,9056,Sin_Acceso,IR1,Lvl,Inside,Gtl,Gilbert,Norm,1Fam,2Story,8,5,2004,2004,Gable,VinylSd,VinylSd,None,0.0,Gd,TA,PConc,Ex,Gd,Av,Unf,0,Unf,0,707,707,Ex,Y,SBrkr,707,1414,0,0,2,1,3,Gd,Typ,1,Gd,Attchd,Fin,2,TA,TA,Y,100,35,0,0,Sin_Cerca,10,2006,WD,Normal,178000
190,RL,70.0,7000,Sin_Acceso,Reg,Lvl,Inside,Gtl,Edwards,Norm,2fmCon,2Story,5,7,1910,1991,Gable,MetalSd,MetalSd,None,0.0,TA,TA,CBlock,Gd,TA,Gd,GLQ,969,Unf,0,148,1117,TA,Y,SBrkr,527,1347,1,0,1,0,3,TA,Typ,0,Sin_Chimenea,Sin_Garaje,Sin_Garaje,0,Sin_Garaje,Sin_Garaje,N,85,0,148,0,Sin_Cerca,1,2008,WD,Normal,107500
60,RL,57.0,8924,Sin_Acceso,IR1,Lvl,CulDSac,Gtl,CollgCr,Norm,1Fam,2Story,7,5,1998,1999,Gable,VinylSd,VinylSd,None,0.0,TA,TA,PConc,Gd,TA,Av,Unf,0,Unf,0,880,880,Ex,Y,SBrkr,844,1724,0,0,2,1,3,Gd,Typ,0,Sin_Chimenea,Attchd,Fin,2,TA,TA,Y,120,155,0,0,Sin_Cerca,7,2008,WD,Normal,188000
20,RL,73.0,12735,Sin_Acceso,IR1,Lvl,FR2,Gtl,NAmes,Norm,1Fam,1Story,4,5,1972,1972,Hip,MetalSd,MetalSd,None,0.0,TA,TA,CBlock,TA,TA,No,BLQ,600,Unf,0,264,864,TA,Y,SBrkr,0,864,0,0,1,0,3,TA,Typ,0,Sin_Chimenea,Detchd,Unf,2,TA,TA,Y,216,0,0,0,MnWw,4,2008,COD,Normal,111250
20,RL,71.0,11553,Sin_Acceso,IR1,Lvl,Inside,Gtl,Sawyer,Norm,1Fam,1Story,5,5,1968,1968,Hip,Plywood,Plywood,BrkFace,188.0,TA,TA,CBlock,TA,TA,No,BLQ,673,Unf,0,378,1051,TA,Y,SBrkr,0,1159,0,0,1,1,3,TA,Typ,1,Fa,Attchd,Unf,1,TA,TA,Y,466,0,0,0,Sin_Cerca,7,2006,WD,Normal,158000
20,RL,70.0,11423,Sin_Acceso,Reg,Lvl,Inside,Gtl,CollgCr,Norm,1Fam,1Story,8,5,2001,2002,Gable,VinylSd,VinylSd,BrkFace,479.0,Gd,TA,PConc,Gd,TA,Av,GLQ,1358,Unf,0,223,1581,Ex,Y,SBrkr,0,1601,1,0,2,0,3,Gd,Typ,1,TA,Attchd,RFn,2,TA,TA,Y,180,0,0,0,MnPrv,5,2010,WD,Normal,272000
20,RL,85.0,14601,Sin_Acceso,Reg,Lvl,Inside,Gtl,Timber,Norm,1Fam,1Story,9,5,2006,2006,Hip,VinylSd,VinylSd,BrkFace,584.0,Ex,TA,PConc,Ex,TA,Av,GLQ,1260,Unf,0,578,1838,Ex,Y,SBrkr,0,1838,1,0,2,0,2,Ex,Typ,1,Gd,Attchd,Fin,3,TA,TA,Y,270,68,0,0,Sin_Cerca,3,2009,WD,Normal,315000
60,RL,91.0,11000,Sin_Acceso,Reg,Lvl,FR2,Gtl,NoRidge,Norm,1Fam,2Story,8,5,2000,2000,Gable,VinylSd,VinylSd,BrkFace,72.0,Gd,TA,PConc,Gd,TA,No,Unf,0,Unf,0,969,969,Ex,Y,SBrkr,1288,2285,0,0,2,1,4,Gd,Typ,1,TA,BuiltIn,Fin,3,TA,TA,Y,0,56,0,0,Sin_Cerca,6,2007,WD,Normal,248000
20,RL,78.0,10140,Sin_Acceso,Reg,Lvl,Inside,Gtl,NWAmes,RRAn,1Fam,1Story,7,5,1998,1999,Hip,VinylSd,VinylSd,None,0.0,Gd,TA,PConc,Ex,TA,No,LwQ,144,GLQ,1127,379,1650,Ex,Y,SBrkr,0,1680,1,0,2,0,3,Gd,Maj1,1,TA,Attchd,Fin,2,TA,TA,Y,78,73,0,0,Sin_Cerca,6,2009,WD,Normal,213250
120,RH,34.0,4058,Sin_Acceso,Reg,Lvl,Inside,Gtl,NAmes,Norm,TwnhsE,SFoyer,7,5,1998,1998,Gable,MetalSd,MetalSd,BrkFace,182.0,TA,TA,PConc,Gd,TA,Av,GLQ,584,LwQ,139,0,723,Ex,Y,SBrkr,0,767,1,0,1,0,1,TA,Typ,0,Sin_Chimenea,Attchd,Fin,1,TA,TA,Y,120,40,0,0,Sin_Cerca,6,2007,WD,Normal,133000
60,RL,58.0,17104,Sin_Acceso,IR1,Lvl,Inside,Gtl,Gilbert,Norm,1Fam,2Story,7,5,2006,2006,Gable,VinylSd,VinylSd,None,0.0,Gd,TA,PConc,Gd,Gd,Av,GLQ,554,Unf,0,100,654,Ex,Y,SBrkr,832,1496,1,0,2,1,3,Gd,Typ,1,Gd,Attchd,RFn,2,TA,TA,Y,100,24,0,0,Sin_Cerca,9,2006,New,Partial,179665
50,RL,80.0,13837,Sin_Acceso,IR1,Lvl,Corner,Gtl,NWAmes,Norm,1Fam,1.5Fin,7,5,1988,1988,Gable,HdBoard,HdBoard,BrkFace,178.0,Gd,Gd,PConc,Gd,Gd,No,GLQ,1002,LwQ,202,0,1204,Gd,Y,SBrkr,806,2183,0,0,2,1,4,Gd,Typ,0,Sin_Chimenea,Attchd,Unf,3,TA,TA,Y,0,0,0,0,Sin_Cerca,2,2006,WD,Normal,229000
50,RL,70.0,8737,Sin_Acceso,IR1,Bnk,Inside,Gtl,BrkSide,Norm,1Fam,1.5Fin,6,7,1923,1950,Gable,BrkFace,Wd Sdng,None,0.0,TA,TA,BrkTil,Gd,TA,No,Rec,300,Unf,0,765,1065,Ex,Y,FuseA,720,1635,0,0,1,1,3,TA,Typ,1,Gd,Detchd,Unf,2,TA,TA,Y,0,38,0,0,Sin_Cerca,5,2007,WD,Normal,210000
85,RL,54.0,7244,Sin_Acceso,Reg,Lvl,Inside,Gtl,Mitchel,Norm,1Fam,SFoyer,5,7,1970,1970,Gable,VinylSd,VinylSd,None,0.0,TA,Gd,CBlock,Gd,TA,Av,ALQ,619,Unf,0,149,768,Ex,Y,SBrkr,0,768,1,0,1,0,2,TA,Typ,0,Sin_Chimenea,Detchd,Unf,2,TA,TA,Y,104,0,0,0,Sin_Cerca,4,2007,WD,Normal,129500
20,RM,49.0,8235,Sin_Acceso,IR1,HLS,Inside,Gtl,OldTown,Feedr,1Fam,1Story,5,7,1955,1995,Gable,MetalSd,MetalSd,None,0.0,TA,Gd,CBlock,TA,TA,No,LwQ,180,Rec,645,0,825,TA,Y,SBrkr,0,825,1,0,1,0,2,TA,Typ,0,Sin_Chimenea,Detchd,RFn,2,TA,TA,Y,140,50,0,0,MnPrv,6,2008,WD,Normal,125000
60,FV,75.0,9375,Sin_Acceso,Reg,Lvl,Inside,Gtl,Somerst,Norm,1Fam,2Story,7,5,2003,2004,Gable,VinylSd,VinylSd,None,0.0,Gd,TA,PConc,Gd,TA,No,Unf,0,Unf,0,912,912,Ex,Y,SBrkr,1182,2094,0,0,2,1,4,Gd,Typ,1,Gd,BuiltIn,Fin,2,TA,TA,Y,182,182,0,0,Sin_Cerca,11,2009,WD,Normal,263000
120,RL,53.0,4043,Sin_Acceso,Reg,Lvl,Inside,Gtl,NPkVill,Norm,TwnhsE,1Story,6,6,1977,1977,Gable,Plywood,Plywood,None,0.0,TA,TA,CBlock,Gd,TA,No,ALQ,559,Unf,0,510,1069,TA,Y,SBrkr,0,1069,0,0,2,0,2,TA,Typ,0,Sin_Chimenea,Attchd,RFn,2,TA,TA,Y,0,55,0,200,Sin_Cerca,10,2008,COD,Abnorml,140000
20,RM,50.0,6000,Sin_Acceso,Reg,Lvl,Inside,Gtl,OldTown,Norm,1Fam,1Story,5,6,1957,1957,Hip,BrkFace,BrkFace,None,0.0,TA,TA,CBlock,TA,TA,No,Rec,308,Unf,0,620,928,Gd,Y,FuseA,0,928,0,0,1,0,3,TA,Typ,0,Sin_Chimenea,Attchd,Fin,1,TA,TA,Y,0,0,0,0,Sin_Cerca,6,2008,WD,Normal,112500
20,RL,87.0,11146,Sin_Acceso,IR1,Lvl,Inside,Gtl,NridgHt,Norm,1Fam,1Story,8,5,2006,2006,Gable,VinylSd,VinylSd,Stone,250.0,Gd,TA,PConc,Ex,TA,Av,Unf,0,Unf,0,1709,1709,Ex,Y,SBrkr,0,1717,0,0,2,0,3,Gd,Typ,1,Gd,Attchd,RFn,3,TA,TA,Y,169,39,0,0,Sin_Cerca,7,2009,WD,Normal,255500
20,RL,67.0,8777,Sin_Acceso,Reg,Lvl,Inside,Gtl,Edwards,Feedr,1Fam,1Story,4,5,1949,2003,Gable,VinylSd,VinylSd,None,0.0,TA,TA,CBlock,Sin_Sotano,Sin_Sotano,Sin_Sotano,Sin_Sotano,0,Sin_Sotano,0,0,0,Ex,Y,SBrkr,0,1126,0,0,2,0,2,Gd,Typ,0,Sin_Chimenea,Detchd,Fin,2,TA,TA,N,0,96,0,0,MnPrv,5,2009,WD,Normal,108000
60,RL,85.0,10625,Sin_Acceso,Reg,Lvl,Inside,Gtl,NridgHt,Norm,1Fam,2Story,7,5,2003,2004,Gable,VinylSd,VinylSd,BrkFace,292.0,Gd,TA,PConc,Gd,TA,No,GLQ,866,Unf,0,132,998,Ex,Y,SBrkr,1040,2046,1,0,2,1,3,Gd,Typ,1,Gd,BuiltIn,RFn,3,TA,TA,Y,320,62,0,0,Sin_Cerca,8,2008,WD,Normal,284000
45,RM,58.0,6380,Sin_Acceso,Reg,Lvl,Inside,Gtl,BrkSide,Norm,1Fam,1.5Unf,5,6,1922,1950,Gable,MetalSd,MetalSd,None,0.0,TA,TA,BrkTil,TA,Fa,No,Unf,0,Unf,0,993,993,TA,Y,FuseA,0,1048,0,0,1,0,2,TA,Typ,1,Gd,Detchd,Unf,1,TA,TA,Y,0,0,116,0,Sin_Cerca,8,2006,WD,Normal,113000
20,RL,69.0,14850,Sin_Acceso,IR1,Lvl,Inside,Gtl,NAmes,Norm,1Fam,1Story,5,5,1957,1957,Gable,Wd Sdng,Wd Sdng,None,0.0,TA,TA,CBlock,TA,TA,No,Rec,895,Unf,0,197,1092,TA,Y,FuseA,0,1092,1,0,1,0,2,TA,Typ,1,TA,Attchd,Fin,1,TA,TA,Y,268,0,0,122,MnWw,5,2006,WD,Normal,141000
50,C (all),60.0,11040,Sin_Acceso,Reg,Low,Inside,Mod,IDOTRR,Norm,1Fam,1.5Fin,4,6,1920,1950,Gable,MetalSd,MetalSd,None,0.0,TA,TA,CBlock,TA,TA,No,Rec,637,Unf,0,0,637,Gd,Y,SBrkr,439,1336,0,0,1,1,3,TA,Typ,0,Sin_Chimenea,CarPort,Unf,1,TA,TA,Y,0,47,120,0,Sin_Cerca,9,2006,COD,Normal,108000
60,RL,57.0,21872,Sin_Acceso,IR2,HLS,FR2,Gtl,Gilbert,Norm,1Fam,2Story,7,5,1996,1997,Gable,HdBoard,HdBoard,None,0.0,TA,TA,PConc,Gd,TA,Gd,GLQ,604,Unf,0,125,729,Ex,Y,SBrkr,717,1446,0,1,2,1,3,TA,Typ,1,TA,Attchd,Unf,2,TA,TA,Y,264,22,0,0,Sin_Cerca,8,2008,WD,Normal,175000
120,RL,43.0,3196,Sin_Acceso,Reg,Lvl,Inside,Gtl,Blmngtn,Norm,TwnhsE,1Story,7,5,2003,2004,Gable,VinylSd,VinylSd,BrkFace,18.0,Gd,TA,PConc,Gd,TA,Gd,Unf,0,Unf,0,1374,1374,Ex,Y,SBrkr,0,1557,0,0,2,0,2,Gd,Typ,1,TA,Attchd,Fin,2,TA,TA,Y,143,20,0,0,Sin_Cerca,10,2006,WD,Normal,234000
20,RL,71.0,11341,Sin_Acceso,IR1,Lvl,Inside,Gtl,Sawyer,Norm,1Fam,1Story,5,6,1957,1996,Hip,Wd Sdng,Wd Sdng,BrkFace,180.0,TA,TA,CBlock,Gd,TA,No,ALQ,1302,Unf,0,90,1392,TA,Y,SBrkr,0,1392,1,0,1,1,3,TA,Mod,1,Gd,Detchd,Unf,2,TA,TA,Y,0,0,0,95,Sin_Cerca,5,2010,WD,Normal,121500
20,RL,77.0,10010,Sin_Acceso,Reg,Lvl,Inside,Mod,Mitchel,Norm,1Fam,1Story,5,5,1974,1975,Gable,HdBoard,HdBoard,None,0.0,TA,TA,CBlock,Gd,TA,Av,ALQ,1071,LwQ,123,195,1389,Gd,Y,SBrkr,0,1389,1,0,1,0,2,TA,Typ,1,TA,Attchd,RFn,2,TA,TA,Y,240,38,0,0,Sin_Cerca,4,2006,WD,Normal,170000
30,RL,63.0,13907,Sin_Acceso,Reg,Lvl,Inside,Gtl,Edwards,Norm,1Fam,1Story,5,6,1940,1969,Gable,WdShing,Wd Shng,None,0.0,TA,TA,CBlock,TA,TA,No,BLQ,290,Unf,0,706,996,Ex,Y,SBrkr,0,996,1,0,1,0,3,TA,Typ,1,Gd,Sin_Garaje,Sin_Garaje,0,Sin_Garaje,Sin_Garaje,Y,144,0,0,0,Sin_Cerca,7,2008,WD,Normal,108000
50,RL,66.0,21780,Sin_Acceso,Reg,Lvl,Inside,Gtl,Edwards,Norm,1Fam,1.5Fin,6,7,1918,1950,Gable,Wd Sdng,Wd Sdng,None,0.0,TA,TA,BrkTil,Gd,TA,Mn,Unf,0,Unf,0,1163,1163,Ex,Y,SBrkr,511,1674,0,0,2,0,4,TA,Typ,1,Gd,Detchd,Fin,2,TA,TA,N,72,36,0,144,Sin_Cerca,7,2008,WD,Normal,185000
60,RL,91.0,13346,Sin_Acceso,IR1,Lvl,CulDSac,Gtl,NoRidge,Norm,1Fam,2Story,7,5,1992,2000,Gable,HdBoard,HdBoard,None,0.0,Gd,TA,PConc,Gd,TA,No,GLQ,728,Unf,0,367,1095,Ex,Y,SBrkr,1129,2295,1,0,2,1,4,Gd,Typ,1,TA,Attchd,RFn,2,TA,TA,Y,0,40,0,0,Sin_Cerca,7,2006,WD,Normal,268000
70,RL,66.0,6858,Sin_Acceso,Reg,Bnk,Corner,Gtl,SWISU,Norm,1Fam,2Story,6,4,1915,1950,Gable,Wd Sdng,Wd Sdng,None,0.0,TA,TA,PConc,Gd,TA,No,Unf,0,Unf,0,806,806,TA,N,FuseF,806,1647,1,0,1,1,4,Fa,Typ,0,Sin_Chimenea,Detchd,Unf,1,TA,TA,Y,0,66,136,0,Sin_Cerca,5,2010,WD,Normal,128000
60,RL,77.0,11198,Sin_Acceso,IR1,Lvl,Inside,Gtl,StoneBr,Norm,1Fam,2Story,9,5,2005,2007,Hip,VinylSd,VinylSd,BrkFace,245.0,Gd,TA,PConc,Gd,Gd,No,Unf,0,Unf,0,1122,1122,Ex,Y,SBrkr,1370,2504,0,0,2,1,4,Ex,Typ,1,Gd,BuiltIn,Fin,3,TA,TA,Y,144,39,0,0,Sin_Cerca,6,2008,WD,Normal,325000
20,RL,70.0,10171,Sin_Acceso,IR1,Lvl,Inside,Gtl,NridgHt,Norm,1Fam,1Story,7,5,2004,2004,Gable,VinylSd,VinylSd,BrkFace,168.0,Gd,TA,PConc,Gd,TA,No,GLQ,2,Unf,0,1515,1517,Ex,Y,SBrkr,0,1535,0,0,2,0,3,Gd,Typ,0,Sin_Chimenea,Attchd,RFn,2,TA,TA,Y,0,0,0,0,Sin_Cerca,3,2010,WD,Normal,214000
50,RL,79.0,12327,Sin_Acceso,IR1,Low,Inside,Mod,SawyerW,Norm,1Fam,1.5Fin,8,8,1983,2009,Gable,Wd Sdng,Wd Sdng,None,0.0,Gd,TA,CBlock,Gd,TA,Gd,GLQ,1441,Unf,0,55,1496,Ex,Y,SBrkr,636,2132,1,0,1,1,1,Gd,Min2,1,Gd,BuiltIn,Fin,2,Gd,TA,Y,349,40,0,0,Sin_Cerca,9,2009,WD,Normal,316600
90,RL,73.0,7032,Sin_Acceso,IR1,Lvl,Corner,Gtl,NAmes,Norm,Duplex,SFoyer,5,5,1979,1979,Gable,MetalSd,MetalSd,None,0.0,TA,TA,CBlock,Gd,TA,Gd,GLQ,943,Unf,0,0,943,TA,Y,SBrkr,0,943,1,0,1,0,2,TA,Typ,2,TA,Detchd,Unf,2,TA,TA,Y,42,0,0,0,Sin_Cerca,12,2006,WD,Normal,135960
90,RL,74.0,13101,Sin_Acceso,IR1,Lvl,Inside,Gtl,NAmes,Norm,Duplex,1Story,5,5,1965,1965,Gable,HdBoard,HdBoard,BrkFace,108.0,TA,TA,CBlock,TA,TA,No,LwQ,231,Unf,0,1497,1728,TA,Y,SBrkr,0,1728,0,0,2,0,6,TA,Typ,0,Sin_Chimenea,Detchd,Unf,2,TA,TA,Y,0,0,0,0,Sin_Cerca,11,2008,WD,Normal,142600
20,RL,60.0,7332,Sin_Acceso,Reg,Lvl,Inside,Gtl,NAmes,Norm,1Fam,1Story,6,6,1959,1959,Gable,WdShing,Wd Shng,BrkFace,207.0,TA,TA,CBlock,TA,TA,No,BLQ,414,Unf,0,450,864,Ex,Y,SBrkr,0,864,1,0,1,0,2,Gd,Typ,0,Sin_Chimenea,Attchd,Unf,1,TA,TA,Y,168,0,0,0,Sin_Cerca,10,2006,WD,Abnorml,120000
60,RL,83.0,13159,Sin_Acceso,IR1,HLS,Corner,Gtl,Timber,Norm,1Fam,2Story,7,5,2009,2009,Gable,VinylSd,VinylSd,None,0.0,TA,TA,PConc,Ex,TA,Av,Unf,0,Unf,0,846,846,Gd,Y,SBrkr,846,1692,0,0,2,1,3,Gd,Typ,0,Sin_Chimenea,Attchd,RFn,2,TA,TA,Y,208,114,0,0,Sin_Cerca,7,2009,New,Partial,224500
80,RL,76.0,9967,Sin_Acceso,IR1,Lvl,Inside,Gtl,Gilbert,Norm,1Fam,SLvl,7,5,2000,2000,Gable,VinylSd,VinylSd,None,0.0,TA,TA,PConc,Gd,TA,No,Unf,0,Unf,0,384,384,Ex,Y,SBrkr,656,1430,0,0,2,1,3,TA,Typ,1,TA,BuiltIn,RFn,2,TA,TA,Y,100,0,0,0,Sin_Cerca,12,2007,WD,Normal,170000
80,RL,70.0,10500,Sin_Acceso,Reg,Lvl,FR2,Gtl,NAmes,Norm,1Fam,SLvl,5,7,1971,2005,Gambrel,MetalSd,AsphShn,BrkFace,82.0,TA,TA,CBlock,TA,TA,Av,ALQ,349,Unf,0,23,372,TA,Y,SBrkr,533,1109,0,1,1,0,3,TA,Typ,0,Sin_Chimenea,BuiltIn,Unf,1,TA,TA,Y,35,0,0,0,GdWo,12,2007,WD,Normal,139000
50,RL,80.0,8480,Sin_Acceso,Reg,Lvl,Inside,Gtl,NAmes,Norm,1Fam,1.5Fin,5,5,1947,1950,Gable,MetalSd,MetalSd,None,0.0,TA,TA,CBlock,TA,TA,No,Rec,442,Unf,0,390,832,TA,Y,SBrkr,384,1216,0,0,1,0,2,TA,Typ,0,Sin_Chimenea,Detchd,Unf,1,TA,TA,Y,158,0,102,0,Sin_Cerca,10,2008,COD,Abnorml,118500
50,RL,52.0,6292,Sin_Acceso,Reg,Lvl,Inside,Gtl,SWISU,Norm,1Fam,1.5Fin,7,7,1928,1950,Gable,Wd Sdng,Wd Sdng,None,0.0,TA,TA,BrkTil,TA,TA,No,Unf,0,Unf,0,861,861,Gd,Y,SBrkr,600,1477,0,1,2,0,3,TA,Typ,1,Gd,Detchd,Unf,1,TA,TA,Y,0,50,0,0,Sin_Cerca,8,2009,WD,Normal,145000
80,RL,96.0,11777,Sin_Acceso,IR1,Lvl,Inside,Gtl,Sawyer,Norm,1Fam,SLvl,5,6,1966,1966,Gable,VinylSd,VinylSd,BrkFace,97.0,TA,TA,CBlock,TA,TA,Av,LwQ,328,ALQ,551,285,1164,Ex,Y,SBrkr,0,1320,1,0,1,0,3,TA,Typ,2,Fa,Attchd,RFn,2,TA,TA,Y,160,68,240,0,Sin_Cerca,5,2006,WD,Abnorml,164500
160,FV,34.0,3604,Pave,Reg,Lvl,Corner,Gtl,Somerst,Norm,TwnhsE,2Story,7,5,2007,2007,Gable,VinylSd,VinylSd,None,0.0,Gd,TA,PConc,Gd,TA,No,Unf,0,Unf,0,689,689,Ex,Y,SBrkr,689,1392,0,0,2,0,2,Gd,Typ,0,Sin_Chimenea,Detchd,Unf,2,TA,TA,Y,0,102,0,0,Sin_Cerca,2,2008,WD,Abnorml,146000
50,RM,81.0,12150,Grvl,Reg,Lvl,Inside,Gtl,OldTown,Norm,1Fam,1.5Fin,5,5,1954,1954,Gable,MetalSd,MetalSd,BrkFace,335.0,TA,TA,BrkTil,TA,TA,No,Unf,0,Unf,0,1050,1050,Ex,N,FuseF,745,1795,0,0,2,0,4,TA,Typ,0,Sin_Chimenea,Attchd,Unf,1,Fa,TA,Y,0,0,0,0,Sin_Cerca,11,2008,WD,Normal,131500
20,RL,73.0,14585,Sin_Acceso,IR1,Lvl,CulDSac,Gtl,NAmes,Norm,1Fam,1Story,6,6,1960,1987,Gable,Wd Sdng,Wd Sdng,BrkFace,85.0,TA,TA,CBlock,TA,TA,No,BLQ,594,Rec,219,331,1144,Ex,Y,SBrkr,0,1429,0,1,1,0,3,Gd,Typ,2,Gd,Attchd,Unf,2,TA,TA,Y,216,110,0,0,Sin_Cerca,6,2007,WD,Normal,181900
20,RL,98.0,12704,Sin_Acceso,Reg,Lvl,Inside,Gtl,NridgHt,Norm,1Fam,1Story,8,5,2008,2009,Hip,VinylSd,VinylSd,BrkFace,306.0,Ex,TA,PConc,Ex,TA,No,Unf,0,Unf,0,2042,2042,Ex,Y,SBrkr,0,2042,0,0,2,1,3,Ex,Typ,1,Gd,Attchd,RFn,3,TA,TA,Y,0,90,0,0,Sin_Cerca,8,2009,New,Partial,253293
90,RL,81.0,11841,Sin_Acceso,Reg,Lvl,Inside,Gtl,Edwards,Norm,Duplex,SFoyer,6,5,1990,1990,Gable,HdBoard,HdBoard,BrkFace,104.0,TA,Gd,CBlock,Gd,TA,Av,GLQ,816,Unf,0,0,816,TA,Y,SBrkr,0,816,1,0,1,0,3,TA,Typ,0,Sin_Chimenea,Sin_Garaje,Sin_Garaje,0,Sin_Garaje,Sin_Garaje,Y,0,32,0,0,Sin_Cerca,5,2007,WD,Normal,118500
75,RM,75.0,13500,Sin_Acceso,Reg,Lvl,Inside,Gtl,OldTown,Artery,1Fam,2.5Unf,10,9,1893,2000,Gable,Wd Sdng,Wd Sdng,None,0.0,Ex,Ex,BrkTil,TA,TA,No,Unf,0,Unf,0,1237,1237,Gd,Y,SBrkr,1254,2775,0,0,3,1,3,Gd,Typ,1,Gd,Detchd,Unf,2,Gd,TA,Y,105,502,0,0,Sin_Cerca,7,2008,WD,Normal,325000
50,RM,51.0,6120,Sin_Acceso,Reg,Lvl,Inside,Gtl,BrkSide,Norm,1Fam,1.5Fin,4,7,1935,1995,Gable,AsbShng,AsbShng,None,0.0,TA,TA,BrkTil,TA,TA,No,Unf,0,Unf,0,884,884,Ex,Y,SBrkr,584,1573,0,0,1,0,3,Gd,Typ,0,Sin_Chimenea,Detchd,Unf,1,TA,TA,Y,0,0,54,120,Sin_Cerca,7,2009,WD,Normal,133000
20,RL,88.0,11443,Sin_Acceso,Reg,Lvl,Inside,Gtl,Timber,Norm,1Fam,1Story,8,5,2005,2006,Hip,VinylSd,VinylSd,BrkFace,208.0,Gd,TA,PConc,Ex,TA,Gd,GLQ,1460,Unf,0,408,1868,Ex,Y,SBrkr,0,2028,1,0,2,0,2,Gd,Typ,2,Gd,Attchd,RFn,3,TA,TA,Y,326,66,0,0,Sin_Cerca,3,2006,New,Partial,369900
30,RL,55.0,10267,Sin_Acceso,Reg,Lvl,Inside,Gtl,BrkSide,RRAn,1Fam,1Story,6,7,1918,2000,Gable,Stucco,Wd Shng,None,0.0,TA,Gd,BrkTil,TA,Gd,Mn,Rec,210,ALQ,606,0,816,Ex,Y,SBrkr,0,838,1,0,1,0,2,Fa,Typ,0,Sin_Chimenea,Detchd,Fin,1,TA,TA,N,0,0,112,0,MnWw,5,2008,WD,Normal,130000
85,RL,74.0,8740,Sin_Acceso,IR1,Lvl,Inside,Gtl,Sawyer,Norm,1Fam,SFoyer,5,6,1982,1982,Hip,HdBoard,HdBoard,None,0.0,TA,TA,CBlock,TA,TA,Av,ALQ,672,Unf,0,168,840,TA,Y,SBrkr,0,860,1,0,1,0,2,TA,Typ,0,Sin_Chimenea,Detchd,Unf,2,TA,TA,Y,0,0,0,0,Sin_Cerca,7,2009,WD,Normal,137000
20,RL,65.0,25095,Sin_Acceso,IR1,Low,Inside,Sev,ClearCr,Norm,1Fam,1Story,5,8,1968,2003,Flat,Wd Sdng,Wd Sdng,None,0.0,TA,TA,CBlock,TA,TA,Gd,GLQ,1324,Unf,0,113,1437,Ex,Y,SBrkr,0,1473,2,0,1,0,1,Ex,Typ,2,Gd,Attchd,Unf,1,TA,TA,Y,0,48,0,60,Sin_Cerca,6,2009,WD,Partial,143000
40,RM,50.0,9100,Sin_Acceso,Reg,Lvl,Inside,Gtl,BrkSide,RRAn,1Fam,1Story,5,6,1930,1960,Gable,VinylSd,VinylSd,None,0.0,TA,TA,BrkTil,TA,TA,No,Unf,0,Unf,0,742,742,TA,Y,FuseA,0,935,0,0,1,0,2,TA,Typ,0,Sin_Chimenea,Detchd,Unf,1,TA,TA,P,0,0,0,0,Sin_Cerca,8,2008,WD,Normal,79500
60,RL,64.0,8320,Sin_Acceso,Reg,Lvl,Inside,Gtl,CollgCr,Norm,1Fam,2Story,7,5,2004,2004,Gable,VinylSd,VinylSd,None,0.0,Gd,TA,PConc,Gd,TA,No,GLQ,490,Unf,0,280,770,Ex,Y,SBrkr,812,1582,0,0,2,1,3,Gd,Typ,0,Sin_Chimenea,Attchd,RFn,2,TA,TA,Y,0,45,0,0,Sin_Cerca,9,2008,WD,Normal,185900
60,RL,97.0,13478,Sin_Acceso,IR1,Lvl,Corner,Gtl,NridgHt,Norm,1Fam,2Story,10,5,2008,2008,Gable,CemntBd,CmentBd,Stone,420.0,Ex,TA,PConc,Ex,TA,Gd,GLQ,1338,Unf,0,384,1722,Ex,Y,SBrkr,568,2296,1,0,2,1,3,Ex,Typ,1,Gd,BuiltIn,RFn,3,TA,TA,Y,382,274,0,0,Sin_Cerca,6,2009,ConLI,Normal,451950
20,RL,60.0,6600,Sin_Acceso,Reg,Lvl,Inside,Gtl,Mitchel,Norm,1Fam,1Story,5,8,1982,2003,Gable,HdBoard,HdBoard,None,0.0,TA,Gd,PConc,TA,Gd,No,GLQ,816,Unf,0,0,816,Ex,Y,SBrkr,0,816,1,0,1,0,2,TA,Typ,0,Sin_Chimenea,Detchd,Fin,2,TA,TA,Y,0,0,0,0,Sin_Cerca,6,2008,WD,Normal,138000
120,RM,70.0,4435,Sin_Acceso,Reg,Lvl,Inside,Gtl,CollgCr,Norm,TwnhsE,1Story,6,5,2003,2003,Gable,VinylSd,VinylSd,BrkFace,170.0,Gd,TA,PConc,Gd,TA,Av,GLQ,685,Unf,0,163,848,Ex,Y,SBrkr,0,848,1,0,1,0,1,Gd,Typ,0,Sin_Chimenea,Attchd,Fin,2,TA,TA,Y,140,0,0,0,Sin_Cerca,5,2009,WD,Normal,140000
20,RL,88.0,7990,Sin_Acceso,IR1,Lvl,Inside,Gtl,CollgCr,Norm,1Fam,1Story,5,6,1975,1975,Hip,HdBoard,HdBoard,None,0.0,TA,TA,CBlock,Gd,TA,No,Unf,0,Unf,0,924,924,TA,Y,SBrkr,0,924,0,0,1,0,3,TA,Typ,0,Sin_Chimenea,Detchd,Unf,1,TA,TA,Y,0,0,0,0,MnPrv,4,2008,WD,Normal,110000
20,RL,69.0,11302,Sin_Acceso,IR1,Lvl,Inside,Gtl,StoneBr,Norm,1Fam,1Story,8,5,2005,2006,Gable,VinylSd,Other,BrkFace,238.0,Gd,TA,PConc,Gd,TA,Gd,GLQ,1422,Unf,0,392,1814,Ex,Y,SBrkr,0,1826,1,0,2,0,3,Gd,Typ,1,TA,Attchd,Fin,3,TA,TA,Y,180,75,0,120,Sin_Cerca,8,2006,New,Partial,319000
70,RM,60.0,3600,Grvl,Reg,Lvl,Inside,Gtl,OldTown,Norm,1Fam,2Story,6,7,1910,1993,Gable,VinylSd,VinylSd,None,0.0,TA,TA,CBlock,TA,TA,No,Unf,0,Unf,0,684,684,Ex,N,FuseA,684,1368,0,0,1,0,3,TA,Typ,0,Sin_Chimenea,Detchd,Unf,1,TA,Fa,N,0,158,0,0,Sin_Cerca,10,2006,WD,Normal,114504
120,RL,53.0,3922,Sin_Acceso,Reg,Lvl,Inside,Gtl,Blmngtn,Norm,TwnhsE,1Story,7,5,2006,2007,Gable,VinylSd,VinylSd,BrkFace,72.0,Gd,TA,PConc,Ex,TA,Av,Unf,0,Unf,0,1258,1258,Ex,Y,SBrkr,0,1402,0,2,0,2,2,Gd,Typ,1,Gd,Attchd,Fin,3,TA,TA,Y,120,16,0,0,Sin_Cerca,2,2007,New,Partial,194201
20,RL,80.0,12984,Sin_Acceso,Reg,Bnk,Inside,Gtl,Crawfor,Norm,1Fam,1Story,5,6,1977,1977,Gable,Plywood,Plywood,BrkFace,459.0,TA,TA,CBlock,Gd,TA,Mn,ALQ,1283,LwQ,147,0,1430,Ex,Y,SBrkr,0,1647,1,0,2,0,3,Gd,Typ,1,TA,Attchd,Fin,2,TA,TA,Y,0,0,0,0,Sin_Cerca,3,2006,WD,Normal,217500
160,RM,24.0,1950,Sin_Acceso,Reg,Lvl,Inside,Gtl,Blueste,Norm,Twnhs,2Story,6,6,1980,1980,Gable,MetalSd,MetalSd,None,0.0,TA,Gd,CBlock,Gd,TA,No,LwQ,81,GLQ,612,23,716,TA,Y,SBrkr,840,1556,1,0,2,1,3,TA,Typ,1,TA,Attchd,Fin,2,TA,TA,Y,161,0,0,0,GdPrv,7,2008,COD,Normal,151000
60,RL,74.0,10927,Sin_Acceso,Reg,Lvl,Inside,Gtl,NridgHt,Norm,1Fam,2Story,8,5,2005,2005,Gable,VinylSd,VinylSd,BrkFace,280.0,Gd,TA,PConc,Gd,TA,Av,GLQ,546,Unf,0,512,1058,Ex,Y,SBrkr,846,1904,1,0,2,1,3,Ex,Typ,1,Gd,BuiltIn,Fin,2,TA,TA,Y,179,60,0,0,Sin_Cerca,6,2006,WD,Normal,275000
50,RM,50.0,9000,Sin_Acceso,Reg,Bnk,Inside,Gtl,IDOTRR,Norm,1Fam,1.5Fin,6,6,1937,1950,Gable,Wd Sdng,Wd Sdng,None,0.0,TA,Gd,PConc,TA,TA,No,Unf,0,Unf,0,780,780,TA,Y,SBrkr,595,1375,0,0,1,1,3,Gd,Typ,1,Gd,Detchd,Unf,1,TA,TA,P,0,162,0,126,Sin_Cerca,12,2007,WD,Normal,141000
60,RL,80.0,10041,Sin_Acceso,IR1,Lvl,Inside,Gtl,SawyerW,Norm,1Fam,2Story,8,5,1992,1992,Gable,HdBoard,HdBoard,None,0.0,Gd,TA,PConc,Gd,TA,Mn,GLQ,789,Unf,0,119,908,Ex,Y,SBrkr,988,1915,1,0,2,1,3,Gd,Typ,1,TA,Attchd,Fin,2,TA,TA,Y,120,150,0,0,Sin_Cerca,2,2006,WD,Abnorml,220000
160,FV,30.0,3182,Pave,Reg,Lvl,Inside,Gtl,Somerst,Norm,TwnhsE,2Story,7,5,2004,2005,Gable,MetalSd,MetalSd,None,0.0,Gd,TA,PConc,Gd,TA,No,Unf,0,Unf,0,600,600,Ex,Y,SBrkr,600,1200,0,0,2,1,2,Gd,Typ,0,Sin_Chimenea,Detchd,RFn,2,TA,TA,Y,0,172,0,0,Sin_Cerca,6,2010,WD,Normal,151000
20,RL,88.0,12803,Sin_Acceso,IR1,Lvl,Inside,Gtl,CollgCr,Norm,1Fam,1Story,7,5,2002,2002,Gable,VinylSd,VinylSd,BrkFace,99.0,Gd,TA,PConc,Gd,TA,Mn,GLQ,922,Unf,0,572,1494,Ex,Y,SBrkr,0,1494,1,0,2,0,3,Gd,Typ,1,TA,Attchd,RFn,2,TA,TA,Y,192,36,0,0,Sin_Cerca,9,2008,WD,Normal,221000
60,RL,85.0,13600,Sin_Acceso,Reg,Lvl,Inside,Gtl,NAmes,Norm,1Fam,2Story,7,6,1965,1990,Gable,HdBoard,HdBoard,BrkFace,176.0,TA,TA,CBlock,TA,TA,No,BLQ,454,Unf,0,314,768,TA,Y,SBrkr,800,1986,0,0,2,1,3,TA,Typ,3,Fa,Attchd,Unf,2,TA,TA,Y,0,42,0,189,Sin_Cerca,10,2009,WD,Normal,205000
20,RL,82.0,12464,Sin_Acceso,IR2,Low,Corner,Mod,CollgCr,Norm,1Fam,1Story,5,5,1996,1996,Gable,VinylSd,VinylSd,None,0.0,TA,Gd,PConc,Gd,TA,No,GLQ,732,Unf,0,308,1040,Gd,Y,SBrkr,0,1040,1,0,1,0,3,Gd,Typ,0,Sin_Chimenea,Detchd,Unf,2,TA,TA,Y,168,0,0,0,GdPrv,11,2009,WD,Normal,152000
20,RL,78.0,7800,Sin_Acceso,Reg,Bnk,Inside,Mod,Edwards,Norm,1Fam,2Story,5,8,1948,2002,Gable,MetalSd,MetalSd,None,0.0,TA,Gd,CBlock,TA,Gd,No,GLQ,603,Unf,0,293,896,Ex,Y,SBrkr,896,2008,1,0,3,0,3,Ex,Typ,0,Sin_Chimenea,Attchd,Unf,1,TA,TA,Y,103,0,0,0,Sin_Cerca,8,2006,WD,Normal,225000
70,RL,78.0,12168,Sin_Acceso,Reg,HLS,Inside,Mod,Crawfor,Norm,1Fam,2Story,8,6,1934,1998,Gable,BrkFace,Wd Sdng,None,0.0,TA,TA,PConc,Gd,TA,Mn,BLQ,428,Unf,0,537,965,TA,Y,SBrkr,1254,3194,0,0,2,1,4,TA,Typ,2,Gd,Basment,Unf,2,TA,TA,Y,0,0,0,0,Sin_Cerca,9,2007,WD,Alloca,359100
20,RL,61.0,7943,Sin_Acceso,Reg,Lvl,Inside,Gtl,Sawyer,Feedr,1Fam,1Story,4,5,1961,1961,Gable,VinylSd,VinylSd,BrkCmn,192.0,TA,Fa,CBlock,TA,TA,Mn,Rec,903,Unf,0,126,1029,Gd,Y,SBrkr,0,1029,1,0,1,0,3,TA,Typ,0,Sin_Chimenea,Attchd,Unf,1,TA,TA,Y,64,0,39,0,Sin_Cerca,4,2007,WD,Normal,118500
60,RL,70.0,11050,Sin_Acceso,Reg,Lvl,Inside,Gtl,CollgCr,PosN,1Fam,2Story,9,5,2000,2000,Hip,VinylSd,VinylSd,BrkFace,204.0,Gd,TA,PConc,Ex,TA,Mn,GLQ,904,Unf,0,536,1440,Ex,Y,SBrkr,677,2153,1,0,2,1,3,Ex,Typ,2,Ex,Attchd,Fin,3,TA,TA,Y,253,142,0,0,Sin_Cerca,5,2009,WD,Normal,313000
80,RL,80.0,10395,Sin_Acceso,IR1,Lvl,FR2,Gtl,NWAmes,Norm,1Fam,SLvl,6,6,1978,1978,Gable,HdBoard,HdBoard,BrkFace,233.0,TA,TA,CBlock,Gd,TA,Av,ALQ,605,Unf,0,427,1032,TA,Y,SBrkr,0,1032,0,1,2,0,3,TA,Typ,1,TA,Attchd,Unf,2,TA,TA,Y,0,0,0,0,MnPrv,7,2007,WD,Normal,148000
60,RL,70.0,11885,Sin_Acceso,Reg,Lvl,Inside,Gtl,CollgCr,Norm,1Fam,2Story,8,5,2001,2001,Gable,VinylSd,VinylSd,BrkFace,108.0,Gd,TA,PConc,Gd,TA,Av,GLQ,990,Unf,0,309,1299,Ex,Y,SBrkr,573,1872,1,0,2,1,3,Ex,Typ,1,TA,BuiltIn,RFn,2,TA,TA,Y,160,122,0,0,Sin_Cerca,11,2009,WD,Normal,261500
20,RL,70.0,8402,Sin_Acceso,Reg,Lvl,Inside,Gtl,Mitchel,Feedr,1Fam,1Story,5,5,2007,2007,Gable,VinylSd,VinylSd,None,0.0,TA,TA,PConc,Gd,TA,No,ALQ,206,Unf,0,914,1120,Ex,Y,SBrkr,0,1120,0,0,1,0,3,TA,Typ,0,Sin_Chimenea,Sin_Garaje,Sin_Garaje,0,Sin_Garaje,Sin_Garaje,Y,0,30,0,0,Sin_Cerca,12,2007,New,Partial,147000
180,RM,21.0,1491,Sin_Acceso,Reg,Lvl,Inside,Gtl,MeadowV,Norm,TwnhsE,SFoyer,4,6,1972,1972,Gable,CemntBd,CmentBd,None,0.0,TA,TA,CBlock,Gd,TA,Av,LwQ,150,GLQ,480,0,630,Ex,Y,SBrkr,0,630,1,0,1,0,1,TA,Typ,0,Sin_Chimenea,Sin_Garaje,Sin_Garaje,0,Sin_Garaje,Sin_Garaje,Y,96,24,0,0,Sin_Cerca,5,2010,WD,Normal,75500
85,RL,80.0,8800,Sin_Acceso,Reg,Lvl,Inside,Gtl,NAmes,Feedr,1Fam,SFoyer,6,7,1963,1963,Gable,MetalSd,MetalSd,BrkFace,156.0,TA,Gd,PConc,TA,TA,Gd,GLQ,763,Unf,0,173,936,Ex,Y,SBrkr,0,1054,1,0,1,0,3,Gd,Typ,0,Sin_Chimenea,Attchd,RFn,2,TA,TA,Y,120,0,0,0,MnPrv,5,2010,WD,Abnorml,137500
60,RL,65.0,7861,Sin_Acceso,IR1,Lvl,Inside,Gtl,Gilbert,Norm,1Fam,2Story,6,5,2002,2003,Gable,VinylSd,VinylSd,None,0.0,Gd,TA,PConc,Gd,TA,No,GLQ,457,Unf,0,326,783,Ex,Y,SBrkr,702,1509,1,0,2,1,3,Gd,Typ,1,Gd,Attchd,Fin,2,TA,TA,Y,100,75,0,0,Sin_Cerca,6,2006,WD,Normal,183200
45,RL,59.0,7227,Sin_Acceso,Reg,HLS,Corner,Mod,NAmes,Artery,1Fam,1.5Unf,6,6,1954,1954,Gable,MetalSd,MetalSd,None,0.0,TA,TA,CBlock,TA,TA,No,Unf,0,Unf,0,832,832,Gd,Y,SBrkr,0,832,0,0,1,0,2,Gd,Typ,0,Sin_Chimenea,Detchd,Unf,2,TA,TA,Y,0,0,0,0,Sin_Cerca,6,2008,WD,Normal,105500
20,RL,90.0,11694,Sin_Acceso,Reg,Lvl,Inside,Gtl,NridgHt,Norm,1Fam,1Story,9,5,2007,2007,Hip,CemntBd,CmentBd,BrkFace,452.0,Ex,TA,PConc,Ex,TA,Av,GLQ,48,Unf,0,1774,1822,Ex,Y,SBrkr,0,1828,0,0,2,0,3,Gd,Typ,1,Gd,Attchd,Unf,3,TA,TA,Y,0,108,0,260,Sin_Cerca,7,2007,New,Partial,314813
60,RL,85.0,12244,Sin_Acceso,Reg,Lvl,Inside,Gtl,Timber,Norm,1Fam,2Story,8,5,2003,2003,Hip,VinylSd,VinylSd,Stone,226.0,Gd,TA,PConc,Gd,TA,Gd,GLQ,871,Unf,0,611,1482,Ex,Y,SBrkr,780,2262,1,0,2,1,4,Gd,Typ,2,Gd,Attchd,Fin,3,TA,TA,Y,168,0,0,0,Sin_Cerca,8,2008,WD,Normal,305000
30,RL,45.0,8248,Grvl,Reg,Lvl,Inside,Gtl,Edwards,Norm,1Fam,1Story,3,3,1914,1950,Gable,Stucco,Stucco,None,0.0,TA,TA,BrkTil,TA,TA,No,BLQ,41,Unf,0,823,864,TA,N,FuseF,0,864,1,0,1,0,2,TA,Typ,0,Sin_Chimenea,Sin_Garaje,Sin_Garaje,0,Sin_Garaje,Sin_Garaje,N,0,0,100,0,Sin_Cerca,9,2008,WD,Normal,67000
60,RL,90.0,10800,Sin_Acceso,Reg,Lvl,Inside,Gtl,NWAmes,Norm,1Fam,2Story,6,7,1974,1997,Gable,HdBoard,HdBoard,None,0.0,TA,TA,CBlock,TA,TA,No,ALQ,956,Rec,182,384,1522,TA,Y,SBrkr,1066,2614,0,0,2,1,4,TA,Typ,1,TA,Attchd,RFn,2,TA,TA,Y,38,243,0,0,Sin_Cerca,6,2008,WD,Normal,240000
20,RL,71.0,7064,Sin_Acceso,Reg,Lvl,Inside,Gtl,Sawyer,Norm,1Fam,1Story,5,6,1977,1977,Gable,Plywood,Plywood,BrkFace,153.0,TA,TA,CBlock,TA,TA,No,BLQ,560,Unf,0,420,980,TA,Y,SBrkr,0,980,0,0,1,0,3,TA,Typ,0,Sin_Chimenea,Detchd,Unf,2,TA,TA,Y,192,0,0,0,Sin_Cerca,7,2009,WD,Normal,135000
160,FV,73.5,2117,Sin_Acceso,Reg,Lvl,Inside,Gtl,Somerst,Norm,TwnhsE,2Story,6,5,2000,2000,Gable,MetalSd,MetalSd,BrkFace,513.0,Gd,TA,PConc,Gd,TA,No,GLQ,420,Unf,0,336,756,Ex,Y,SBrkr,756,1512,0,0,2,1,2,Gd,Typ,1,TA,Detchd,Unf,2,TA,TA,Y,0,32,0,0,Sin_Cerca,6,2007,WD,Normal,168500
60,RL,80.0,10400,Sin_Acceso,Reg,Lvl,Inside,Gtl,NWAmes,Norm,1Fam,2Story,6,5,1972,1972,Gable,VinylSd,VinylSd,BrkFace,288.0,TA,TA,CBlock,TA,TA,No,Rec,247,Unf,0,485,732,Gd,Y,SBrkr,778,1790,1,0,1,2,4,TA,Min2,1,TA,Attchd,RFn,2,TA,TA,Y,148,0,0,147,Sin_Cerca,11,2006,WD,Normal,165150
20,RL,87.0,10000,Sin_Acceso,IR1,Lvl,Corner,Gtl,NAmes,Norm,1Fam,1Story,6,6,1962,1962,Hip,Wd Sdng,Wd Sdng,BrkFace,261.0,TA,TA,CBlock,TA,TA,No,Unf,0,Unf,0,1116,1116,TA,Y,SBrkr,0,1116,0,0,1,1,3,TA,Typ,0,Sin_Chimenea,Attchd,Unf,2,TA,TA,Y,0,0,0,385,Sin_Cerca,2,2010,WD,Normal,160000
20,RL,73.0,12342,Sin_Acceso,IR1,Lvl,Inside,Gtl,NAmes,Norm,1Fam,1Story,5,5,1960,1978,Hip,Wd Sdng,Wd Sdng,None,0.0,TA,TA,CBlock,TA,TA,No,Unf,0,Unf,0,978,978,TA,Y,SBrkr,0,1422,0,0,1,0,3,TA,Min1,1,TA,Attchd,RFn,1,TA,TA,Y,0,0,36,0,GdWo,8,2007,WD,Normal,139900
80,RL,80.0,9600,Sin_Acceso,Reg,Lvl,Inside,Gtl,NAmes,Norm,1Fam,SLvl,6,6,1955,1972,Gable,AsbShng,AsbShng,BrkFace,164.0,TA,TA,CBlock,TA,TA,Av,BLQ,674,LwQ,132,350,1156,Ex,Y,SBrkr,0,1520,1,0,1,0,3,TA,Typ,2,Gd,Basment,RFn,1,TA,TA,Y,0,0,189,0,Sin_Cerca,3,2010,WD,Normal,153000
60,RL,70.0,11606,Sin_Acceso,IR1,HLS,Inside,Sev,NAmes,Norm,1Fam,2Story,5,5,1969,1969,Gable,Plywood,Plywood,BrkFace,192.0,TA,TA,PConc,Gd,TA,Av,Rec,650,Unf,0,390,1040,TA,Y,SBrkr,1040,2080,0,1,1,2,5,Fa,Typ,2,TA,Attchd,Unf,2,TA,TA,Y,335,0,0,0,Sin_Cerca,9,2007,WD,Family,135000
80,RL,82.0,9020,Sin_Acceso,Reg,Lvl,Corner,Gtl,NAmes,Feedr,1Fam,SLvl,6,5,1964,1964,Gable,Plywood,Wd Sdng,BrkFace,259.0,TA,TA,CBlock,TA,TA,Gd,GLQ,624,Rec,336,288,1248,TA,Y,SBrkr,0,1350,1,0,1,1,3,TA,Typ,0,Sin_Chimenea,Attchd,RFn,2,TA,TA,Y,176,0,0,0,GdPrv,6,2008,WD,Normal,168500
70,RM,50.0,9000,Grvl,Reg,Lvl,Corner,Gtl,OldTown,Artery,1Fam,2Story,5,6,1880,1991,Gable,VinylSd,VinylSd,None,0.0,TA,TA,BrkTil,Fa,Fa,No,Unf,0,Unf,0,636,636,TA,Y,FuseA,661,1750,0,0,1,0,3,Ex,Typ,0,Sin_Chimenea,Detchd,Unf,1,Fa,Po,N,0,0,293,0,MnPrv,6,2006,WD,Abnorml,124000
120,RL,34.0,4590,Sin_Acceso,Reg,Lvl,Inside,Gtl,NridgHt,Norm,Twnhs,1Story,8,5,2006,2006,Gable,VinylSd,VinylSd,Stone,108.0,Gd,TA,PConc,Gd,Gd,Mn,GLQ,24,Unf,0,1530,1554,Ex,Y,SBrkr,0,1554,0,0,2,0,2,Gd,Typ,1,Gd,Attchd,RFn,2,TA,TA,Y,156,73,0,0,Sin_Cerca,8,2007,WD,Normal,209500
20,RL,85.0,11900,Sin_Acceso,Reg,Lvl,Inside,Gtl,NWAmes,Norm,1Fam,1Story,7,5,1977,1977,Hip,Plywood,Plywood,BrkFace,209.0,TA,Gd,CBlock,TA,TA,No,ALQ,822,Unf,0,564,1386,TA,Y,SBrkr,0,1411,0,0,2,0,3,TA,Typ,1,TA,Attchd,Fin,2,TA,TA,Y,192,0,0,0,Sin_Cerca,4,2009,WD,Family,82500
20,RL,80.0,9250,Sin_Acceso,Reg,Lvl,Corner,Gtl,NAmes,Norm,1Fam,1Story,5,7,1954,2005,Gable,Wd Sdng,Wd Sdng,None,0.0,TA,TA,CBlock,TA,TA,No,BLQ,480,LwQ,468,108,1056,TA,Y,SBrkr,0,1056,0,1,1,0,3,TA,Typ,0,Sin_Chimenea,Attchd,Unf,1,TA,TA,Y,390,0,0,0,Sin_Cerca,7,2007,WD,Normal,139400
90,RL,64.0,6979,Sin_Acceso,Reg,Lvl,Inside,Gtl,OldTown,Norm,Duplex,SFoyer,6,5,1980,1980,Gable,Plywood,Plywood,None,0.0,TA,TA,CBlock,TA,TA,No,GLQ,1056,Unf,0,0,1056,Gd,Y,SBrkr,0,1056,2,0,0,0,0,TA,Typ,0,Sin_Chimenea,Detchd,Unf,2,TA,TA,Y,264,56,0,0,GdPrv,6,2010,WD,Normal,144000
190,RH,60.0,10896,Pave,Reg,Bnk,Inside,Gtl,SWISU,Feedr,2fmCon,2.5Fin,6,7,1914,1995,Hip,VinylSd,VinylSd,None,0.0,Fa,TA,CBlock,TA,Fa,No,LwQ,256,Unf,0,1184,1440,Ex,Y,FuseA,1440,3395,0,0,2,0,8,Fa,Typ,0,Sin_Chimenea,Sin_Garaje,Sin_Garaje,0,Sin_Garaje,Sin_Garaje,N,0,110,0,0,Sin_Cerca,3,2007,WD,Abnorml,200000
30,RM,51.0,6120,Sin_Acceso,Reg,Lvl,Inside,Gtl,BrkSide,Norm,1Fam,1Story,2,3,1936,1950,Gable,AsbShng,AsbShng,None,0.0,Fa,Fa,BrkTil,TA,Fa,No,Unf,0,Unf,0,264,264,Fa,N,FuseA,0,800,0,0,1,0,1,Fa,Maj1,1,Po,Sin_Garaje,Sin_Garaje,0,Sin_Garaje,Sin_Garaje,N,0,0,0,0,Sin_Cerca,1,2009,ConLw,Normal,60000
190,RM,50.0,6000,Sin_Acceso,Reg,Lvl,Inside,Gtl,OldTown,Norm,2fmCon,1.5Fin,5,4,1954,1954,Gable,Wd Sdng,Wd Sdng,None,0.0,TA,TA,CBlock,TA,TA,No,Unf,0,Unf,0,811,811,TA,Y,FuseA,576,1387,0,0,2,0,3,Gd,Typ,0,Sin_Chimenea,BuiltIn,Unf,1,TA,TA,Y,0,0,0,0,Sin_Cerca,11,2009,WD,Normal,93000
30,RL,67.0,8777,Sin_Acceso,Reg,Lvl,Inside,Gtl,Edwards,Feedr,1Fam,1Story,5,7,1910,1950,Gable,MetalSd,Wd Sdng,None,0.0,TA,TA,CBlock,Fa,TA,No,Unf,0,Unf,0,796,796,Gd,Y,FuseA,0,796,0,0,1,0,2,TA,Typ,0,Sin_Chimenea,Sin_Garaje,Sin_Garaje,0,Sin_Garaje,Sin_Garaje,P,328,0,164,0,MnPrv,5,2008,WD,Normal,85000
120,RL,53.0,3982,Sin_Acceso,Reg,Lvl,Inside,Gtl,Blmngtn,Norm,TwnhsE,1Story,8,5,2006,2006,Hip,VinylSd,VinylSd,None,0.0,Gd,TA,PConc,Gd,Gd,Av,GLQ,1154,Unf,0,366,1520,Ex,Y,SBrkr,0,1567,1,0,2,0,1,Ex,Typ,1,Gd,Attchd,Fin,3,TA,TA,Y,312,0,0,0,Sin_Cerca,10,2006,New,Partial,264561
120,RL,62.0,12677,Sin_Acceso,IR1,Lvl,Inside,Gtl,NridgHt,Norm,TwnhsE,1Story,8,5,2003,2004,Hip,MetalSd,MetalSd,BrkFace,472.0,Ex,TA,PConc,Ex,TA,Gd,GLQ,1218,Unf,0,300,1518,Ex,Y,SBrkr,0,1518,0,0,1,1,1,Ex,Typ,1,Gd,Attchd,RFn,2,TA,TA,Y,185,140,0,0,Sin_Cerca,4,2008,WD,Normal,274000
60,FV,73.5,7050,Sin_Acceso,Reg,Lvl,Inside,Gtl,Somerst,Norm,1Fam,2Story,7,5,2001,2001,Gable,VinylSd,VinylSd,None,0.0,Gd,TA,PConc,Gd,TA,No,GLQ,738,Unf,0,319,1057,Ex,Y,SBrkr,872,1929,1,0,2,1,3,Gd,Typ,1,TA,Attchd,Fin,2,TA,TA,Y,0,235,0,0,Sin_Cerca,5,2007,WD,Normal,226000
80,RL,75.0,13860,Sin_Acceso,Reg,Lvl,Inside,Gtl,NAmes,Norm,1Fam,SLvl,8,7,1972,1995,Gable,Plywood,Wd Sdng,None,0.0,Gd,TA,CBlock,Gd,TA,Gd,GLQ,1410,Unf,0,542,1952,Gd,Y,SBrkr,704,2704,1,0,2,1,4,Ex,Typ,3,TA,Attchd,Fin,2,TA,TA,Y,269,111,0,0,MnPrv,7,2009,WD,Normal,345000
60,RL,80.0,10793,Sin_Acceso,Reg,Lvl,Inside,Gtl,NWAmes,RRAn,1Fam,2Story,5,5,1969,1969,Mansard,WdShing,HdBoard,BrkFace,263.0,TA,TA,CBlock,TA,TA,No,Rec,493,BLQ,287,0,780,Ex,Y,SBrkr,840,1620,0,0,2,1,4,TA,Min1,0,Sin_Chimenea,Attchd,Fin,2,TA,TA,Y,208,0,0,0,GdWo,4,2007,WD,Normal,152000
20,FV,85.0,9187,Sin_Acceso,Reg,Lvl,Inside,Gtl,Somerst,Norm,1Fam,1Story,9,5,2009,2009,Gable,CemntBd,CmentBd,Stone,162.0,Ex,TA,PConc,Ex,TA,Mn,GLQ,1121,Unf,0,645,1766,Ex,Y,SBrkr,0,1766,1,0,2,1,2,Ex,Typ,1,Gd,Attchd,Fin,3,TA,TA,Y,195,130,0,0,Sin_Cerca,10,2009,New,Partial,370878
20,RL,73.0,10530,Sin_Acceso,IR1,Lvl,Corner,Gtl,NAmes,Norm,1Fam,1Story,6,5,1971,1971,Hip,Plywood,Plywood,None,0.0,TA,TA,CBlock,TA,TA,No,ALQ,282,LwQ,35,664,981,TA,Y,SBrkr,0,981,1,0,1,1,3,TA,Typ,0,Sin_Chimenea,Detchd,Unf,2,TA,TA,Y,0,312,40,0,Sin_Cerca,3,2007,WD,Normal,143250
20,RL,60.0,7200,Sin_Acceso,Reg,Lvl,Inside,Gtl,NAmes,Norm,1Fam,1Story,5,5,1950,1950,Hip,MetalSd,MetalSd,None,0.0,TA,TA,CBlock,Sin_Sotano,Sin_Sotano,Sin_Sotano,Sin_Sotano,0,Sin_Sotano,0,0,0,Gd,Y,SBrkr,0,1048,0,0,1,0,3,TA,Min1,0,Sin_Chimenea,Detchd,Unf,2,TA,TA,Y,0,27,0,0,Sin_Cerca,7,2008,WD,Normal,98300
20,RL,85.0,10452,Sin_Acceso,IR1,Lvl,Inside,Gtl,Edwards,Norm,1Fam,1Story,6,5,1953,1953,Hip,Wd Sdng,Wd Sdng,Stone,216.0,TA,TA,CBlock,TA,TA,Mn,Rec,500,Unf,0,594,1094,Ex,Y,SBrkr,0,1094,0,0,1,0,3,TA,Typ,2,Gd,Attchd,RFn,2,TA,TA,Y,0,0,0,287,Sin_Cerca,6,2008,WD,Normal,155000
60,RL,70.0,7700,Sin_Acceso,Reg,Lvl,Inside,Gtl,NAmes,PosN,1Fam,2Story,6,5,1966,1966,Gable,MetalSd,MetalSd,BrkFace,351.0,TA,TA,CBlock,TA,TA,No,Unf,0,Unf,0,756,756,TA,Y,SBrkr,788,1839,0,0,1,1,4,TA,Typ,1,TA,Attchd,Unf,2,TA,TA,Y,0,124,216,0,Sin_Cerca,6,2010,WD,Normal,155000
180,RM,21.0,1936,Sin_Acceso,Reg,Lvl,Inside,Gtl,MeadowV,Norm,Twnhs,SFoyer,4,6,1970,1970,Gable,CemntBd,CmentBd,None,0.0,TA,TA,CBlock,Gd,TA,Av,BLQ,131,GLQ,499,0,630,Gd,Y,SBrkr,0,630,1,0,1,0,1,TA,Typ,0,Sin_Chimenea,Sin_Garaje,Sin_Garaje,0,Sin_Garaje,Sin_Garaje,Y,0,0,0,0,MnPrv,12,2007,WD,Normal,84500
60,FV,65.0,8125,Sin_Acceso,Reg,Lvl,Inside,Gtl,Somerst,Norm,1Fam,2Story,7,6,2007,2007,Gable,CemntBd,CmentBd,None,0.0,Gd,TA,PConc,Gd,TA,No,Unf,0,Unf,0,813,813,Ex,Y,SBrkr,843,1665,0,0,2,1,3,Gd,Typ,0,Sin_Chimenea,Attchd,RFn,2,TA,TA,Y,0,0,0,0,Sin_Cerca,5,2008,WD,Normal,205950
70,RL,60.0,9084,Sin_Acceso,Reg,Lvl,Inside,Gtl,Edwards,Artery,1Fam,2Story,4,5,1940,1950,Gable,MetalSd,MetalSd,None,0.0,TA,TA,CBlock,TA,TA,Mn,Unf,0,Unf,0,755,755,TA,Y,SBrkr,755,1510,1,0,1,0,4,TA,Typ,1,Gd,Detchd,Unf,1,Fa,Po,P,120,0,0,0,MnPrv,10,2009,WD,Normal,108000
60,RL,70.0,8750,Sin_Acceso,Reg,Lvl,Inside,Gtl,CollgCr,Norm,1Fam,2Story,7,5,1996,1996,Gable,VinylSd,VinylSd,None,0.0,Gd,TA,PConc,Gd,TA,No,Unf,0,Unf,0,880,880,Ex,Y,SBrkr,807,1716,0,0,2,1,2,Gd,Typ,1,TA,Attchd,RFn,2,TA,TA,Y,0,120,0,0,Sin_Cerca,7,2009,WD,Normal,191000
50,RM,60.0,10320,Grvl,Reg,Lvl,Inside,Gtl,IDOTRR,Norm,1Fam,1.5Fin,6,7,1906,1995,Gable,MetalSd,MetalSd,None,0.0,TA,TA,CBlock,TA,TA,No,Unf,0,Unf,0,756,756,Ex,Y,SBrkr,713,1469,0,0,1,0,3,TA,Typ,0,Sin_Chimenea,Detchd,Unf,1,TA,TA,Y,57,0,239,0,MnPrv,6,2008,WD,Normal,135000
20,RL,91.0,10437,Sin_Acceso,IR1,Lvl,Inside,Gtl,NoRidge,Norm,1Fam,1Story,8,6,1995,1995,Hip,MetalSd,MetalSd,BrkFace,660.0,Gd,Gd,PConc,Gd,TA,Gd,GLQ,1696,Unf,0,413,2109,Ex,Y,SBrkr,0,2113,1,0,2,1,2,Gd,Typ,1,TA,Attchd,Fin,3,TA,TA,Y,236,46,0,0,Sin_Cerca,8,2008,WD,Normal,350000
160,RM,21.0,1680,Sin_Acceso,Reg,Lvl,Inside,Gtl,BrDale,Norm,Twnhs,2Story,6,5,1971,1971,Gable,HdBoard,ImStucc,BrkFace,381.0,TA,TA,CBlock,TA,TA,No,Unf,0,Unf,0,525,525,TA,Y,SBrkr,567,1092,0,0,1,1,3,TA,Typ,0,Sin_Chimenea,Detchd,Unf,1,TA,TA,Y,0,0,0,0,Sin_Cerca,3,2010,WD,Family,88000
20,RL,72.0,10007,Sin_Acceso,IR1,Lvl,Inside,Gtl,NAmes,Norm,1Fam,1Story,5,7,1959,2006,Gable,HdBoard,HdBoard,BrkFace,54.0,Gd,TA,CBlock,TA,TA,No,ALQ,806,Unf,0,247,1053,Ex,Y,SBrkr,0,1053,1,0,1,1,3,Gd,Typ,0,Sin_Chimenea,Attchd,RFn,1,TA,TA,Y,0,0,0,0,MnPrv,8,2008,WD,Normal,145500
70,RL,60.0,7200,Sin_Acceso,Reg,HLS,Inside,Mod,Crawfor,Norm,1Fam,2Story,7,6,1931,2000,Gable,Stucco,Wd Shng,None,0.0,TA,Fa,BrkTil,Gd,TA,No,Unf,0,Unf,0,776,776,TA,Y,SBrkr,651,1502,0,0,1,1,3,TA,Typ,1,Gd,Attchd,RFn,1,TA,TA,P,0,0,112,0,MnPrv,2,2008,WD,Normal,149000
50,RL,78.0,17503,Sin_Acceso,Reg,Lvl,Inside,Gtl,NAmes,Artery,1Fam,1.5Fin,6,5,1948,1950,Gable,VinylSd,VinylSd,None,0.0,TA,TA,CBlock,TA,TA,No,Unf,0,Unf,0,912,912,TA,Y,SBrkr,546,1458,0,1,1,0,3,TA,Typ,1,Gd,Attchd,Unf,1,TA,TA,Y,192,0,0,0,Sin_Cerca,1,2010,WD,Abnorml,97500
20,RL,75.0,9937,Sin_Acceso,Reg,Lvl,Corner,Gtl,Edwards,Norm,1Fam,1Story,5,7,1964,1999,Hip,MetalSd,MetalSd,None,0.0,TA,Gd,PConc,TA,TA,No,BLQ,637,Unf,0,849,1486,Ex,Y,SBrkr,0,1486,1,0,1,0,3,TA,Typ,0,Sin_Chimenea,Detchd,Fin,2,TA,TA,Y,0,0,0,0,MnPrv,3,2009,WD,Normal,167000
60,RL,80.0,12384,Sin_Acceso,Reg,Lvl,CulDSac,Gtl,NWAmes,Norm,1Fam,2Story,7,7,1976,1976,Gable,Plywood,Plywood,BrkFace,233.0,TA,TA,CBlock,Gd,TA,No,Unf,0,Unf,0,793,793,TA,Y,SBrkr,793,1935,0,0,2,1,3,TA,Typ,1,TA,Attchd,RFn,2,TA,TA,Y,0,113,252,0,Sin_Cerca,11,2007,WD,Normal,197900
60,RL,52.0,46589,Sin_Acceso,IR2,Lvl,CulDSac,Gtl,NoRidge,Norm,1Fam,2Story,8,7,1994,2005,Hip,VinylSd,VinylSd,BrkFace,528.0,Gd,TA,PConc,Gd,Gd,No,GLQ,1361,Rec,180,88,1629,Ex,Y,SBrkr,762,2448,1,0,2,1,4,Gd,Typ,1,TA,Attchd,RFn,3,TA,TA,Y,517,76,0,0,Sin_Cerca,7,2009,WD,Normal,402000
20,RL,120.0,13560,Sin_Acceso,Reg,Lvl,Corner,Gtl,NAmes,Norm,1Fam,1Story,6,3,1968,1968,Hip,Wd Sdng,Wd Sdng,BrkFace,216.0,TA,TA,CBlock,Fa,Fa,No,Unf,0,Unf,0,1392,1392,Gd,Y,SBrkr,0,1392,1,0,1,0,2,TA,Maj2,2,TA,Attchd,RFn,2,TA,TA,Y,0,0,240,0,Sin_Cerca,7,2009,WD,Normal,110000
85,RL,90.0,10012,Sin_Acceso,Reg,Lvl,Inside,Gtl,Edwards,Norm,1Fam,SFoyer,4,5,1972,1972,Gable,Plywood,Plywood,None,0.0,TA,TA,CBlock,Gd,TA,Av,BLQ,920,Rec,180,38,1138,TA,Y,SBrkr,0,1181,1,0,2,0,3,TA,Typ,0,Sin_Chimenea,Detchd,RFn,2,TA,TA,Y,0,0,180,0,MnPrv,4,2008,WD,Normal,137500
20,RL,49.0,20896,Sin_Acceso,IR2,Lvl,CulDSac,Gtl,Somerst,RRAn,1Fam,1Story,8,5,2005,2006,Gable,VinylSd,VinylSd,None,0.0,Gd,TA,PConc,Ex,TA,Mn,GLQ,1721,Unf,0,356,2077,Ex,Y,SBrkr,0,2097,1,0,1,1,1,Ex,Typ,1,Ex,Attchd,Fin,3,TA,TA,Y,192,267,0,0,Sin_Cerca,1,2006,New,Partial,423000
60,RL,106.0,11194,Sin_Acceso,IR1,Lvl,Corner,Gtl,Gilbert,Norm,1Fam,2Story,8,5,2000,2000,Gable,VinylSd,VinylSd,BrkFace,40.0,Gd,TA,PConc,Gd,TA,No,Unf,0,Unf,0,1406,1406,Ex,Y,SBrkr,482,1936,0,0,2,1,3,Gd,Typ,1,TA,Attchd,RFn,2,TA,TA,Y,188,124,0,0,Sin_Cerca,11,2006,WD,Normal,230500
60,RL,73.0,18450,Sin_Acceso,IR1,Lvl,Inside,Gtl,NAmes,Norm,1Fam,2Story,6,5,1965,1979,Flat,Plywood,Plywood,BrkCmn,113.0,TA,Gd,CBlock,Gd,TA,No,LwQ,187,Rec,723,111,1021,TA,Y,SBrkr,915,2380,0,0,2,1,3,TA,Sev,1,Po,CarPort,Unf,2,TA,TA,Y,0,265,0,0,Sin_Cerca,8,2007,WD,Abnorml,129000
20,RL,65.0,8125,Sin_Acceso,Reg,Lvl,Inside,Gtl,SawyerW,Norm,1Fam,1Story,6,5,1994,1998,Gable,HdBoard,HdBoard,BrkFace,258.0,TA,TA,PConc,Gd,TA,No,GLQ,1138,Unf,0,270,1408,Ex,Y,SBrkr,0,1679,1,0,2,0,3,Gd,Typ,1,Fa,Attchd,RFn,2,TA,TA,Y,224,42,0,0,Sin_Cerca,10,2008,WD,Normal,193500
20,RL,71.0,14175,Sin_Acceso,Reg,Bnk,Corner,Mod,Sawyer,Norm,1Fam,1Story,5,6,1956,1987,Gable,CemntBd,Wd Sdng,None,0.0,TA,TA,CBlock,TA,TA,No,Rec,988,Unf,0,200,1188,Gd,Y,SBrkr,0,1437,1,0,1,1,3,TA,Min2,1,TA,Detchd,Unf,2,TA,TA,Y,304,0,0,0,Sin_Cerca,11,2006,WD,Normal,168000
30,RL,80.0,11600,Sin_Acceso,Reg,Lvl,Inside,Gtl,Crawfor,Norm,1Fam,1Story,4,5,1922,1950,Gable,MetalSd,MetalSd,None,0.0,TA,TA,BrkTil,Fa,TA,No,Unf,0,Unf,0,700,700,Ex,Y,SBrkr,0,1180,0,0,1,0,2,Fa,Typ,1,Gd,Detchd,Unf,1,TA,Fa,Y,0,0,67,0,Sin_Cerca,7,2006,WD,Normal,137500
60,RL,64.0,8633,Sin_Acceso,Reg,Lvl,FR2,Gtl,CollgCr,Norm,1Fam,2Story,6,5,2005,2005,Gable,VinylSd,VinylSd,None,0.0,Gd,TA,PConc,Gd,TA,No,GLQ,193,Unf,0,545,738,Ex,Y,SBrkr,738,1476,1,0,2,1,3,Gd,Typ,0,Sin_Chimenea,Attchd,Fin,2,TA,TA,Y,100,35,0,0,Sin_Cerca,2,2009,WD,Normal,173500
70,RH,54.0,6629,Sin_Acceso,Reg,Lvl,Inside,Gtl,Edwards,Artery,1Fam,2Story,6,6,1925,1950,Gambrel,Wd Sdng,Wd Sdng,None,0.0,TA,Gd,BrkTil,TA,TA,No,BLQ,551,Unf,0,121,672,TA,N,SBrkr,672,1369,1,0,2,0,3,TA,Typ,0,Sin_Chimenea,Detchd,Unf,1,TA,TA,Y,147,0,0,0,Sin_Cerca,7,2009,WD,Normal,103600
20,RL,68.0,11250,Sin_Acceso,IR1,Lvl,Inside,Gtl,Veenker,Norm,1Fam,1Story,6,6,1977,1977,Gable,Plywood,Plywood,None,0.0,Gd,TA,CBlock,Gd,TA,No,ALQ,767,Unf,0,441,1208,TA,Y,SBrkr,0,1208,1,0,1,1,3,TA,Typ,1,TA,Attchd,RFn,2,TA,TA,Y,198,42,0,0,Sin_Cerca,6,2006,WD,Normal,165000
20,RL,110.0,14442,Sin_Acceso,Reg,Lvl,Inside,Gtl,Crawfor,Norm,1Fam,1Story,6,7,1957,2004,Hip,CemntBd,CmentBd,BrkFace,106.0,TA,TA,PConc,TA,TA,No,GLQ,1186,Unf,0,291,1477,Ex,Y,SBrkr,0,1839,1,0,2,0,3,Gd,Typ,2,TA,Attchd,Fin,2,TA,TA,Y,0,87,0,200,Sin_Cerca,6,2007,WD,Normal,257500
20,RL,80.0,9200,Sin_Acceso,Reg,Lvl,Inside,Gtl,NAmes,Norm,1Fam,1Story,6,6,1965,1965,Gable,HdBoard,HdBoard,None,0.0,TA,TA,CBlock,TA,TA,No,Rec,892,Unf,0,244,1136,TA,Y,SBrkr,0,1136,1,0,1,0,3,TA,Typ,1,Gd,Attchd,RFn,1,TA,TA,Y,426,0,0,0,Sin_Cerca,7,2008,WD,Normal,140000
160,RL,24.0,2289,Sin_Acceso,Reg,Lvl,Inside,Gtl,NPkVill,Norm,Twnhs,2Story,6,6,1978,1978,Gable,Plywood,Brk Cmn,None,0.0,TA,TA,CBlock,TA,TA,No,ALQ,311,Unf,0,544,855,TA,Y,SBrkr,586,1441,0,0,2,1,3,TA,Typ,1,TA,Attchd,Unf,2,TA,TA,Y,28,0,0,0,Sin_Cerca,4,2009,WD,Normal,148500
70,RM,60.0,9600,Grvl,Reg,Lvl,Inside,Gtl,OldTown,Norm,1Fam,2Story,4,2,1900,1950,Gable,AsbShng,Stucco,None,0.0,TA,TA,BrkTil,TA,Fa,No,Unf,0,Unf,0,1095,1095,Fa,N,SBrkr,679,1774,1,0,2,0,4,TA,Min2,0,Sin_Chimenea,2Types,Unf,3,Fa,Fa,N,0,0,90,0,Sin_Cerca,5,2006,WD,Normal,87000
30,RL,52.0,9022,Sin_Acceso,Reg,Lvl,Inside,Gtl,OldTown,Norm,1Fam,1Story,5,8,1924,2006,Gable,VinylSd,VinylSd,None,0.0,Gd,TA,BrkTil,TA,TA,No,Unf,0,Unf,0,768,768,Ex,Y,SBrkr,0,792,0,0,1,0,2,Gd,Typ,0,Sin_Chimenea,Detchd,Unf,1,Fa,Fa,N,316,0,120,0,Sin_Cerca,5,2009,WD,Normal,109500
20,RL,80.0,11844,Sin_Acceso,IR1,Lvl,Inside,Gtl,StoneBr,Norm,1Fam,1Story,8,5,2008,2008,Hip,VinylSd,VinylSd,Stone,464.0,Gd,TA,PConc,Ex,TA,Mn,Unf,0,Unf,0,2046,2046,Ex,Y,SBrkr,0,2046,0,0,2,1,3,Gd,Typ,1,Gd,Attchd,Fin,3,TA,TA,Y,322,82,0,0,Sin_Cerca,7,2009,New,Partial,372500
20,RL,71.0,9945,Sin_Acceso,IR1,Lvl,Inside,Gtl,Sawyer,Norm,1Fam,1Story,5,5,1961,1961,Hip,Wd Sdng,Wd Sdng,BrkFace,57.0,TA,TA,CBlock,TA,TA,No,Rec,827,Unf,0,161,988,TA,Y,SBrkr,0,988,1,0,1,0,3,TA,Typ,0,Sin_Chimenea,Detchd,Unf,2,TA,TA,Y,0,0,0,0,Sin_Cerca,10,2007,WD,Normal,128500
120,RL,50.0,8012,Sin_Acceso,Reg,Lvl,Inside,Gtl,SawyerW,Norm,TwnhsE,1Story,6,5,1980,1980,Gable,Plywood,Plywood,None,0.0,TA,TA,CBlock,Gd,TA,No,BLQ,543,BLQ,119,261,923,TA,Y,SBrkr,0,923,0,0,2,0,2,TA,Typ,1,TA,Attchd,RFn,1,TA,TA,Y,80,0,0,0,Sin_Cerca,5,2010,WD,Normal,143000
50,RH,55.0,4500,Pave,IR2,Bnk,Inside,Gtl,SWISU,Norm,1Fam,1.5Fin,5,5,1932,2000,Gable,VinylSd,Stucco,None,0.0,TA,TA,BrkTil,TA,TA,No,Rec,182,Unf,0,611,793,Ex,Y,SBrkr,672,1520,0,0,1,0,3,TA,Typ,0,Sin_Chimenea,Detchd,Unf,1,TA,TA,Y,0,0,56,0,Sin_Cerca,7,2009,WD,Abnorml,159434
120,RL,80.0,2887,Sin_Acceso,Reg,HLS,Inside,Gtl,ClearCr,Norm,1Fam,1Story,6,5,1996,1997,Gable,Wd Sdng,Wd Sdng,None,0.0,TA,TA,PConc,Gd,TA,Mn,GLQ,1003,Unf,0,288,1291,Ex,Y,SBrkr,0,1291,1,0,1,0,2,Gd,Typ,1,Gd,Attchd,Unf,2,TA,TA,Y,307,0,0,0,Sin_Cerca,11,2008,WD,Normal,173000
20,RL,90.0,11248,Sin_Acceso,IR1,Lvl,Corner,Gtl,CollgCr,Norm,1Fam,1Story,9,5,2002,2002,Hip,VinylSd,VinylSd,Stone,215.0,Gd,TA,PConc,Gd,TA,Av,GLQ,1059,Unf,0,567,1626,Ex,Y,SBrkr,0,1668,1,0,2,0,3,Gd,Typ,1,TA,Attchd,Fin,3,TA,TA,Y,257,45,0,0,Sin_Cerca,7,2007,WD,Normal,285000
60,RL,58.0,16770,Sin_Acceso,IR2,Lvl,CulDSac,Gtl,NoRidge,Norm,1Fam,2Story,7,5,1998,1998,Gable,VinylSd,VinylSd,BrkFace,30.0,Gd,TA,PConc,Gd,TA,No,Unf,0,Unf,0,1195,1195,Gd,Y,SBrkr,644,1839,0,0,2,1,4,TA,Typ,0,Sin_Chimenea,Attchd,Fin,2,TA,TA,Y,0,81,0,0,Sin_Cerca,6,2010,WD,Normal,221000
160,RL,61.5,5062,Sin_Acceso,IR1,Lvl,CulDSac,Gtl,StoneBr,Norm,TwnhsE,2Story,7,5,1984,1984,Gable,HdBoard,HdBoard,None,0.0,Gd,TA,CBlock,Gd,TA,Mn,GLQ,828,LwQ,182,180,1190,Gd,Y,SBrkr,900,2090,1,0,2,0,3,Gd,Min1,1,TA,Attchd,Fin,2,TA,TA,Y,219,0,0,0,Sin_Cerca,9,2007,WD,Normal,207500
60,FV,84.0,10207,Sin_Acceso,Reg,Lvl,Inside,Gtl,Somerst,Norm,1Fam,2Story,7,6,2007,2007,Gable,VinylSd,VinylSd,None,0.0,Gd,TA,PConc,Gd,TA,No,Unf,0,Unf,0,874,874,Ex,Y,SBrkr,887,1761,0,0,3,0,3,Gd,Typ,0,Sin_Chimenea,Attchd,Fin,2,TA,TA,Y,144,105,0,0,Sin_Cerca,8,2007,New,Partial,227875
160,FV,73.5,5105,Sin_Acceso,IR2,Lvl,FR2,Gtl,Somerst,Norm,TwnhsE,2Story,7,5,2004,2004,Gable,MetalSd,MetalSd,None,0.0,Gd,TA,PConc,Gd,TA,No,GLQ,239,Unf,0,312,551,Ex,Y,SBrkr,551,1102,0,0,2,1,2,Gd,Typ,0,Sin_Chimenea,Detchd,Unf,2,TA,TA,Y,0,60,0,0,Sin_Cerca,3,2007,WD,Normal,148800
20,RL,60.0,8089,Sin_Acceso,Reg,HLS,Inside,Gtl,StoneBr,Norm,1Fam,1Story,8,6,2007,2007,Gable,MetalSd,MetalSd,BrkFace,0.0,Gd,TA,PConc,Gd,TA,Av,GLQ,945,Unf,0,474,1419,Ex,Y,SBrkr,0,1419,1,0,2,0,2,Gd,Typ,1,Gd,Attchd,RFn,2,TA,TA,Y,140,0,0,0,Sin_Cerca,10,2007,New,Partial,392000
120,RL,61.0,7577,Sin_Acceso,IR1,Lvl,Corner,Gtl,NridgHt,Norm,TwnhsE,1Story,6,5,2005,2006,Gable,VinylSd,VinylSd,Stone,256.0,Gd,TA,PConc,Gd,TA,Av,ALQ,20,Unf,0,1342,1362,Ex,Y,SBrkr,0,1362,0,0,2,0,2,Gd,Typ,1,Gd,Attchd,RFn,2,TA,TA,Y,192,28,0,0,Sin_Cerca,6,2007,WD,Normal,194700
120,RM,70.0,4426,Sin_Acceso,Reg,Lvl,Inside,Gtl,CollgCr,Norm,TwnhsE,1Story,6,5,2004,2004,Gable,VinylSd,VinylSd,BrkFace,147.0,Gd,TA,PConc,Gd,TA,Gd,GLQ,697,Unf,0,151,848,Ex,Y,SBrkr,0,848,1,0,1,0,1,Gd,Typ,1,TA,Attchd,RFn,2,TA,TA,Y,149,0,0,0,Sin_Cerca,5,2008,WD,Normal,141000
60,RL,104.0,21535,Sin_Acceso,IR1,Lvl,Corner,Gtl,NoRidge,Norm,1Fam,2Story,10,6,1994,1995,Gable,HdBoard,HdBoard,BrkFace,1170.0,Ex,TA,PConc,Ex,TA,Gd,GLQ,1455,Unf,0,989,2444,Ex,Y,SBrkr,1872,4316,0,1,3,1,4,Ex,Typ,2,Ex,Attchd,Fin,3,TA,TA,Y,382,50,0,0,Sin_Cerca,1,2007,WD,Normal,755000
60,RL,42.0,26178,Sin_Acceso,IR1,Lvl,Inside,Mod,Timber,Norm,1Fam,2Story,7,5,1989,1990,Hip,MetalSd,MetalSd,BrkFace,293.0,Gd,TA,PConc,Gd,TA,Gd,GLQ,965,Unf,0,245,1210,Ex,Y,SBrkr,1281,2519,1,0,2,1,4,Gd,Typ,2,Gd,Attchd,RFn,2,TA,TA,Y,320,27,0,0,Sin_Cerca,4,2006,WD,Normal,335000
30,RL,60.0,5400,Sin_Acceso,Reg,Lvl,Corner,Sev,OldTown,Norm,1Fam,1Story,5,6,1921,1968,Gable,MetalSd,MetalSd,None,0.0,TA,TA,BrkTil,TA,TA,No,Unf,0,Unf,0,1073,1073,Ex,Y,SBrkr,0,1073,0,0,1,0,2,TA,Typ,0,Sin_Chimenea,Detchd,Unf,1,TA,TA,Y,0,0,112,0,Sin_Cerca,12,2006,WD,Abnorml,108480
50,RM,51.0,6120,Sin_Acceso,Reg,Lvl,Corner,Gtl,BrkSide,Norm,1Fam,1.5Fin,5,6,1936,1950,Gable,Wd Sdng,Wd Sdng,None,0.0,TA,Fa,BrkTil,TA,TA,No,Unf,0,Unf,0,927,927,TA,Y,SBrkr,472,1539,0,0,1,1,3,TA,Typ,0,Sin_Chimenea,Detchd,Unf,2,TA,TA,Y,112,0,0,0,MnPrv,4,2009,WD,Normal,141500
20,RL,54.0,13811,Sin_Acceso,IR1,Lvl,Inside,Gtl,Timber,Norm,1Fam,1Story,6,6,1987,1987,Gable,HdBoard,HdBoard,BrkFace,72.0,TA,TA,CBlock,Gd,Gd,No,GLQ,980,LwQ,40,92,1112,Gd,Y,SBrkr,0,1137,1,0,2,0,2,Gd,Typ,1,TA,Attchd,Unf,2,TA,TA,Y,125,0,0,0,Sin_Cerca,7,2006,WD,Normal,176000
30,RM,50.0,6000,Sin_Acceso,Reg,Lvl,Inside,Gtl,BrkSide,Norm,1Fam,1Story,5,7,1921,1950,Gable,Wd Sdng,Wd Shng,None,0.0,TA,TA,CBlock,TA,TA,No,LwQ,616,Unf,0,0,616,Gd,Y,SBrkr,0,616,0,0,1,0,2,TA,Typ,0,Sin_Chimenea,Detchd,Unf,1,TA,TA,Y,0,0,129,0,Sin_Cerca,6,2006,WD,Normal,89000
20,RL,57.0,6420,Sin_Acceso,IR1,Lvl,Inside,Gtl,Edwards,Norm,1Fam,1Story,5,7,1952,1952,Gable,Wd Sdng,Wd Sdng,None,0.0,TA,TA,PConc,Ex,Gd,Mn,LwQ,210,ALQ,551,219,980,Fa,Y,FuseA,0,1148,0,1,1,0,2,TA,Typ,0,Sin_Chimenea,Detchd,Unf,1,TA,TA,Y,0,0,0,0,Sin_Cerca,9,2006,WD,Normal,123500
20,RL,65.0,8450,Sin_Acceso,Reg,Lvl,Inside,Gtl,Sawyer,RRAe,1Fam,1Story,5,8,1965,2009,Gable,MetalSd,MetalSd,None,0.0,TA,Gd,CBlock,TA,TA,No,GLQ,553,BLQ,117,224,894,Ex,Y,SBrkr,0,894,1,0,1,0,3,TA,Typ,1,Gd,Detchd,Unf,1,TA,TA,Y,416,144,0,0,MnPrv,4,2010,WD,Normal,138500
120,FV,59.0,4282,Pave,IR2,Lvl,Inside,Gtl,Somerst,Norm,TwnhsE,1Story,7,5,2004,2004,Gable,MetalSd,MetalSd,None,0.0,Gd,TA,PConc,Gd,TA,Mn,GLQ,16,Unf,0,1375,1391,Ex,Y,SBrkr,0,1391,0,0,2,0,2,Gd,Typ,0,Sin_Chimenea,Attchd,RFn,2,TA,TA,Y,156,158,0,0,Sin_Cerca,7,2008,WD,Normal,196000
20,RL,85.0,14331,Sin_Acceso,Reg,Lvl,Inside,Gtl,Timber,Norm,1Fam,1Story,8,5,2002,2002,Hip,VinylSd,VinylSd,BrkFace,630.0,Gd,TA,PConc,Ex,TA,Gd,GLQ,1274,Unf,0,526,1800,Ex,Y,SBrkr,0,1800,1,0,2,0,3,Gd,Typ,1,Gd,Attchd,Fin,3,TA,TA,Y,270,78,0,0,Sin_Cerca,5,2006,WD,Normal,312500
20,RL,80.0,9600,Sin_Acceso,Reg,Lvl,Inside,Gtl,NWAmes,Norm,1Fam,1Story,7,5,1969,1969,Hip,HdBoard,HdBoard,BrkFace,168.0,TA,TA,CBlock,TA,TA,No,Unf,0,Unf,0,1164,1164,TA,Y,SBrkr,0,1164,0,0,1,1,3,TA,Typ,0,Sin_Chimenea,Attchd,Unf,2,TA,TA,Y,0,0,0,0,Sin_Cerca,7,2006,COD,Normal,140000
60,RL,82.0,12438,Sin_Acceso,IR1,Lvl,Inside,Gtl,StoneBr,Norm,1Fam,2Story,8,5,2006,2006,Hip,VinylSd,VinylSd,BrkFace,466.0,Ex,TA,PConc,Ex,Gd,No,Unf,0,Unf,0,1234,1234,Ex,Y,SBrkr,1312,2576,0,0,2,1,4,Ex,Typ,1,Gd,BuiltIn,Fin,3,TA,TA,Y,324,100,0,0,Sin_Cerca,7,2006,New,Partial,361919
190,RM,76.0,7630,Sin_Acceso,Reg,Lvl,Inside,Gtl,OldTown,Feedr,2fmCon,2Story,5,9,1900,1996,Gable,Wd Sdng,Wd Sdng,None,0.0,TA,Gd,BrkTil,Gd,TA,No,Unf,0,Unf,0,360,360,Gd,Y,SBrkr,780,1812,0,0,2,0,4,Gd,Typ,1,Po,Detchd,Unf,2,TA,TA,N,344,0,40,0,MnPrv,5,2010,WD,Normal,140000
20,RL,70.0,8400,Sin_Acceso,Reg,Lvl,Inside,Gtl,CollgCr,Norm,1Fam,1Story,7,5,2004,2005,Gable,VinylSd,VinylSd,BrkFace,109.0,Gd,TA,PConc,Gd,TA,Av,GLQ,712,Unf,0,761,1473,Ex,Y,SBrkr,0,1484,1,0,2,0,3,Gd,Typ,0,Sin_Chimenea,Attchd,RFn,2,TA,TA,Y,0,35,0,0,Sin_Cerca,5,2010,WD,Normal,213000
190,RM,70.0,5600,Sin_Acceso,Reg,Lvl,Inside,Gtl,IDOTRR,Norm,2fmCon,2Story,4,5,1930,1950,Hip,VinylSd,Wd Shng,None,0.0,Fa,Fa,Slab,Sin_Sotano,Sin_Sotano,Sin_Sotano,Sin_Sotano,0,Sin_Sotano,0,0,0,Fa,N,SBrkr,720,1092,0,0,2,0,3,Fa,Mod,0,Sin_Chimenea,Sin_Garaje,Sin_Garaje,0,Sin_Garaje,Sin_Garaje,N,0,0,0,0,Sin_Cerca,7,2010,WD,Normal,55000
20,RL,80.0,115149,Sin_Acceso,IR2,Low,CulDSac,Sev,ClearCr,Norm,1Fam,1Story,7,5,1971,2002,Gable,Plywood,Plywood,Stone,351.0,TA,TA,CBlock,Gd,TA,Gd,GLQ,1219,Unf,0,424,1643,TA,Y,SBrkr,0,1824,1,0,2,0,2,Gd,Typ,2,TA,Attchd,Unf,2,TA,TA,Y,380,48,0,0,Sin_Cerca,6,2007,WD,Normal,302000
120,RL,48.0,6240,Sin_Acceso,Reg,Lvl,Inside,Gtl,NridgHt,Norm,TwnhsE,1Story,8,5,2006,2006,Hip,MetalSd,MetalSd,BrkFace,176.0,Gd,TA,PConc,Gd,TA,No,GLQ,863,Unf,0,461,1324,Ex,Y,SBrkr,0,1324,1,0,2,0,2,Gd,Typ,1,Gd,Attchd,Fin,2,TA,TA,Y,192,38,0,0,Sin_Cerca,12,2009,WD,Normal,254000
60,RL,65.0,9018,Sin_Acceso,IR1,Lvl,Inside,Gtl,Gilbert,Norm,1Fam,2Story,7,5,2007,2007,Hip,VinylSd,VinylSd,None,0.0,Gd,TA,PConc,Gd,TA,Av,Unf,0,Unf,0,728,728,Ex,Y,SBrkr,728,1456,0,0,2,1,3,Gd,Typ,1,Gd,Attchd,Fin,2,TA,TA,Y,100,24,0,0,Sin_Cerca,7,2007,New,Partial,179540
20,RL,71.0,7162,Sin_Acceso,IR1,Lvl,Inside,Gtl,Sawyer,Norm,1Fam,1Story,5,7,1966,1966,Gable,HdBoard,HdBoard,BrkCmn,41.0,TA,TA,PConc,TA,TA,No,Unf,0,Unf,0,876,876,TA,Y,SBrkr,0,904,0,0,1,0,3,TA,Typ,0,Sin_Chimenea,Attchd,Unf,1,TA,TA,Y,0,0,0,0,MnPrv,12,2008,WD,Abnorml,109900
30,RL,56.0,4130,Sin_Acceso,IR1,Lvl,Inside,Gtl,BrkSide,Norm,1Fam,1Story,3,6,1935,2003,Gable,VinylSd,VinylSd,None,0.0,Gd,TA,CBlock,TA,TA,No,Unf,0,Unf,0,270,270,Gd,Y,SBrkr,0,729,0,0,1,0,2,TA,Maj2,0,Sin_Chimenea,Sin_Garaje,Sin_Garaje,0,Sin_Garaje,Sin_Garaje,N,0,0,0,0,Sin_Cerca,7,2008,WD,Normal,52000
50,C (all),66.0,8712,Pave,Reg,HLS,Inside,Mod,IDOTRR,Norm,1Fam,1.5Fin,4,7,1900,1950,Gable,MetalSd,MetalSd,None,0.0,TA,TA,Stone,TA,TA,Mn,Unf,0,Unf,0,859,859,Gd,Y,SBrkr,319,1178,0,0,1,0,2,TA,Typ,0,Sin_Chimenea,Detchd,RFn,1,TA,TA,N,68,0,98,0,Sin_Cerca,1,2010,WD,Abnorml,102776
120,RL,40.0,4671,Sin_Acceso,IR1,HLS,Inside,Gtl,StoneBr,Norm,TwnhsE,1Story,8,5,1988,1989,Gable,HdBoard,HdBoard,None,0.0,Gd,TA,PConc,Gd,TA,Mn,GLQ,767,Unf,0,461,1228,Gd,Y,SBrkr,0,1228,1,0,2,0,2,Gd,Typ,1,Gd,Attchd,Fin,2,TA,TA,Y,168,120,0,0,Sin_Cerca,10,2008,WD,Normal,189000
190,RL,60.0,9873,Sin_Acceso,Reg,Lvl,Inside,Gtl,BrkSide,RRAn,2fmCon,1Story,4,5,1970,1970,Gable,HdBoard,HdBoard,BrkFace,160.0,TA,TA,CBlock,TA,TA,Av,ALQ,789,Unf,0,171,960,TA,N,SBrkr,0,960,1,0,1,0,3,TA,Typ,0,Sin_Chimenea,Detchd,Unf,2,TA,TA,Y,0,288,0,0,Sin_Cerca,5,2006,WD,Normal,129000
60,RL,71.0,13517,Sin_Acceso,IR1,Lvl,CulDSac,Gtl,Sawyer,RRAe,1Fam,2Story,6,8,1976,2005,Gable,HdBoard,Plywood,BrkFace,289.0,Gd,TA,CBlock,TA,TA,No,GLQ,533,Unf,0,192,725,Ex,Y,SBrkr,754,1479,0,0,2,1,3,Gd,Typ,0,Sin_Chimenea,Attchd,RFn,2,TA,TA,Y,0,44,0,0,Sin_Cerca,3,2010,WD,Normal,130500
20,RL,78.0,10140,Sin_Acceso,Reg,Lvl,Inside,Gtl,NWAmes,Norm,1Fam,1Story,6,5,1974,1974,Hip,HdBoard,HdBoard,BrkFace,174.0,TA,TA,CBlock,Gd,TA,No,Unf,0,Unf,0,1064,1064,TA,Y,SBrkr,0,1350,0,0,2,0,3,TA,Typ,1,TA,Attchd,RFn,2,TA,TA,Y,0,0,0,0,MnPrv,8,2009,WD,Normal,165000
70,RM,60.0,10800,Grvl,Reg,Bnk,Inside,Gtl,OldTown,Norm,1Fam,2Story,7,8,1890,1998,Gable,Wd Sdng,VinylSd,None,0.0,TA,Gd,BrkTil,TA,TA,No,Unf,0,Unf,0,718,718,Ex,Y,SBrkr,978,2554,0,0,1,1,3,TA,Typ,0,Sin_Chimenea,Detchd,Unf,2,TA,TA,P,0,48,143,0,Sin_Cerca,7,2007,WD,Normal,159500
20,RL,80.0,10000,Sin_Acceso,Reg,Lvl,Inside,Gtl,NWAmes,Norm,1Fam,1Story,5,6,1973,2000,Gable,HdBoard,HdBoard,None,0.0,TA,TA,CBlock,Gd,TA,No,BLQ,1084,Unf,0,92,1176,Gd,Y,SBrkr,0,1178,0,1,1,1,3,Gd,Typ,1,Fa,Attchd,Unf,2,TA,TA,Y,224,0,0,0,MnPrv,11,2008,WD,Normal,157000
60,RL,96.0,10542,Sin_Acceso,Reg,Lvl,Inside,Gtl,NoRidge,Norm,1Fam,2Story,7,5,1993,1994,Hip,Wd Sdng,ImStucc,BrkFace,651.0,Gd,TA,PConc,Gd,TA,Gd,GLQ,1173,Unf,0,138,1311,Ex,Y,SBrkr,1093,2418,1,0,2,1,3,Gd,Typ,1,TA,Attchd,RFn,3,TA,TA,Y,250,154,216,0,Sin_Cerca,8,2008,WD,Normal,341000
20,RL,69.0,9920,Sin_Acceso,IR1,Lvl,Inside,Gtl,CollgCr,Norm,1Fam,1Story,5,6,1969,1969,Gable,HdBoard,Plywood,None,0.0,TA,TA,CBlock,Gd,TA,Gd,ALQ,523,Unf,0,448,971,TA,Y,SBrkr,0,971,0,0,1,1,3,TA,Typ,1,Po,Attchd,Unf,1,TA,TA,Y,0,0,0,0,Sin_Cerca,5,2006,WD,Normal,128500
120,RL,61.5,6563,Sin_Acceso,IR1,Low,CulDSac,Mod,StoneBr,Norm,1Fam,1Story,8,5,1985,1985,Gable,HdBoard,HdBoard,None,0.0,Gd,TA,PConc,Gd,TA,Gd,GLQ,1148,Unf,0,594,1742,TA,Y,SBrkr,0,1742,1,0,2,0,2,Gd,Typ,1,TA,Attchd,RFn,2,TA,TA,Y,114,28,234,0,Sin_Cerca,12,2006,WD,Normal,275000
120,RM,70.0,4426,Sin_Acceso,Reg,Lvl,Inside,Gtl,CollgCr,Norm,TwnhsE,1Story,6,5,2004,2004,Gable,VinylSd,VinylSd,BrkFace,169.0,Gd,TA,PConc,Gd,TA,Av,GLQ,662,Unf,0,186,848,Ex,Y,SBrkr,0,848,1,0,1,0,1,Gd,Typ,0,Sin_Chimenea,Attchd,RFn,2,TA,TA,Y,160,0,0,0,Sin_Cerca,5,2010,WD,Normal,143000
20,RL,70.0,8120,Sin_Acceso,Reg,Lvl,Inside,Gtl,NAmes,Norm,1Fam,1Story,4,7,1970,1970,Gable,MetalSd,MetalSd,None,0.0,TA,Gd,CBlock,TA,TA,No,ALQ,191,Unf,0,673,864,Ex,Y,SBrkr,0,864,0,0,1,0,3,TA,Typ,0,Sin_Chimenea,Detchd,Unf,2,TA,TA,Y,0,0,0,0,Sin_Cerca,7,2009,WD,Normal,124500
50,RL,60.0,8172,Sin_Acceso,Reg,Lvl,Inside,Gtl,Edwards,Norm,1Fam,1.5Fin,4,6,1954,1972,Gable,MetalSd,MetalSd,None,0.0,TA,TA,PConc,TA,TA,No,Unf,0,Unf,0,941,941,Ex,Y,SBrkr,473,1470,0,0,2,0,4,TA,Typ,0,Sin_Chimenea,Detchd,Unf,1,TA,TA,Y,0,0,0,156,Sin_Cerca,5,2008,WD,Normal,135000
20,RL,86.0,13286,Sin_Acceso,IR1,Lvl,Inside,Gtl,Edwards,Norm,1Fam,1Story,9,5,2007,2008,Hip,CemntBd,CmentBd,Stone,340.0,Ex,TA,PConc,Ex,TA,No,GLQ,1234,Unf,0,464,1698,Ex,Y,SBrkr,0,1698,1,0,2,0,3,Ex,Typ,1,Gd,Attchd,Fin,3,TA,TA,Y,327,64,0,0,Sin_Cerca,2,2009,WD,Normal,320000
20,RL,60.0,6960,Sin_Acceso,Reg,Lvl,Inside,Gtl,NAmes,Norm,1Fam,1Story,4,6,1970,1970,Gable,HdBoard,Plywood,None,0.0,TA,TA,CBlock,TA,TA,No,ALQ,375,BLQ,239,250,864,TA,Y,SBrkr,0,864,0,0,1,0,3,Gd,Typ,0,Sin_Chimenea,Detchd,Unf,2,TA,TA,Y,96,0,0,0,Sin_Cerca,11,2009,WD,Normal,120500
20,RL,74.0,21695,Sin_Acceso,IR1,Lvl,Corner,Gtl,Crawfor,Norm,1Fam,1Story,6,9,1988,2007,Hip,Wd Sdng,Plywood,BrkFace,260.0,Gd,Gd,CBlock,Gd,TA,No,GLQ,808,Unf,0,72,880,Ex,Y,SBrkr,0,1680,1,0,2,0,3,Gd,Typ,1,Gd,Attchd,Fin,2,TA,TA,Y,292,44,0,0,Sin_Cerca,12,2009,WD,Normal,222000
20,RL,64.0,7314,Sin_Acceso,Reg,Lvl,Inside,Gtl,CollgCr,Norm,1Fam,1Story,7,5,2007,2007,Gable,VinylSd,VinylSd,Stone,82.0,Gd,TA,PConc,Gd,TA,Av,GLQ,724,Unf,0,508,1232,Ex,Y,SBrkr,0,1232,1,0,2,0,2,Gd,Typ,0,Sin_Chimenea,Attchd,RFn,2,TA,TA,Y,132,0,0,0,Sin_Cerca,2,2009,WD,Normal,194500
90,RL,85.0,11475,Sin_Acceso,Reg,Lvl,Corner,Gtl,NAmes,Norm,Duplex,1Story,5,5,1958,1958,Gable,VinylSd,VinylSd,BrkFace,95.0,TA,TA,CBlock,TA,TA,No,Unf,0,Unf,0,1584,1584,TA,Y,SBrkr,0,1776,1,0,2,0,4,TA,Typ,0,Sin_Chimenea,Detchd,Unf,3,TA,TA,Y,0,25,0,0,Sin_Cerca,7,2009,COD,Abnorml,110000
30,RM,52.0,6240,Grvl,Reg,Lvl,Inside,Gtl,IDOTRR,Norm,1Fam,1.5Fin,4,5,1925,1950,Gable,MetalSd,MetalSd,None,0.0,TA,TA,CBlock,TA,TA,No,BLQ,152,Unf,0,628,780,TA,Y,FuseA,0,1208,0,0,1,0,2,TA,Typ,0,Sin_Chimenea,Detchd,Unf,2,TA,TA,Y,0,23,112,0,Sin_Cerca,1,2009,WD,Normal,103000
120,RL,39.0,5389,Sin_Acceso,IR1,Lvl,Inside,Gtl,StoneBr,Norm,TwnhsE,1Story,8,5,1995,1996,Gable,CemntBd,CmentBd,None,0.0,Gd,TA,PConc,Gd,TA,No,GLQ,1180,Unf,0,415,1595,Ex,Y,SBrkr,0,1616,1,0,2,0,2,Gd,Typ,1,TA,Attchd,RFn,2,TA,TA,Y,237,152,0,0,Sin_Cerca,3,2010,WD,Normal,236500
80,RL,73.0,9590,Sin_Acceso,IR1,Lvl,Corner,Gtl,Timber,Norm,1Fam,SLvl,7,5,2003,2003,Gable,VinylSd,VinylSd,BrkFace,442.0,Gd,TA,PConc,Ex,TA,Av,GLQ,786,Unf,0,82,868,Ex,Y,SBrkr,0,1146,1,0,2,0,3,Gd,Typ,1,Gd,Attchd,Fin,2,TA,TA,Y,160,22,0,0,Sin_Cerca,5,2007,WD,Normal,187500
60,RL,75.0,11404,Sin_Acceso,IR1,Lvl,Inside,Gtl,CollgCr,Norm,1Fam,2Story,7,5,1998,1999,Gable,VinylSd,VinylSd,BrkFace,202.0,Gd,TA,PConc,Gd,TA,Av,ALQ,252,Unf,0,901,1153,Ex,Y,SBrkr,878,2031,0,0,2,1,3,Gd,Typ,1,TA,Attchd,Fin,2,TA,TA,Y,192,84,0,0,Sin_Cerca,7,2008,WD,Normal,222500
20,RL,80.0,10000,Sin_Acceso,Reg,Lvl,Corner,Gtl,Sawyer,Feedr,1Fam,1Story,5,6,1961,1983,Hip,HdBoard,HdBoard,None,0.0,TA,TA,CBlock,TA,TA,No,BLQ,594,Unf,0,270,864,Ex,Y,SBrkr,0,1144,1,0,1,0,3,TA,Typ,1,TA,Attchd,RFn,1,TA,TA,Y,165,0,0,0,GdWo,3,2009,WD,Normal,131400
20,RL,71.0,8978,Sin_Acceso,IR1,Lvl,Corner,Gtl,Sawyer,Norm,1Fam,1Story,5,5,1968,1968,Gable,Plywood,Plywood,None,0.0,TA,TA,PConc,TA,TA,No,Unf,0,Unf,0,948,948,TA,Y,SBrkr,0,948,0,0,1,0,3,TA,Typ,0,Sin_Chimenea,Attchd,Unf,1,TA,TA,Y,147,0,0,0,Sin_Cerca,5,2007,WD,Family,108000
75,RM,60.0,10800,Sin_Acceso,Reg,Lvl,Inside,Gtl,OldTown,Norm,1Fam,2.5Unf,7,7,1914,1970,Gable,Wd Sdng,Wd Sdng,None,0.0,TA,TA,BrkTil,Gd,TA,Mn,Rec,390,Unf,0,490,880,Fa,N,SBrkr,888,1768,0,0,1,1,2,TA,Typ,2,TA,Detchd,Unf,2,TA,TA,N,0,341,0,0,Sin_Cerca,10,2006,WD,Normal,163000
90,RL,60.0,8544,Sin_Acceso,Reg,Lvl,Inside,Gtl,NAmes,Norm,Duplex,1Story,3,4,1950,1950,Gable,Stucco,Stone,None,0.0,TA,TA,CBlock,Sin_Sotano,Sin_Sotano,Sin_Sotano,Sin_Sotano,0,Sin_Sotano,0,0,0,Gd,N,FuseF,0,1040,0,0,2,0,2,TA,Typ,0,Sin_Chimenea,Detchd,Unf,2,TA,TA,Y,0,0,0,0,Sin_Cerca,7,2006,WD,Normal,93500
60,RL,72.0,10463,Sin_Acceso,IR1,HLS,CulDSac,Gtl,Gilbert,Norm,1Fam,2Story,8,5,2005,2005,Gable,VinylSd,VinylSd,None,0.0,Gd,TA,PConc,Gd,TA,No,Unf,0,Unf,0,893,893,Ex,Y,SBrkr,900,1801,0,0,2,1,3,Gd,Typ,1,Gd,Attchd,Fin,3,TA,TA,Y,0,116,0,0,Sin_Cerca,6,2006,WD,Normal,239900
90,RL,60.0,10800,Sin_Acceso,Reg,Lvl,Inside,Gtl,Edwards,Norm,Duplex,1Story,5,5,1987,1988,Gable,Plywood,Plywood,None,0.0,TA,TA,CBlock,Gd,Gd,Gd,GLQ,1200,Unf,0,0,1200,TA,Y,SBrkr,0,1200,3,0,3,0,3,TA,Typ,0,Sin_Chimenea,Sin_Garaje,Sin_Garaje,0,Sin_Garaje,Sin_Garaje,Y,120,0,0,0,Sin_Cerca,3,2009,WD,Alloca,179000
60,RL,65.0,9313,Sin_Acceso,IR1,Lvl,Inside,Gtl,CollgCr,Norm,1Fam,2Story,7,5,2004,2004,Gable,VinylSd,VinylSd,None,0.0,Gd,TA,PConc,Gd,TA,No,Unf,0,Unf,0,864,864,Ex,Y,SBrkr,864,1728,0,0,2,1,3,Gd,Typ,0,Sin_Chimenea,Attchd,RFn,2,TA,TA,Y,187,56,0,0,Sin_Cerca,4,2009,WD,Normal,190000
70,RM,60.0,9600,Grvl,Reg,Lvl,Inside,Gtl,OldTown,Norm,1Fam,2Story,5,7,1910,2002,Gable,Wd Sdng,Wd Shng,None,0.0,TA,Gd,BrkTil,Fa,Fa,No,Unf,0,Unf,0,264,264,Ex,Y,SBrkr,664,1432,0,0,2,0,2,TA,Typ,0,Sin_Chimenea,Detchd,Unf,2,TA,Gd,Y,270,0,112,0,GdPrv,5,2007,WD,Abnorml,132000
20,RL,65.0,6768,Sin_Acceso,IR1,Lvl,Inside,Gtl,Sawyer,Feedr,1Fam,1Story,6,8,1961,1996,Hip,HdBoard,HdBoard,None,0.0,TA,Gd,CBlock,TA,TA,Mn,GLQ,832,Unf,0,80,912,Gd,Y,SBrkr,0,912,1,1,1,0,3,Gd,Typ,0,Sin_Chimenea,Detchd,Unf,1,TA,TA,Y,168,0,0,0,GdPrv,5,2008,WD,Normal,142000
20,RL,65.0,8450,Sin_Acceso,Reg,Lvl,Inside,Gtl,SawyerW,Norm,1Fam,1Story,7,5,2000,2001,Gable,VinylSd,VinylSd,BrkFace,108.0,TA,TA,PConc,Gd,TA,No,Unf,0,Unf,0,1349,1349,Ex,Y,SBrkr,0,1349,0,0,2,0,3,TA,Typ,0,Sin_Chimenea,Attchd,Unf,2,TA,TA,Y,120,55,0,0,GdPrv,12,2007,WD,Normal,179000
80,RL,70.0,12886,Sin_Acceso,IR1,Lvl,Inside,Gtl,Sawyer,Norm,1Fam,SLvl,5,6,1963,1999,Gable,HdBoard,HdBoard,None,0.0,TA,TA,CBlock,Gd,TA,Av,ALQ,444,Unf,0,76,520,Ex,Y,SBrkr,0,1464,0,1,2,0,3,TA,Min2,1,TA,Attchd,RFn,2,TA,TA,Y,302,0,0,100,Sin_Cerca,10,2009,WD,Normal,175000
120,RL,41.0,5395,Sin_Acceso,IR1,HLS,Inside,Gtl,StoneBr,Norm,TwnhsE,1Story,8,5,1993,1993,Gable,HdBoard,HdBoard,None,0.0,Gd,TA,PConc,Gd,TA,No,GLQ,733,Unf,0,604,1337,Gd,Y,SBrkr,0,1337,1,0,2,0,2,Gd,Typ,1,TA,Attchd,RFn,2,TA,TA,Y,96,0,70,0,Sin_Cerca,10,2008,WD,Normal,180000
60,RL,80.0,8963,Sin_Acceso,IR1,Lvl,Inside,Gtl,NWAmes,Norm,1Fam,2Story,8,9,1976,1996,Hip,VinylSd,VinylSd,BrkFace,289.0,Ex,Gd,CBlock,TA,Gd,No,GLQ,575,ALQ,80,487,1142,Ex,Y,SBrkr,1540,2715,0,1,3,1,4,Gd,Typ,2,TA,BuiltIn,Fin,2,TA,TA,Y,0,204,0,0,Sin_Cerca,7,2008,WD,Normal,299800
60,RL,65.0,8795,Sin_Acceso,IR1,Lvl,Inside,Gtl,Gilbert,Norm,1Fam,2Story,7,5,2000,2000,Gable,VinylSd,VinylSd,None,0.0,Gd,TA,PConc,Gd,TA,No,GLQ,300,Unf,0,652,952,Ex,Y,SBrkr,1276,2256,0,0,2,1,4,Gd,Typ,1,TA,BuiltIn,Fin,2,TA,TA,Y,224,54,0,0,Sin_Cerca,4,2009,WD,Normal,236000
70,RM,65.0,11700,Pave,IR1,Lvl,Corner,Gtl,OldTown,Norm,1Fam,2Story,7,7,1880,2003,Mansard,Stucco,Stucco,None,0.0,Gd,TA,Stone,TA,Fa,No,Unf,0,Unf,0,1240,1240,TA,N,SBrkr,1320,2640,0,0,1,1,4,Gd,Typ,1,Gd,Detchd,Unf,4,TA,TA,N,181,0,386,0,Sin_Cerca,5,2009,WD,Normal,265979
20,RL,59.0,10593,Sin_Acceso,IR1,Lvl,Inside,Gtl,NoRidge,Norm,1Fam,1Story,7,5,1996,1996,Hip,VinylSd,VinylSd,BrkFace,338.0,Gd,TA,PConc,Gd,TA,No,GLQ,919,Unf,0,801,1720,Ex,Y,SBrkr,0,1720,1,0,2,0,3,Gd,Typ,1,TA,Attchd,Fin,2,TA,TA,Y,240,56,154,0,Sin_Cerca,3,2010,WD,Normal,260400
50,RL,50.0,8405,Sin_Acceso,Reg,Lvl,Inside,Gtl,Edwards,Norm,1Fam,1.5Fin,4,3,1945,1950,Gable,WdShing,Wd Shng,None,0.0,TA,TA,Slab,Sin_Sotano,Sin_Sotano,Sin_Sotano,Sin_Sotano,0,Sin_Sotano,0,0,0,TA,N,FuseF,441,1529,0,0,2,0,4,TA,Mod,0,Sin_Chimenea,Detchd,Unf,1,TA,TA,N,92,0,185,0,Sin_Cerca,4,2009,WD,Normal,98000
50,RM,55.0,8800,Grvl,Reg,Lvl,Corner,Gtl,OldTown,Norm,1Fam,1.5Fin,4,7,1910,2004,Gable,Wd Sdng,Wd Sdng,None,0.0,TA,TA,BrkTil,TA,Fa,No,Unf,0,Unf,0,576,576,Gd,Y,SBrkr,348,1140,0,0,1,0,3,TA,Min2,0,Sin_Chimenea,Sin_Garaje,Sin_Garaje,0,Sin_Garaje,Sin_Garaje,N,0,160,0,0,Sin_Cerca,6,2010,WD,Normal,96500
60,RL,65.0,7750,Sin_Acceso,Reg,Lvl,Inside,Gtl,Gilbert,RRAn,1Fam,2Story,7,5,2003,2003,Gable,VinylSd,VinylSd,None,0.0,Gd,TA,PConc,Gd,TA,No,Unf,0,Unf,0,660,660,Ex,Y,SBrkr,660,1320,0,0,2,1,3,Gd,Typ,0,Sin_Chimenea,Attchd,Fin,2,TA,TA,Y,0,48,0,0,Sin_Cerca,8,2007,WD,Normal,162000
20,RL,79.0,9236,Sin_Acceso,IR1,Lvl,Inside,Gtl,CollgCr,Norm,1Fam,1Story,6,5,1997,1997,Gable,VinylSd,VinylSd,None,0.0,TA,Gd,PConc,Gd,TA,Gd,GLQ,1200,Unf,0,279,1479,Ex,Y,SBrkr,0,1494,1,0,2,0,3,Gd,Typ,0,Sin_Chimenea,Attchd,RFn,2,TA,TA,Y,168,27,0,0,Sin_Cerca,7,2006,WD,Normal,217000
60,RL,80.0,10240,Sin_Acceso,Reg,Lvl,Inside,Gtl,NridgHt,Norm,1Fam,2Story,8,5,2005,2005,Gable,VinylSd,VinylSd,BrkFace,178.0,Gd,TA,PConc,Gd,TA,Mn,Unf,0,Unf,0,1030,1030,Gd,Y,SBrkr,1060,2098,0,0,2,1,3,Ex,Typ,1,Gd,Attchd,RFn,3,TA,TA,Y,192,52,0,0,Sin_Cerca,3,2006,WD,Normal,275500
20,RL,61.0,7930,Sin_Acceso,Reg,Lvl,Inside,Gtl,NAmes,Norm,1Fam,1Story,6,8,1969,2005,Gable,Plywood,Plywood,None,0.0,TA,TA,CBlock,TA,TA,No,GLQ,439,LwQ,472,115,1026,Gd,Y,SBrkr,0,1026,1,0,1,0,3,Gd,Typ,0,Sin_Chimenea,Detchd,RFn,2,TA,TA,Y,171,48,0,0,Sin_Cerca,7,2009,WD,Normal,156000
160,FV,34.0,3230,Pave,Reg,Lvl,Inside,Gtl,Somerst,Norm,TwnhsE,2Story,6,5,1999,1999,Gable,MetalSd,MetalSd,BrkFace,894.0,TA,TA,PConc,Gd,TA,No,GLQ,381,Unf,0,348,729,Gd,Y,SBrkr,729,1471,0,0,2,1,3,TA,Typ,0,Sin_Chimenea,Detchd,Unf,2,TA,TA,Y,0,24,0,0,Sin_Cerca,3,2009,WD,Normal,172500
60,RL,68.0,10769,Sin_Acceso,IR1,Lvl,Inside,Gtl,CollgCr,Norm,1Fam,2Story,8,5,2007,2007,Gable,VinylSd,VinylSd,None,0.0,Gd,TA,PConc,Gd,TA,Av,GLQ,20,Unf,0,846,866,Ex,Y,SBrkr,902,1768,0,0,2,1,3,Gd,Typ,0,Sin_Chimenea,Attchd,RFn,2,TA,TA,Y,144,105,0,0,Sin_Cerca,4,2009,WD,Normal,212000
60,RL,71.0,11616,Sin_Acceso,IR1,Lvl,CulDSac,Gtl,Sawyer,Norm,1Fam,2Story,6,5,1978,1978,Hip,HdBoard,HdBoard,BrkCmn,328.0,TA,TA,CBlock,TA,TA,Mn,Rec,438,Unf,0,234,672,TA,Y,SBrkr,714,1386,0,0,2,1,3,TA,Typ,1,TA,Attchd,Fin,2,TA,TA,Y,335,0,0,0,GdPrv,4,2010,WD,Abnorml,158900
160,FV,24.0,2280,Pave,Reg,Lvl,Inside,Gtl,Somerst,Norm,Twnhs,2Story,7,5,1999,1999,Gable,MetalSd,MetalSd,BrkFace,360.0,TA,TA,PConc,Gd,TA,No,ALQ,549,Unf,0,195,744,Gd,Y,SBrkr,744,1501,0,0,2,1,3,TA,Typ,0,Sin_Chimenea,Detchd,Unf,2,TA,TA,Y,0,0,0,0,Sin_Cerca,8,2008,WD,Normal,179400
60,RL,65.0,12257,Sin_Acceso,IR1,Lvl,Inside,Gtl,NoRidge,Norm,1Fam,2Story,8,5,1995,1995,Gable,VinylSd,VinylSd,BrkFace,513.0,Gd,TA,PConc,Gd,TA,Av,LwQ,56,ALQ,64,1198,1318,Ex,Y,SBrkr,1203,2531,0,0,2,1,4,Gd,Typ,1,TA,Attchd,RFn,3,TA,TA,Y,222,98,0,0,Sin_Cerca,11,2007,WD,Normal,290000
20,RL,70.0,9100,Sin_Acceso,Reg,Lvl,Inside,Gtl,NAmes,Norm,1Fam,1Story,6,6,1959,1959,Hip,Wd Sdng,Wd Sdng,None,0.0,TA,TA,CBlock,TA,TA,No,Rec,612,Unf,0,252,864,Ex,Y,SBrkr,0,864,0,0,1,0,2,TA,Typ,0,Sin_Chimenea,Detchd,Unf,1,Ex,Ex,Y,0,0,0,0,Sin_Cerca,10,2009,WD,Normal,127500
30,RM,60.0,6911,Sin_Acceso,Reg,Lvl,FR2,Gtl,BrkSide,Feedr,1Fam,1Story,5,5,1924,1950,Gable,Wd Sdng,Wd Sdng,None,0.0,TA,TA,PConc,TA,TA,Mn,LwQ,405,Unf,0,740,1145,TA,Y,SBrkr,0,1301,0,0,1,0,2,Fa,Min1,0,Sin_Chimenea,Detchd,Unf,2,TA,TA,Y,0,0,0,0,Sin_Cerca,10,2009,WD,Normal,100000
60,FV,72.0,8640,Sin_Acceso,Reg,Lvl,Inside,Gtl,Somerst,Norm,1Fam,2Story,7,5,2009,2009,Gable,VinylSd,VinylSd,None,0.0,TA,TA,PConc,Gd,TA,Mn,GLQ,24,Unf,0,732,756,Ex,Y,SBrkr,783,1547,0,0,2,1,3,Gd,Typ,0,Sin_Chimenea,Attchd,Unf,2,TA,TA,Y,169,45,0,0,Sin_Cerca,6,2010,Con,Normal,215200
60,RL,82.0,9430,Sin_Acceso,Reg,Lvl,Inside,Gtl,NoRidge,Norm,1Fam,2Story,8,5,1999,1999,Gable,VinylSd,VinylSd,BrkFace,673.0,Gd,TA,PConc,Gd,TA,Mn,GLQ,1163,Unf,0,89,1252,Ex,Y,SBrkr,1097,2365,1,0,2,1,3,Gd,Typ,1,Gd,Attchd,RFn,3,TA,TA,Y,0,128,0,180,Sin_Cerca,7,2009,WD,Normal,337000
120,RL,30.0,9549,Sin_Acceso,IR1,Lvl,CulDSac,Gtl,Veenker,Norm,TwnhsE,1Story,8,5,1995,1996,Hip,BrkFace,BrkFace,None,0.0,Gd,Gd,PConc,Gd,Gd,Av,LwQ,437,GLQ,1057,0,1494,Ex,Y,SBrkr,0,1494,1,0,1,1,2,Ex,Typ,1,Gd,Attchd,Fin,2,TA,TA,Y,0,30,0,216,Sin_Cerca,4,2006,WD,Normal,270000
20,RL,75.0,14587,Sin_Acceso,IR1,Lvl,Inside,Gtl,Somerst,Norm,1Fam,1Story,9,5,2008,2008,Gable,VinylSd,VinylSd,Stone,284.0,Gd,TA,PConc,Gd,TA,No,Unf,0,Unf,0,1498,1498,Ex,Y,SBrkr,0,1506,0,0,2,0,2,Ex,Typ,1,Gd,Attchd,Fin,2,TA,TA,Y,0,174,0,0,Sin_Cerca,8,2008,New,Partial,264132
60,RL,80.0,10421,Sin_Acceso,Reg,Lvl,Inside,Gtl,NWAmes,Norm,1Fam,2Story,7,5,1988,1988,Gable,HdBoard,HdBoard,BrkFace,42.0,TA,TA,CBlock,Gd,TA,No,GLQ,394,Unf,0,586,980,TA,Y,SBrkr,734,1714,0,0,2,1,3,TA,Typ,1,TA,Attchd,Unf,2,TA,TA,Y,228,66,156,0,MnPrv,3,2010,WD,Normal,196500
50,RL,75.0,12508,Sin_Acceso,IR1,Lvl,Inside,Gtl,Mitchel,Norm,1Fam,1.5Fin,6,7,1940,1985,Gable,VinylSd,VinylSd,None,0.0,TA,TA,CBlock,Gd,TA,Mn,ALQ,660,Unf,0,323,983,Ex,Y,SBrkr,767,1750,1,0,2,0,4,TA,Mod,0,Sin_Chimenea,Attchd,Unf,1,TA,TA,Y,245,0,156,0,Sin_Cerca,7,2008,WD,Normal,160000
20,RL,70.0,9100,Sin_Acceso,Reg,Lvl,Inside,Gtl,CollgCr,Norm,1Fam,1Story,7,5,2004,2005,Hip,VinylSd,VinylSd,None,0.0,Gd,TA,PConc,Gd,TA,No,GLQ,24,Unf,0,1836,1860,Ex,Y,SBrkr,0,1836,0,0,2,0,3,Gd,Typ,1,Gd,Attchd,Fin,2,TA,TA,Y,120,33,0,0,Sin_Cerca,10,2006,WD,Normal,216837
60,RL,47.0,53504,Sin_Acceso,IR2,HLS,CulDSac,Mod,StoneBr,Norm,1Fam,2Story,8,5,2003,2003,Hip,CemntBd,Wd Shng,BrkFace,603.0,Ex,TA,PConc,Gd,TA,Gd,ALQ,1416,Unf,0,234,1650,Ex,Y,SBrkr,1589,3279,1,0,3,1,4,Ex,Mod,1,Gd,BuiltIn,Fin,3,TA,TA,Y,503,36,0,210,Sin_Cerca,6,2010,WD,Normal,538000
85,RL,71.0,7252,Sin_Acceso,IR1,Lvl,CulDSac,Gtl,Sawyer,Norm,1Fam,SFoyer,5,5,1982,1982,Hip,Wd Sdng,Wd Sdng,None,0.0,TA,TA,CBlock,Gd,TA,Av,GLQ,685,Unf,0,173,858,TA,Y,SBrkr,0,858,1,0,1,0,2,TA,Typ,0,Sin_Chimenea,Detchd,Unf,2,TA,TA,Y,120,0,0,0,Sin_Cerca,4,2009,WD,Normal,134900
20,RL,67.0,8877,Sin_Acceso,Reg,Lvl,Inside,Gtl,Edwards,Norm,1Fam,1Story,4,5,1951,1951,Gable,Wd Sdng,Wd Sdng,None,0.0,TA,TA,CBlock,Fa,Fa,No,LwQ,836,Unf,0,0,836,TA,Y,FuseF,0,1220,0,0,1,0,2,TA,Typ,0,Sin_Chimenea,Detchd,Unf,2,TA,TA,Y,0,0,0,0,Sin_Cerca,4,2006,COD,Normal,102000
80,RL,94.0,7819,Sin_Acceso,Reg,Lvl,Inside,Gtl,Edwards,Norm,1Fam,SLvl,6,5,1976,1976,Gable,Plywood,Plywood,None,0.0,TA,TA,CBlock,TA,TA,Av,ALQ,422,BLQ,127,480,1029,TA,Y,SBrkr,0,1117,1,0,1,0,3,TA,Typ,1,TA,Detchd,Unf,2,TA,TA,Y,144,0,0,0,MnPrv,3,2010,WD,Abnorml,107000
20,RL,70.0,10150,Sin_Acceso,Reg,Lvl,Inside,Gtl,NAmes,Feedr,1Fam,1Story,5,5,1958,1958,Gable,Wd Sdng,Wd Sdng,BrkFace,1.0,TA,TA,CBlock,TA,TA,No,Rec,456,Unf,0,456,912,Ex,Y,FuseA,0,912,0,0,1,0,2,TA,Typ,0,Sin_Chimenea,Attchd,RFn,1,TA,TA,Y,0,0,0,0,Sin_Cerca,7,2007,COD,Normal,114500
20,RL,110.0,14226,Sin_Acceso,Reg,Lvl,Corner,Gtl,NridgHt,Norm,1Fam,1Story,8,5,2006,2006,Hip,VinylSd,VinylSd,BrkFace,375.0,Gd,TA,PConc,Gd,TA,Av,Unf,0,Unf,0,1935,1935,Gd,Y,SBrkr,0,1973,0,0,2,0,3,Gd,Typ,1,Gd,Attchd,Fin,3,TA,TA,Y,315,45,0,0,Sin_Cerca,7,2007,New,Partial,395000
120,RM,32.0,4500,Sin_Acceso,Reg,Lvl,FR2,Gtl,Mitchel,Norm,TwnhsE,1Story,6,5,1998,1998,Hip,VinylSd,VinylSd,BrkFace,320.0,TA,TA,PConc,Ex,TA,No,GLQ,866,Unf,0,338,1204,Ex,Y,SBrkr,0,1204,1,0,2,0,2,TA,Typ,0,Sin_Chimenea,Attchd,Fin,2,TA,TA,Y,0,247,0,0,Sin_Cerca,6,2009,WD,Normal,162000
20,RL,86.0,11210,Sin_Acceso,IR1,Lvl,Inside,Gtl,CollgCr,Norm,1Fam,1Story,7,5,2005,2006,Gable,VinylSd,VinylSd,BrkFace,240.0,Gd,TA,PConc,Gd,TA,Av,GLQ,20,Unf,0,1594,1614,Ex,Y,SBrkr,0,1614,0,0,2,0,3,Gd,Typ,0,Sin_Chimenea,Attchd,RFn,3,TA,TA,Y,144,59,0,0,Sin_Cerca,7,2006,New,Partial,221500
20,RL,100.0,13350,Sin_Acceso,IR1,Lvl,Inside,Gtl,Sawyer,Norm,1Fam,1Story,5,5,1974,1974,Hip,HdBoard,Plywood,None,0.0,TA,TA,CBlock,TA,TA,No,ALQ,762,Unf,0,102,864,TA,Y,SBrkr,0,894,1,0,1,0,3,TA,Typ,1,Fa,Attchd,Unf,2,TA,TA,Y,241,0,0,0,MnPrv,6,2006,WD,Normal,142500
90,RH,60.0,8400,Sin_Acceso,Reg,Lvl,Inside,Gtl,SawyerW,Feedr,Duplex,1Story,5,5,1977,1977,Gable,Plywood,Plywood,BrkFace,320.0,TA,TA,Slab,Sin_Sotano,Sin_Sotano,Sin_Sotano,Sin_Sotano,0,Sin_Sotano,0,0,0,TA,Y,SBrkr,0,2020,0,0,2,0,4,TA,Typ,2,TA,Detchd,Unf,2,TA,TA,Y,0,0,0,0,Sin_Cerca,10,2007,WD,Normal,144000
90,RL,78.0,10530,Sin_Acceso,Reg,Lvl,Inside,Gtl,Mitchel,Norm,Duplex,SFoyer,6,5,1977,1977,Gable,Plywood,ImStucc,BrkFace,90.0,TA,TA,CBlock,Gd,TA,Gd,GLQ,975,Unf,0,0,975,TA,Y,SBrkr,0,1004,1,0,1,0,2,TA,Typ,0,Sin_Chimenea,Attchd,Unf,2,TA,TA,Y,0,0,0,0,Sin_Cerca,5,2006,WD,Normal,135000
20,RL,63.0,7875,Sin_Acceso,Reg,Lvl,Inside,Gtl,Gilbert,Norm,1Fam,1Story,7,5,1995,1996,Gable,HdBoard,HdBoard,BrkFace,38.0,TA,TA,PConc,Gd,Gd,No,Unf,0,Unf,0,1237,1237,Gd,Y,SBrkr,0,1253,0,0,2,0,3,TA,Typ,1,TA,Attchd,Fin,2,TA,TA,Y,220,21,0,0,Sin_Cerca,6,2007,WD,Normal,176000
60,RL,65.0,7153,Sin_Acceso,Reg,Lvl,Inside,Gtl,SawyerW,Norm,1Fam,2Story,6,5,1992,1992,Gable,VinylSd,VinylSd,None,0.0,Gd,Gd,PConc,Gd,TA,No,ALQ,387,Unf,0,374,761,Ex,Y,SBrkr,793,1603,0,0,2,1,3,Gd,Typ,0,Sin_Chimenea,Attchd,RFn,2,TA,TA,Y,0,124,0,0,Sin_Cerca,7,2006,WD,Normal,175900
20,RL,67.0,16285,Sin_Acceso,IR2,Lvl,Inside,Gtl,CollgCr,Norm,1Fam,1Story,7,5,2001,2002,Gable,VinylSd,VinylSd,None,0.0,Gd,TA,PConc,Gd,TA,No,Unf,0,Unf,0,1413,1413,Ex,Y,SBrkr,0,1430,0,0,2,0,3,Gd,Typ,0,Sin_Chimenea,Attchd,RFn,2,TA,TA,Y,0,33,0,0,Sin_Cerca,6,2009,WD,Normal,187100
85,RL,73.0,9101,Sin_Acceso,IR1,Lvl,Corner,Gtl,Mitchel,Norm,1Fam,SFoyer,5,6,1978,1978,Gable,Plywood,Plywood,BrkFace,104.0,TA,Gd,PConc,Gd,TA,Av,GLQ,1097,Unf,0,0,1097,Ex,Y,SBrkr,0,1110,1,0,1,0,1,Gd,Typ,1,TA,Attchd,Fin,2,TA,TA,Y,303,30,0,0,Sin_Cerca,7,2009,WD,Normal,165500
75,RM,35.0,6300,Grvl,Reg,Lvl,Inside,Gtl,OldTown,Norm,1Fam,2.5Unf,6,6,1914,2001,Gable,Wd Sdng,Wd Shng,None,0.0,TA,TA,CBlock,TA,TA,No,Unf,0,Unf,0,742,742,Ex,Y,SBrkr,742,1484,0,0,2,0,3,TA,Typ,1,Gd,Sin_Garaje,Sin_Garaje,0,Sin_Garaje,Sin_Garaje,Y,0,291,134,0,Sin_Cerca,6,2008,WD,Normal,128000
20,RL,80.0,9790,Sin_Acceso,Reg,Lvl,Inside,Gtl,NWAmes,Feedr,1Fam,1Story,6,5,1967,1967,Gable,BrkFace,Wd Sdng,None,0.0,TA,TA,CBlock,TA,TA,No,Rec,251,LwQ,630,491,1372,TA,Y,SBrkr,0,1342,0,0,2,0,3,TA,Typ,1,Gd,Attchd,Unf,2,TA,TA,Y,0,0,0,197,Sin_Cerca,9,2009,WD,Normal,161500
50,RM,60.0,10800,Sin_Acceso,Reg,Lvl,Inside,Gtl,OldTown,Artery,1Fam,1.5Fin,5,6,1915,1950,Gable,MetalSd,MetalSd,None,0.0,TA,Gd,PConc,Fa,TA,No,LwQ,686,Unf,0,0,686,TA,Y,SBrkr,686,1652,1,0,2,0,4,TA,Typ,0,Sin_Chimenea,Detchd,Unf,1,TA,TA,Y,0,0,196,0,Sin_Cerca,6,2010,WD,Normal,139000
60,RL,76.0,10142,Sin_Acceso,IR1,Lvl,Inside,Gtl,SawyerW,Norm,1Fam,2Story,7,5,2004,2004,Gable,VinylSd,VinylSd,None,0.0,Gd,TA,PConc,Gd,TA,No,GLQ,656,Unf,0,300,956,Ex,Y,SBrkr,1128,2084,1,0,2,1,4,Gd,Typ,0,Sin_Chimenea,BuiltIn,RFn,2,TA,TA,Y,0,45,0,0,Sin_Cerca,1,2010,WD,Normal,233000
20,RM,50.0,6000,Sin_Acceso,Reg,Lvl,Corner,Gtl,OldTown,Norm,1Fam,1Story,4,7,1954,2000,Gable,MetalSd,MetalSd,None,0.0,TA,TA,CBlock,TA,TA,No,Unf,0,Unf,0,901,901,Ex,Y,SBrkr,0,901,0,0,1,0,2,TA,Typ,0,Sin_Chimenea,Detchd,Unf,1,Fa,TA,Y,0,0,0,0,Sin_Cerca,8,2008,WD,Normal,107900
60,RL,80.0,12205,Sin_Acceso,IR1,Low,Inside,Gtl,ClearCr,Norm,1Fam,2Story,6,8,1966,2007,Gable,HdBoard,HdBoard,BrkFace,157.0,TA,TA,CBlock,TA,Fa,Gd,LwQ,568,Unf,0,264,832,Gd,Y,SBrkr,1111,2087,0,0,2,1,5,Gd,Typ,0,Sin_Chimenea,Attchd,Fin,2,TA,TA,Y,133,168,0,0,Sin_Cerca,7,2007,WD,Normal,187500
120,RL,43.0,3182,Sin_Acceso,Reg,Lvl,Inside,Gtl,Blmngtn,Norm,TwnhsE,1Story,7,5,2005,2006,Gable,VinylSd,VinylSd,BrkFace,11.0,Gd,TA,PConc,Gd,TA,No,GLQ,16,Unf,0,1129,1145,Ex,Y,SBrkr,0,1145,0,0,2,0,2,Gd,Typ,1,Gd,Attchd,Fin,2,TA,TA,Y,100,16,0,0,Sin_Cerca,9,2009,WD,Normal,160200
80,RL,73.0,11333,Sin_Acceso,IR1,Lvl,Corner,Gtl,Mitchel,Norm,1Fam,SLvl,6,5,1976,1976,Gable,HdBoard,HdBoard,None,0.0,TA,TA,PConc,Gd,TA,Av,ALQ,539,Unf,0,490,1029,TA,Y,SBrkr,0,1062,1,0,1,0,3,TA,Typ,2,TA,Attchd,RFn,2,TA,TA,Y,120,0,0,0,Sin_Cerca,5,2007,WD,Normal,146800
60,RL,92.0,9920,Sin_Acceso,IR1,Lvl,CulDSac,Gtl,NoRidge,Norm,1Fam,2Story,7,5,1996,1997,Gable,MetalSd,MetalSd,None,0.0,Gd,TA,PConc,Gd,TA,Av,GLQ,862,Unf,0,255,1117,Ex,Y,SBrkr,886,2013,1,0,2,1,3,TA,Typ,1,TA,Attchd,Unf,2,TA,TA,Y,180,130,0,0,Sin_Cerca,6,2007,WD,Normal,269790
20,RL,76.0,9158,Sin_Acceso,Reg,Lvl,Inside,Gtl,Somerst,Norm,1Fam,1Story,8,5,2007,2007,Gable,CemntBd,CmentBd,Stone,140.0,Gd,TA,PConc,Gd,TA,Av,Unf,0,Unf,0,1496,1496,Ex,Y,SBrkr,0,1496,0,0,2,0,3,Gd,Typ,0,Sin_Chimenea,Attchd,Fin,2,TA,TA,Y,168,130,0,0,Sin_Cerca,6,2007,New,Partial,225000
60,RL,65.0,10832,Sin_Acceso,IR1,Lvl,Corner,Gtl,Gilbert,Norm,1Fam,2Story,7,5,1994,1996,Gable,MetalSd,MetalSd,None,0.0,Gd,TA,PConc,Gd,TA,No,Unf,0,Unf,0,712,712,Ex,Y,SBrkr,809,1895,0,0,2,1,3,Gd,Typ,1,TA,Attchd,Fin,2,TA,TA,Y,143,46,0,0,Sin_Cerca,10,2008,WD,Normal,194500
60,RL,70.0,8400,Sin_Acceso,Reg,Lvl,Inside,Gtl,SawyerW,Norm,1Fam,2Story,6,6,1980,1981,Gable,HdBoard,HdBoard,BrkFace,130.0,TA,TA,CBlock,Gd,TA,No,Unf,0,Unf,0,650,650,TA,Y,SBrkr,676,1564,0,0,2,1,3,TA,Typ,1,TA,Attchd,Unf,2,TA,TA,Y,0,50,0,204,MnPrv,4,2010,WD,Normal,171000
20,RL,71.0,8197,Sin_Acceso,Reg,Lvl,Inside,Gtl,Sawyer,Norm,1Fam,1Story,6,5,1977,1977,Gable,Plywood,Plywood,BrkFace,148.0,TA,TA,CBlock,TA,TA,No,Unf,0,Unf,0,660,660,Ex,Y,SBrkr,0,1285,0,0,1,1,3,TA,Typ,1,TA,Attchd,RFn,2,TA,TA,Y,138,0,0,0,MnPrv,4,2007,WD,Normal,143500
20,RL,57.0,7677,Sin_Acceso,Reg,Lvl,Inside,Gtl,NAmes,Norm,1Fam,1Story,5,5,1953,1953,Gable,VinylSd,VinylSd,None,0.0,TA,TA,CBlock,TA,TA,No,BLQ,570,Unf,0,203,773,Gd,Y,SBrkr,0,773,0,0,1,0,2,TA,Typ,0,Sin_Chimenea,Attchd,Unf,1,TA,TA,Y,0,0,0,0,Sin_Cerca,4,2008,WD,Abnorml,110000
60,RL,104.0,13518,Sin_Acceso,Reg,Lvl,Inside,Gtl,NridgHt,Norm,1Fam,2Story,9,5,2008,2009,Hip,VinylSd,VinylSd,Stone,860.0,Ex,TA,PConc,Ex,TA,No,Unf,0,Unf,0,1926,1926,Ex,Y,SBrkr,1174,3140,0,0,3,1,4,Ex,Typ,2,Gd,BuiltIn,Fin,3,TA,TA,Y,144,78,0,0,Sin_Cerca,7,2009,New,Partial,485000
50,RL,60.0,7200,Sin_Acceso,Reg,Lvl,Corner,Gtl,SWISU,Feedr,1Fam,1.5Fin,5,7,1937,1950,Gable,Wd Sdng,Wd Sdng,BrkFace,252.0,TA,TA,BrkTil,Gd,TA,No,ALQ,569,Unf,0,162,731,Ex,Y,SBrkr,787,1768,1,0,1,1,3,Gd,Typ,2,TA,Detchd,Unf,1,TA,TA,Y,0,0,264,0,MnPrv,6,2007,WD,Normal,175000
60,RL,79.0,12798,Sin_Acceso,IR1,HLS,Inside,Mod,ClearCr,Feedr,1Fam,2Story,6,5,1997,1997,Gable,VinylSd,VinylSd,None,0.0,TA,TA,PConc,Gd,TA,Gd,GLQ,462,Unf,0,154,616,Gd,Y,SBrkr,1072,1688,1,0,2,1,4,Gd,Typ,0,Sin_Chimenea,Attchd,RFn,2,TA,TA,Y,403,114,185,0,Sin_Cerca,5,2008,WD,Normal,200000
30,RM,40.0,4800,Sin_Acceso,Reg,Lvl,Inside,Gtl,IDOTRR,Norm,1Fam,1Story,4,7,1916,1990,Gable,MetalSd,MetalSd,None,0.0,TA,TA,CBlock,TA,TA,No,LwQ,197,Unf,0,999,1196,Ex,Y,FuseA,0,1196,1,0,1,0,2,TA,Typ,0,Sin_Chimenea,Detchd,Unf,2,TA,TA,Y,0,0,0,0,Sin_Cerca,7,2007,WD,Normal,109900
60,RL,63.0,8199,Sin_Acceso,Reg,Lvl,Inside,Gtl,CollgCr,Norm,1Fam,2Story,7,5,2005,2005,Gable,WdShing,Wd Shng,None,0.0,Gd,TA,PConc,Gd,TA,Av,GLQ,648,Unf,0,80,728,Ex,Y,SBrkr,728,1456,1,0,2,1,3,Gd,Typ,1,Gd,Attchd,Fin,2,TA,TA,Y,36,18,0,0,Sin_Cerca,10,2008,WD,Normal,189000
60,RL,107.0,13891,Sin_Acceso,Reg,Lvl,Inside,Gtl,NridgHt,Norm,1Fam,2Story,9,5,2008,2009,Hip,VinylSd,VinylSd,Stone,424.0,Ex,TA,PConc,Ex,TA,Gd,Unf,0,Unf,0,1734,1734,Ex,Y,SBrkr,1088,2822,0,0,3,1,4,Ex,Typ,1,Gd,BuiltIn,RFn,3,TA,TA,Y,52,170,0,192,Sin_Cerca,1,2009,New,Partial,582933
20,RL,75.0,9000,Sin_Acceso,Reg,Lvl,Inside,Gtl,NAmes,Norm,1Fam,1Story,5,5,1954,1954,Gable,Wd Sdng,Wd Sdng,None,0.0,TA,TA,CBlock,TA,TA,No,LwQ,812,Unf,0,124,936,TA,Y,SBrkr,0,1128,0,0,1,0,2,TA,Min1,0,Sin_Chimenea,Attchd,Unf,1,TA,TA,Y,0,0,0,0,GdWo,6,2006,WD,Family,118000
20,RL,91.0,12274,Sin_Acceso,IR1,Lvl,FR2,Gtl,Somerst,Norm,1Fam,1Story,7,5,2008,2008,Gable,VinylSd,VinylSd,Stone,256.0,Gd,TA,PConc,Gd,TA,No,Unf,0,Unf,0,1417,1417,Ex,Y,SBrkr,0,1428,0,0,2,0,3,Ex,Typ,0,Sin_Chimenea,Attchd,RFn,2,TA,TA,Y,0,60,0,0,Sin_Cerca,7,2008,New,Partial,227680
80,RL,75.0,9750,Sin_Acceso,Reg,Lvl,Inside,Gtl,NAmes,Norm,1Fam,SLvl,5,5,1967,1967,Gable,VinylSd,VinylSd,None,0.0,TA,TA,PConc,TA,TA,Av,ALQ,400,Rec,480,100,980,Gd,Y,SBrkr,0,980,0,0,2,0,3,TA,Typ,0,Sin_Chimenea,Attchd,Fin,1,TA,TA,Y,68,0,0,0,Sin_Cerca,10,2006,WD,Normal,135500
70,RL,144.0,21384,Sin_Acceso,Reg,Lvl,Inside,Gtl,BrkSide,Norm,1Fam,2Story,5,6,1923,2004,Gable,Wd Sdng,Wd Sdng,None,0.0,TA,TA,CBlock,TA,TA,Gd,GLQ,1309,Unf,0,15,1324,Ex,Y,SBrkr,504,1576,2,0,1,1,3,Gd,Typ,1,TA,Attchd,RFn,2,TA,TA,Y,0,312,0,0,Sin_Cerca,5,2009,WD,Normal,223500
80,RL,85.0,13400,Sin_Acceso,Reg,Lvl,Inside,Gtl,NAmes,Norm,1Fam,SLvl,5,5,1966,1966,Gable,VinylSd,VinylSd,BrkFace,1047.0,TA,TA,CBlock,TA,TA,Av,ALQ,516,BLQ,128,380,1024,TA,Y,SBrkr,0,1086,1,0,1,0,3,TA,Typ,1,Gd,Attchd,RFn,2,TA,TA,Y,0,0,0,0,GdWo,6,2006,WD,Normal,159950
75,RM,90.0,8100,Sin_Acceso,Reg,Lvl,Corner,Gtl,OldTown,Norm,1Fam,2.5Unf,5,5,1898,1965,Hip,AsbShng,AsbShng,None,0.0,TA,TA,PConc,TA,TA,No,Unf,0,Unf,0,849,849,TA,N,FuseA,1063,2138,0,0,2,0,2,TA,Typ,0,Sin_Chimenea,Detchd,Unf,2,Fa,Po,N,40,156,0,0,MnPrv,11,2009,WD,Normal,106000
20,RL,78.0,10140,Sin_Acceso,Reg,Lvl,Inside,Gtl,NWAmes,Norm,1Fam,1Story,6,6,1974,1999,Hip,HdBoard,HdBoard,BrkFace,99.0,TA,TA,CBlock,TA,TA,No,ALQ,663,LwQ,377,0,1040,Fa,Y,SBrkr,0,1309,1,0,1,1,3,Gd,Typ,1,Fa,Attchd,RFn,2,TA,TA,Y,265,0,0,0,GdPrv,1,2006,WD,Normal,181000
120,RM,70.0,4438,Sin_Acceso,Reg,Lvl,Inside,Gtl,CollgCr,Norm,TwnhsE,1Story,6,5,2004,2004,Gable,VinylSd,VinylSd,BrkFace,169.0,Gd,TA,PConc,Gd,TA,Gd,GLQ,662,Unf,0,186,848,Ex,Y,SBrkr,0,848,1,0,1,0,1,Gd,Typ,1,Gd,Attchd,Fin,2,TA,TA,Y,140,0,0,0,Sin_Cerca,6,2008,ConLD,Normal,144500
20,C (all),66.0,8712,Sin_Acceso,Reg,Bnk,Inside,Mod,IDOTRR,Norm,1Fam,1Story,5,5,1952,1952,Hip,Wd Sdng,Wd Sdng,None,0.0,Fa,TA,CBlock,TA,TA,Av,Unf,0,Unf,0,540,540,TA,N,FuseA,0,1044,0,0,1,0,2,Fa,Typ,0,Sin_Chimenea,Basment,Unf,2,TA,TA,N,0,0,0,0,Sin_Cerca,6,2010,WD,Alloca,55993
20,RL,75.0,9750,Sin_Acceso,Reg,Lvl,Inside,Gtl,NAmes,Norm,1Fam,1Story,6,6,1958,1958,Gable,MetalSd,MetalSd,BrkFace,243.0,TA,TA,CBlock,TA,TA,No,Rec,608,Unf,0,834,1442,Gd,Y,SBrkr,0,1442,0,0,1,1,4,TA,Typ,0,Sin_Chimenea,Attchd,RFn,1,TA,TA,Y,0,0,275,0,Sin_Cerca,4,2007,COD,Normal,157900
50,RL,45.0,8248,Grvl,Reg,Lvl,Inside,Gtl,Edwards,Norm,1Fam,1.5Fin,5,7,1918,1950,Gable,Stucco,Stucco,None,0.0,TA,TA,BrkTil,TA,TA,No,Unf,0,Unf,0,686,686,Gd,Y,SBrkr,564,1250,0,1,1,1,3,Fa,Typ,0,Sin_Chimenea,Detchd,Unf,1,TA,TA,P,207,0,96,0,Sin_Cerca,7,2006,WD,Normal,116000
20,RL,48.0,12137,Sin_Acceso,IR2,Lvl,CulDSac,Gtl,CollgCr,Norm,1Fam,1Story,7,5,1998,1998,Gable,VinylSd,VinylSd,BrkFace,442.0,TA,TA,PConc,Gd,TA,No,Unf,0,Unf,0,1649,1649,Ex,Y,SBrkr,0,1661,0,0,2,0,3,Gd,Typ,0,Sin_Chimenea,Attchd,RFn,2,TA,TA,Y,0,34,0,0,Sin_Cerca,5,2010,WD,Normal,224900
20,RL,73.0,11425,Sin_Acceso,IR1,Lvl,Corner,Gtl,NAmes,Norm,1Fam,1Story,5,6,1954,1954,Gable,BrkFace,BrkFace,None,0.0,TA,TA,CBlock,TA,TA,No,BLQ,486,Unf,0,522,1008,Gd,Y,SBrkr,0,1008,0,0,1,0,2,TA,Typ,1,Gd,Attchd,RFn,1,TA,TA,Y,0,0,120,0,Sin_Cerca,7,2006,WD,Normal,137000
20,RL,73.0,13265,Sin_Acceso,IR1,Lvl,CulDSac,Gtl,Mitchel,Norm,1Fam,1Story,8,5,2002,2002,Hip,CemntBd,CmentBd,BrkFace,148.0,Gd,TA,PConc,Gd,TA,No,GLQ,1218,Unf,0,350,1568,Ex,Y,SBrkr,0,1689,1,0,2,0,3,Gd,Typ,2,Gd,Attchd,RFn,3,TA,TA,Y,150,59,0,0,Sin_Cerca,7,2008,WD,Normal,271000
80,RL,80.0,8816,Sin_Acceso,Reg,Lvl,Inside,Gtl,ClearCr,Norm,1Fam,SLvl,6,7,1971,1971,Gable,HdBoard,HdBoard,BrkFace,80.0,TA,TA,CBlock,TA,TA,Av,GLQ,504,Unf,0,506,1010,Gd,Y,SBrkr,0,1052,1,0,1,0,3,TA,Typ,0,Sin_Chimenea,Attchd,Unf,2,TA,TA,Y,0,0,0,0,MnPrv,6,2010,WD,Normal,155000
120,RL,44.0,6371,Sin_Acceso,IR1,Lvl,Inside,Gtl,NridgHt,Norm,TwnhsE,1Story,7,5,2009,2010,Gable,VinylSd,VinylSd,Stone,128.0,Gd,TA,PConc,Gd,TA,Mn,GLQ,733,Unf,0,625,1358,Ex,Y,SBrkr,0,1358,1,0,2,0,2,Gd,Typ,1,Gd,Attchd,RFn,2,TA,TA,Y,192,35,0,0,Sin_Cerca,6,2010,New,Partial,224000
60,RL,72.0,7226,Sin_Acceso,IR1,Lvl,CulDSac,Gtl,CollgCr,Norm,1Fam,2Story,7,5,2003,2003,Gable,VinylSd,VinylSd,None,0.0,Gd,TA,PConc,Gd,TA,No,Unf,0,Unf,0,798,798,Ex,Y,SBrkr,842,1640,0,0,2,1,3,Gd,Typ,0,Sin_Chimenea,Attchd,RFn,2,TA,TA,Y,0,45,0,0,Sin_Cerca,6,2008,WD,Normal,183000
20,RM,60.0,6000,Pave,Reg,Bnk,Inside,Mod,OldTown,Norm,2fmCon,1Story,4,4,1953,1953,Gable,MetalSd,MetalSd,None,0.0,Fa,TA,CBlock,Fa,TA,No,Unf,0,Unf,0,936,936,TA,N,SBrkr,0,936,0,0,1,0,2,TA,Min2,0,Sin_Chimenea,Detchd,Unf,2,TA,TA,Y,0,32,112,0,Sin_Cerca,2,2009,WD,Normal,93000
60,RL,65.0,12394,Sin_Acceso,IR1,Lvl,Corner,Gtl,Gilbert,Norm,1Fam,2Story,7,5,2003,2003,Gable,VinylSd,VinylSd,None,0.0,Gd,TA,PConc,Gd,TA,Gd,Unf,0,Unf,0,847,847,Ex,Y,SBrkr,886,1733,0,0,2,1,3,Gd,Typ,1,Gd,BuiltIn,Fin,2,TA,TA,Y,100,48,0,0,Sin_Cerca,10,2007,WD,Family,225000
50,RL,60.0,9900,Sin_Acceso,Reg,Lvl,Inside,Gtl,SWISU,Norm,1Fam,1.5Fin,6,7,1940,1950,Gable,VinylSd,VinylSd,None,0.0,TA,TA,BrkTil,TA,TA,No,Unf,0,Unf,0,778,778,TA,Y,SBrkr,545,1489,0,0,2,0,3,TA,Typ,1,Gd,Detchd,Unf,1,TA,TA,Y,335,0,0,0,GdWo,7,2009,WD,Normal,139500
20,FV,81.0,11216,Sin_Acceso,Reg,Lvl,Inside,Gtl,Somerst,Norm,1Fam,1Story,8,5,2006,2006,Gable,VinylSd,VinylSd,None,0.0,Gd,TA,PConc,Gd,Gd,No,Unf,0,Unf,0,1489,1489,Ex,Y,SBrkr,0,1489,0,0,2,0,3,Gd,Typ,1,Gd,Attchd,RFn,2,TA,TA,Y,0,140,0,0,Sin_Cerca,6,2006,New,Partial,232600
20,RL,114.0,14803,Sin_Acceso,Reg,Lvl,Inside,Gtl,NridgHt,PosN,1Fam,1Story,10,5,2007,2008,Hip,CemntBd,CmentBd,BrkFace,816.0,Ex,TA,PConc,Ex,TA,Av,GLQ,1636,Unf,0,442,2078,Ex,Y,SBrkr,0,2084,1,0,2,0,2,Ex,Typ,1,Gd,Attchd,Fin,3,TA,TA,Y,188,45,0,0,Sin_Cerca,6,2008,New,Partial,385000
45,RM,50.0,6130,Sin_Acceso,Reg,Lvl,Inside,Gtl,BrkSide,Norm,1Fam,1.5Unf,5,6,1924,1950,Gable,MetalSd,MetalSd,None,0.0,TA,TA,BrkTil,TA,TA,No,ALQ,784,Unf,0,0,784,Gd,Y,SBrkr,0,784,1,0,1,0,2,Gd,Typ,0,Sin_Chimenea,Sin_Garaje,Sin_Garaje,0,Sin_Garaje,Sin_Garaje,Y,0,0,116,0,Sin_Cerca,5,2008,WD,Normal,109500
20,RL,65.0,8529,Sin_Acceso,IR1,Lvl,Inside,Gtl,SawyerW,Norm,1Fam,1Story,7,5,2001,2001,Gable,VinylSd,VinylSd,None,0.0,Gd,TA,PConc,Gd,TA,No,GLQ,20,Unf,0,1434,1454,Ex,Y,SBrkr,0,1434,0,0,2,0,3,Gd,Typ,1,TA,Attchd,RFn,2,TA,TA,Y,290,39,0,0,Sin_Cerca,4,2009,WD,Normal,189000
60,RL,80.0,28698,Sin_Acceso,IR2,Low,CulDSac,Sev,ClearCr,Norm,1Fam,2Story,5,5,1967,1967,Flat,Plywood,Plywood,None,0.0,TA,TA,PConc,TA,Gd,Gd,LwQ,249,ALQ,764,0,1013,TA,Y,SBrkr,966,2126,0,1,2,1,3,TA,Min2,0,Sin_Chimenea,Attchd,Fin,2,TA,TA,Y,486,0,0,225,Sin_Cerca,6,2009,WD,Abnorml,185000
160,FV,24.0,2544,Pave,Reg,Lvl,Inside,Gtl,Somerst,Norm,Twnhs,2Story,7,5,2005,2005,Gable,MetalSd,MetalSd,None,0.0,Gd,TA,PConc,Gd,TA,No,Unf,0,Unf,0,600,600,Ex,Y,SBrkr,623,1223,0,0,2,1,2,Gd,Typ,0,Sin_Chimenea,Detchd,RFn,2,TA,TA,Y,0,166,0,0,Sin_Cerca,7,2006,WD,Normal,147400
20,RL,80.0,11900,Sin_Acceso,IR1,Lvl,Corner,Gtl,NAmes,Norm,1Fam,1Story,6,5,1957,1957,Gable,HdBoard,HdBoard,BrkFace,387.0,TA,TA,CBlock,TA,TA,No,Rec,1040,Unf,0,352,1392,TA,Y,FuseA,0,1392,1,0,1,1,3,TA,Typ,2,Gd,Attchd,RFn,2,TA,TA,Y,0,0,0,192,Sin_Cerca,6,2008,WD,Normal,166000
160,FV,30.0,3180,Pave,Reg,Lvl,Inside,Gtl,Somerst,Norm,TwnhsE,2Story,7,5,2005,2005,Gable,MetalSd,MetalSd,None,0.0,TA,TA,PConc,Gd,TA,No,Unf,0,Unf,0,600,600,Ex,Y,SBrkr,600,1200,0,0,2,1,2,Gd,Typ,0,Sin_Chimenea,Detchd,RFn,2,TA,TA,Y,0,166,0,0,Sin_Cerca,6,2006,WD,Normal,151000
60,RL,44.0,9548,Sin_Acceso,IR1,Lvl,CulDSac,Gtl,CollgCr,Norm,1Fam,2Story,7,6,2003,2003,Gable,VinylSd,VinylSd,BrkFace,223.0,Gd,TA,PConc,Gd,TA,No,GLQ,483,Unf,0,458,941,Ex,Y,SBrkr,888,1829,1,0,2,1,3,Gd,Typ,1,TA,Attchd,RFn,2,TA,TA,Y,192,39,0,0,Sin_Cerca,1,2010,WD,Normal,237000
20,RL,100.0,10004,Sin_Acceso,Reg,Lvl,Inside,Gtl,NAmes,Norm,1Fam,1Story,6,6,1964,1964,Gable,HdBoard,Plywood,BrkFace,180.0,TA,TA,CBlock,TA,TA,No,Rec,196,BLQ,345,975,1516,TA,Y,SBrkr,0,1516,0,0,1,1,3,TA,Typ,0,Sin_Chimenea,Attchd,RFn,2,TA,TA,Y,0,0,0,152,Sin_Cerca,2,2009,WD,Normal,167000
20,RL,75.0,7875,Sin_Acceso,Reg,Lvl,Inside,Gtl,NAmes,Norm,1Fam,1Story,5,6,1961,1961,Gable,VinylSd,VinylSd,BrkFace,136.0,TA,TA,CBlock,TA,TA,No,Rec,572,Unf,0,572,1144,Gd,Y,SBrkr,0,1144,1,0,1,0,3,TA,Typ,0,Sin_Chimenea,Attchd,Unf,2,TA,TA,Y,0,0,0,0,GdWo,9,2008,WD,Normal,139950
20,RL,60.0,9600,Sin_Acceso,Reg,Lvl,Inside,Gtl,Sawyer,Norm,1Fam,1Story,4,7,1950,1995,Gable,VinylSd,HdBoard,None,0.0,TA,TA,CBlock,Gd,TA,No,BLQ,442,Unf,0,625,1067,TA,Y,SBrkr,0,1067,0,0,2,0,2,Gd,Min2,0,Sin_Chimenea,Attchd,Unf,2,TA,TA,Y,290,0,0,0,Sin_Cerca,2,2010,WD,Normal,128000
30,RM,90.0,8100,Pave,Reg,Lvl,Inside,Gtl,OldTown,Norm,1Fam,1Story,5,6,1948,1973,Gable,VinylSd,VinylSd,None,0.0,TA,TA,BrkTil,TA,TA,No,Rec,338,Unf,0,1221,1559,Gd,Y,SBrkr,0,1559,1,0,1,0,2,TA,Min2,0,Sin_Chimenea,Detchd,Unf,2,TA,TA,Y,0,116,230,0,GdWo,6,2007,COD,Normal,153500
160,RM,21.0,1680,Sin_Acceso,Reg,Lvl,Inside,Gtl,BrDale,Norm,Twnhs,2Story,6,5,1973,1973,Gable,HdBoard,HdBoard,BrkFace,158.0,TA,TA,CBlock,TA,TA,No,BLQ,330,Unf,0,153,483,TA,Y,SBrkr,504,987,1,0,1,1,2,TA,Typ,0,Sin_Chimenea,Detchd,Unf,1,TA,TA,Y,0,0,0,0,Sin_Cerca,11,2008,WD,Normal,100000
20,RL,75.0,9525,Sin_Acceso,Reg,Lvl,Inside,Gtl,CollgCr,Norm,1Fam,1Story,5,6,1995,2006,Gable,VinylSd,VinylSd,None,0.0,TA,TA,PConc,Gd,TA,No,Unf,0,Unf,0,1099,1099,Ex,Y,SBrkr,0,1099,0,0,1,1,3,Gd,Typ,0,Sin_Chimenea,Attchd,Unf,1,TA,TA,Y,278,0,0,0,Sin_Cerca,6,2008,WD,Normal,144000
50,RL,70.0,11767,Sin_Acceso,Reg,Lvl,Inside,Gtl,Edwards,Norm,1Fam,1.5Fin,5,6,1946,1995,Gable,MetalSd,MetalSd,None,0.0,TA,TA,CBlock,TA,TA,No,BLQ,352,Unf,0,416,768,Ex,Y,SBrkr,432,1200,0,0,1,0,3,TA,Typ,0,Sin_Chimenea,Detchd,Unf,1,TA,TA,Y,0,0,0,0,Sin_Cerca,5,2008,WD,Normal,130500
70,RH,60.0,12155,Sin_Acceso,IR1,Lvl,Inside,Gtl,SWISU,Norm,1Fam,2Story,6,8,1925,1950,Gable,Wd Sdng,Wd Sdng,None,0.0,TA,TA,BrkTil,TA,TA,No,BLQ,156,Unf,0,516,672,TA,N,SBrkr,672,1482,0,0,2,0,4,Fa,Typ,0,Sin_Chimenea,Detchd,Unf,1,TA,TA,P,0,0,254,0,Sin_Cerca,3,2008,WD,Normal,140000
70,RM,60.0,10440,Grvl,Reg,Lvl,Inside,Gtl,OldTown,Norm,1Fam,2Story,5,8,1904,2002,Gable,MetalSd,MetalSd,None,0.0,TA,TA,PConc,TA,TA,No,Unf,0,Unf,0,650,650,Gd,Y,SBrkr,581,1539,0,0,2,0,3,Gd,Typ,1,Po,Detchd,Unf,2,Gd,TA,P,70,78,68,0,Sin_Cerca,6,2008,WD,Normal,157500
80,RL,82.0,9020,Sin_Acceso,Reg,Lvl,Inside,Gtl,NAmes,Norm,1Fam,SLvl,6,7,1966,1966,Gable,HdBoard,HdBoard,BrkFace,183.0,TA,TA,CBlock,TA,TA,Gd,Rec,312,ALQ,539,276,1127,TA,Y,SBrkr,0,1165,1,0,1,1,3,TA,Typ,0,Sin_Chimenea,Attchd,RFn,2,Gd,Gd,Y,0,129,0,0,GdPrv,5,2008,WD,Normal,174900
90,RL,80.0,8000,Sin_Acceso,Reg,Lvl,Corner,Gtl,NAmes,Artery,Duplex,1Story,5,4,1961,1961,Gable,BrkFace,BrkFace,None,0.0,TA,TA,CBlock,TA,TA,No,Unf,0,Unf,0,1800,1800,Ex,N,SBrkr,0,1800,0,0,2,0,6,TA,Typ,0,Sin_Chimenea,Sin_Garaje,Sin_Garaje,0,Sin_Garaje,Sin_Garaje,Y,0,0,0,0,Sin_Cerca,7,2007,WD,Normal,141000
50,RM,100.0,12665,Grvl,IR1,Lvl,Inside,Gtl,OldTown,Artery,1Fam,1.5Fin,5,8,1915,1950,Gable,Wd Sdng,Wd Sdng,None,0.0,TA,TA,BrkTil,TA,TA,Mn,Unf,0,Unf,0,876,876,Gd,Y,SBrkr,540,1416,0,0,1,1,4,TA,Typ,1,Gd,Detchd,Unf,3,TA,TA,Y,418,0,194,0,Sin_Cerca,6,2008,WD,Normal,153900
85,RL,71.0,16647,Sin_Acceso,IR1,Lvl,CulDSac,Gtl,Sawyer,RRAe,1Fam,SFoyer,5,5,1975,1981,Gable,HdBoard,HdBoard,None,0.0,TA,TA,CBlock,Gd,TA,Gd,ALQ,1390,Unf,0,0,1390,TA,Y,SBrkr,0,1701,1,0,2,0,3,TA,Min2,2,TA,Basment,Fin,2,TA,TA,Y,0,0,0,0,Sin_Cerca,1,2007,WD,Normal,171000
60,RL,75.0,9317,Sin_Acceso,Reg,Lvl,Inside,Gtl,SawyerW,Norm,1Fam,2Story,7,5,1993,1993,Gable,HdBoard,HdBoard,BrkFace,137.0,Gd,TA,PConc,Gd,TA,No,ALQ,513,Unf,0,227,740,Ex,Y,SBrkr,769,1775,1,0,2,1,3,Gd,Typ,1,TA,Attchd,Unf,2,TA,TA,Y,234,72,192,0,Sin_Cerca,7,2009,WD,Normal,213000
20,RL,36.0,15523,Sin_Acceso,IR1,Lvl,CulDSac,Gtl,CollgCr,Norm,1Fam,1Story,5,6,1972,1972,Gable,HdBoard,Plywood,None,0.0,TA,TA,CBlock,TA,TA,Av,BLQ,460,Unf,0,404,864,Ex,Y,SBrkr,0,864,1,0,1,0,3,TA,Typ,1,Fa,Attchd,Unf,1,TA,TA,Y,0,0,0,0,Sin_Cerca,8,2009,WD,Normal,133500
50,RL,75.0,45600,Sin_Acceso,IR2,Bnk,Inside,Gtl,ClearCr,Norm,1Fam,1.5Fin,6,8,1908,1997,Gable,Wd Sdng,Wd Sdng,None,0.0,TA,TA,BrkTil,TA,TA,No,Unf,0,Unf,0,907,907,TA,Y,SBrkr,1051,2358,0,0,3,0,5,TA,Typ,1,Gd,Detchd,Unf,2,Fa,TA,Y,486,40,0,175,Sin_Cerca,9,2008,WD,Normal,240000
80,RL,80.0,9600,Sin_Acceso,Reg,Lvl,FR2,Gtl,Veenker,Feedr,1Fam,SLvl,6,7,1976,1994,Hip,Plywood,Plywood,BrkFace,360.0,Gd,Gd,CBlock,TA,TA,No,Unf,0,Unf,0,528,528,Ex,Y,SBrkr,761,1855,0,0,2,1,3,TA,Typ,1,TA,Attchd,RFn,2,TA,TA,Y,113,100,0,0,Sin_Cerca,8,2007,WD,Normal,187000
120,RM,36.0,4435,Sin_Acceso,Reg,Lvl,Inside,Gtl,CollgCr,Norm,TwnhsE,1Story,6,5,2003,2003,Gable,VinylSd,VinylSd,BrkFace,170.0,Gd,TA,PConc,Gd,TA,Av,GLQ,659,Unf,0,189,848,Ex,Y,SBrkr,0,848,1,0,1,0,1,Gd,Typ,0,Sin_Chimenea,Attchd,Fin,2,TA,TA,Y,140,0,0,0,Sin_Cerca,11,2007,WD,Normal,131500
120,RL,43.0,3196,Sin_Acceso,Reg,Lvl,Inside,Gtl,Blmngtn,Norm,TwnhsE,1Story,8,5,2003,2003,Gable,VinylSd,VinylSd,BrkFace,40.0,Gd,TA,PConc,Gd,TA,Gd,Unf,0,Unf,0,1273,1273,Ex,Y,SBrkr,0,1456,0,0,2,0,2,Gd,Typ,1,TA,Attchd,Fin,2,TA,TA,Y,143,20,0,0,Sin_Cerca,5,2006,WD,Normal,215000
75,RL,53.0,7128,Sin_Acceso,Reg,Lvl,Inside,Gtl,Crawfor,Norm,1Fam,2.5Unf,7,5,1941,1950,Gable,MetalSd,MetalSd,None,0.0,TA,Gd,CBlock,TA,TA,No,Rec,364,Unf,0,554,918,Gd,Y,SBrkr,728,1646,0,0,2,0,4,TA,Typ,2,Gd,Detchd,Unf,1,TA,TA,Y,0,0,0,126,MnPrv,8,2007,WD,Normal,164000
80,RL,73.0,12095,Sin_Acceso,IR1,Lvl,Corner,Gtl,NAmes,Norm,1Fam,SLvl,6,6,1964,1964,Gable,MetalSd,HdBoard,BrkFace,115.0,TA,Gd,CBlock,TA,TA,Gd,Rec,564,Unf,0,563,1127,TA,Y,SBrkr,0,1445,0,0,1,1,3,TA,Typ,1,Fa,Attchd,RFn,2,TA,TA,Y,180,0,0,0,MnPrv,8,2009,WD,Normal,158000
20,RL,102.0,17920,Sin_Acceso,Reg,Lvl,Inside,Gtl,Sawyer,Norm,1Fam,1Story,5,4,1955,1974,Hip,Wd Sdng,Plywood,None,0.0,TA,TA,CBlock,TA,TA,Mn,ALQ,306,Rec,1085,372,1763,TA,Y,SBrkr,0,1779,1,0,1,1,3,TA,Typ,1,Gd,Attchd,Unf,2,TA,TA,Y,0,418,0,312,Sin_Cerca,7,2006,WD,Abnorml,170000
20,RL,71.0,6897,Sin_Acceso,IR1,Lvl,Corner,Gtl,Sawyer,Norm,1Fam,1Story,5,8,1962,2010,Gable,HdBoard,HdBoard,None,0.0,TA,Gd,CBlock,TA,TA,No,ALQ,659,Unf,0,381,1040,Ex,Y,SBrkr,0,1040,1,0,1,1,3,TA,Typ,0,Sin_Chimenea,Detchd,Unf,1,TA,TA,Y,0,104,0,0,Sin_Cerca,4,2010,WD,Normal,127000
80,RL,70.0,10970,Sin_Acceso,IR1,Low,Inside,Mod,CollgCr,Norm,1Fam,SLvl,6,6,1978,1978,Gable,Plywood,HdBoard,None,0.0,TA,TA,CBlock,Gd,Gd,Gd,GLQ,505,LwQ,435,0,940,TA,Y,SBrkr,0,1026,1,0,1,0,3,TA,Typ,0,Sin_Chimenea,Detchd,Unf,2,TA,Fa,Y,0,0,34,0,MnPrv,10,2008,WD,Normal,147000
60,RL,65.0,8125,Sin_Acceso,Reg,Lvl,Inside,Gtl,Gilbert,Norm,1Fam,2Story,6,5,1994,1995,Gable,HdBoard,HdBoard,None,0.0,TA,TA,PConc,Gd,TA,No,Unf,0,Unf,0,702,702,Gd,Y,SBrkr,779,1481,0,0,2,1,3,TA,Typ,1,TA,Attchd,Fin,2,TA,TA,Y,0,36,0,0,Sin_Cerca,3,2009,WD,Normal,174000
20,RL,80.0,10400,Sin_Acceso,Reg,Lvl,Inside,Gtl,NWAmes,Norm,1Fam,1Story,7,5,1976,1976,Gable,HdBoard,HdBoard,BrkFace,189.0,TA,TA,CBlock,Gd,TA,No,Unf,0,Unf,0,1090,1090,TA,Y,SBrkr,0,1370,0,0,2,0,3,TA,Typ,1,TA,Attchd,RFn,2,TA,TA,Y,0,0,0,0,MnPrv,6,2009,WD,Family,152000
60,RL,80.0,11029,Sin_Acceso,IR1,Lvl,Corner,Gtl,NWAmes,PosA,1Fam,2Story,6,7,1968,1984,Gable,HdBoard,HdBoard,BrkFace,220.0,TA,TA,CBlock,TA,TA,Mn,BLQ,619,Unf,0,435,1054,TA,Y,SBrkr,1142,2654,1,0,2,1,4,Gd,Typ,1,Gd,Attchd,Unf,2,TA,TA,Y,0,65,0,222,Sin_Cerca,8,2006,WD,Normal,250000
50,RL,55.0,7642,Sin_Acceso,Reg,Lvl,Corner,Gtl,Crawfor,Norm,1Fam,1.5Fin,7,8,1918,1998,Gable,Wd Sdng,Wd Sdng,None,0.0,Gd,TA,BrkTil,TA,TA,No,Unf,0,Unf,0,912,912,Gd,Y,SBrkr,514,1426,0,0,1,1,3,Gd,Typ,1,Gd,Detchd,Unf,1,TA,TA,Y,0,240,0,0,GdPrv,6,2007,WD,Normal,189950
190,RL,75.0,11625,Sin_Acceso,Reg,Lvl,Inside,Gtl,Sawyer,Norm,2fmCon,1Story,5,4,1965,1965,Hip,Plywood,HdBoard,None,0.0,TA,TA,PConc,TA,TA,Mn,BLQ,841,Unf,0,198,1039,Ex,Y,SBrkr,0,1039,1,0,1,1,3,TA,Typ,0,Sin_Chimenea,Attchd,Unf,2,TA,TA,Y,0,0,0,0,Sin_Cerca,4,2010,WD,Normal,131500
20,RL,81.0,9672,Sin_Acceso,Reg,Lvl,Corner,Gtl,SawyerW,Norm,1Fam,1Story,6,5,1984,1985,Hip,HdBoard,Plywood,None,0.0,TA,TA,PConc,Gd,TA,No,GLQ,338,Unf,0,702,1040,TA,Y,SBrkr,0,1097,0,0,2,0,3,TA,Typ,0,Sin_Chimenea,Attchd,Unf,2,TA,TA,Y,0,0,0,0,GdPrv,5,2010,WD,Normal,152000
20,RL,70.0,7931,Sin_Acceso,Reg,Lvl,Inside,Gtl,NAmes,Norm,1Fam,1Story,5,5,1959,1959,Hip,BrkFace,Plywood,None,0.0,TA,TA,CBlock,TA,TA,No,BLQ,1148,Unf,0,0,1148,TA,Y,SBrkr,0,1148,1,0,1,0,3,TA,Typ,0,Sin_Chimenea,Attchd,Unf,1,TA,TA,Y,0,0,0,0,GdPrv,7,2009,WD,Normal,132500
20,FV,72.0,8640,Sin_Acceso,Reg,Lvl,Inside,Gtl,Somerst,Norm,1Fam,1Story,7,5,2007,2008,Gable,VinylSd,VinylSd,None,0.0,Gd,TA,PConc,Ex,TA,No,Unf,0,Unf,0,1372,1372,Ex,Y,SBrkr,0,1372,0,0,2,0,3,Gd,Typ,0,Sin_Chimenea,Attchd,Fin,2,TA,TA,Y,0,140,0,0,Sin_Cerca,5,2008,New,Partial,250580
20,RL,73.0,8750,Sin_Acceso,IR1,Lvl,Inside,Gtl,NAmes,Norm,1Fam,1Story,5,6,1970,1970,Gable,MetalSd,MetalSd,BrkFace,76.0,TA,TA,CBlock,TA,TA,No,BLQ,828,Unf,0,174,1002,TA,Y,SBrkr,0,1002,1,0,1,0,3,TA,Typ,0,Sin_Chimenea,Detchd,Unf,2,TA,TA,Y,0,0,0,0,MnPrv,8,2009,WD,Normal,148500
20,RL,67.0,10656,Sin_Acceso,IR1,HLS,Inside,Gtl,Timber,Norm,1Fam,1Story,8,5,2006,2007,Gable,VinylSd,VinylSd,Stone,274.0,Gd,TA,PConc,Gd,TA,Av,Unf,0,Unf,0,1638,1638,Ex,Y,SBrkr,0,1646,0,0,2,0,3,Gd,Typ,1,Gd,Attchd,RFn,3,TA,TA,Y,192,80,0,0,Sin_Cerca,11,2007,New,Partial,248900
20,RL,85.0,6970,Sin_Acceso,Reg,Lvl,Corner,Gtl,Sawyer,Feedr,1Fam,1Story,4,5,1961,1961,Gable,VinylSd,VinylSd,None,0.0,TA,TA,CBlock,TA,TA,No,ALQ,932,Unf,0,108,1040,TA,Y,SBrkr,0,1120,1,0,1,1,3,Fa,Typ,0,Sin_Chimenea,Attchd,RFn,2,TA,TA,Y,168,0,0,0,Sin_Cerca,5,2007,WD,Normal,129000
60,RL,65.0,14762,Sin_Acceso,IR2,Lvl,Corner,Gtl,Gilbert,Feedr,1Fam,2Story,5,6,1948,1950,Gable,Plywood,Plywood,None,0.0,TA,TA,Slab,Sin_Sotano,Sin_Sotano,Sin_Sotano,Sin_Sotano,0,Sin_Sotano,0,0,0,Gd,Y,SBrkr,720,2320,0,0,2,0,2,TA,Typ,1,TA,Attchd,Unf,2,TA,TA,P,120,144,0,0,Sin_Cerca,5,2006,WD,Normal,169000
60,RL,80.0,9938,Sin_Acceso,Reg,Lvl,Inside,Gtl,SawyerW,Norm,1Fam,2Story,7,5,1993,1994,Gable,MetalSd,MetalSd,BrkFace,246.0,Gd,TA,PConc,Gd,TA,No,GLQ,750,Unf,0,300,1050,Ex,Y,SBrkr,887,1949,1,0,2,1,3,Gd,Typ,1,TA,Attchd,Fin,2,TA,TA,Y,156,90,0,0,GdPrv,6,2010,WD,Normal,236000
20,RL,60.0,6600,Sin_Acceso,Reg,Lvl,Inside,Gtl,NAmes,PosN,1Fam,1Story,5,5,1962,1962,Hip,MetalSd,MetalSd,None,0.0,TA,TA,CBlock,TA,TA,No,Unf,0,Unf,0,894,894,Gd,N,SBrkr,0,894,0,0,1,0,2,TA,Typ,0,Sin_Chimenea,Detchd,Unf,1,TA,TA,Y,0,0,0,0,Sin_Cerca,8,2009,WD,Normal,109500
60,RL,70.0,8750,Sin_Acceso,Reg,Lvl,Inside,Gtl,CollgCr,Norm,1Fam,2Story,6,5,1998,1998,Gable,VinylSd,VinylSd,BrkFace,116.0,TA,TA,PConc,Gd,TA,No,GLQ,505,Unf,0,299,804,Ex,Y,SBrkr,878,1682,0,0,2,1,3,Gd,Typ,0,Sin_Chimenea,Attchd,RFn,2,TA,TA,Y,0,77,0,0,Sin_Cerca,6,2010,WD,Normal,200500
20,RL,74.0,8892,Sin_Acceso,Reg,Lvl,Corner,Gtl,NAmes,Norm,1Fam,1Story,5,7,1953,1996,Gable,WdShing,Wd Shng,None,0.0,Gd,TA,Stone,TA,TA,Av,Unf,0,Unf,0,105,105,Gd,Y,SBrkr,0,910,0,0,1,0,3,Gd,Typ,0,Sin_Chimenea,Attchd,Unf,2,TA,TA,Y,196,0,150,0,GdWo,10,2008,WD,Normal,116000
40,RL,60.0,12144,Sin_Acceso,Reg,Lvl,Inside,Gtl,NAmes,Norm,1Fam,1Story,5,7,1949,1950,Gable,HdBoard,HdBoard,None,0.0,Gd,TA,CBlock,TA,TA,No,Rec,375,Unf,0,457,832,Gd,Y,SBrkr,0,1268,0,0,1,0,3,TA,Typ,1,Gd,Attchd,Unf,1,TA,TA,Y,0,28,0,0,Sin_Cerca,9,2009,WD,Normal,133000
50,RM,52.0,5720,Sin_Acceso,Reg,Lvl,Inside,Gtl,OldTown,Artery,1Fam,1.5Fin,5,6,1941,1950,Gable,Wd Sdng,Wd Sdng,None,0.0,TA,TA,CBlock,TA,TA,No,Unf,0,Unf,0,676,676,Ex,Y,SBrkr,455,1131,0,0,1,1,3,TA,Typ,0,Sin_Chimenea,Detchd,Unf,1,TA,TA,Y,26,0,0,0,Sin_Cerca,8,2009,WD,Abnorml,66500
60,FV,75.0,9000,Sin_Acceso,Reg,Lvl,Inside,Gtl,Somerst,Norm,1Fam,2Story,8,5,2007,2007,Gable,CemntBd,CmentBd,None,0.0,Gd,TA,PConc,Gd,TA,Av,GLQ,64,Unf,0,1120,1184,Ex,Y,SBrkr,1426,2610,0,0,2,1,4,Ex,Typ,1,Gd,BuiltIn,Fin,2,TA,TA,Y,208,364,0,0,Sin_Cerca,8,2007,New,Partial,303477
20,RL,94.0,25286,Sin_Acceso,Reg,HLS,Inside,Mod,Mitchel,Norm,1Fam,1Story,4,5,1963,1963,Gable,HdBoard,Plywood,None,0.0,TA,TA,PConc,TA,TA,Gd,ALQ,633,Unf,0,431,1064,Gd,Y,SBrkr,0,1040,1,0,1,0,3,TA,Typ,0,Sin_Chimenea,Attchd,Unf,2,TA,TA,Y,0,0,0,0,Sin_Cerca,1,2007,WD,Normal,132250
60,RL,74.0,8834,Sin_Acceso,Reg,Lvl,Inside,Gtl,NridgHt,Norm,1Fam,2Story,9,5,2004,2005,Hip,VinylSd,VinylSd,Stone,216.0,Gd,TA,PConc,Ex,TA,No,GLQ,1170,Unf,0,292,1462,Ex,Y,SBrkr,762,2224,1,0,2,1,4,Ex,Typ,1,Gd,Attchd,Fin,3,TA,TA,Y,184,0,0,0,Sin_Cerca,6,2009,WD,Normal,350000
85,RL,88.0,11782,Sin_Acceso,IR1,Lvl,Inside,Gtl,Sawyer,Norm,1Fam,SFoyer,5,7,1961,1995,Gable,HdBoard,HdBoard,None,0.0,TA,TA,CBlock,TA,TA,Av,ALQ,899,Unf,0,210,1109,TA,Y,SBrkr,0,1155,1,0,1,0,3,Gd,Min2,0,Sin_Chimenea,Detchd,Unf,2,TA,TA,Y,192,0,0,0,MnPrv,6,2010,WD,Normal,148000
20,RL,70.0,7000,Sin_Acceso,IR1,Lvl,CulDSac,Gtl,CollgCr,Norm,1Fam,1Story,5,8,1978,2005,Gable,VinylSd,VinylSd,BrkFace,90.0,Gd,Gd,CBlock,TA,TA,No,ALQ,646,Unf,0,218,864,Ex,Y,SBrkr,0,864,1,0,1,0,3,TA,Typ,0,Sin_Chimenea,Attchd,Unf,1,TA,TA,Y,0,0,0,0,GdWo,7,2009,WD,Normal,136500
20,RL,60.0,7024,Sin_Acceso,Reg,Lvl,Inside,Gtl,Edwards,Norm,1Fam,1Story,5,5,2005,2006,Gable,VinylSd,VinylSd,None,0.0,TA,TA,PConc,Ex,Gd,No,ALQ,980,Unf,0,110,1090,Gd,Y,SBrkr,0,1090,1,0,1,1,2,TA,Typ,0,Sin_Chimenea,Attchd,Fin,2,TA,TA,Y,0,49,0,0,Sin_Cerca,6,2007,WD,Normal,157000
50,RL,44.0,13758,Sin_Acceso,IR1,Lvl,CulDSac,Gtl,Timber,Norm,1Fam,1.5Fin,7,5,1990,1991,Gable,HdBoard,HdBoard,BrkFace,117.0,Gd,Gd,CBlock,Gd,TA,Mn,LwQ,902,Unf,0,254,1156,Ex,Y,SBrkr,530,1717,0,0,2,1,3,Gd,Typ,1,TA,Attchd,RFn,2,TA,TA,Y,168,36,0,0,Sin_Cerca,4,2007,WD,Normal,187500
60,RL,65.0,9636,Sin_Acceso,IR1,Lvl,Corner,Gtl,Gilbert,Norm,1Fam,2Story,6,5,1992,1993,Gable,VinylSd,VinylSd,None,0.0,TA,TA,PConc,Gd,TA,No,Unf,0,Unf,0,808,808,Gd,Y,SBrkr,785,1593,0,0,2,1,3,TA,Typ,1,TA,BuiltIn,RFn,2,TA,TA,Y,342,40,0,0,MnPrv,12,2009,WD,Normal,178000
75,RL,60.0,6204,Sin_Acceso,Reg,Bnk,Inside,Gtl,SWISU,Norm,1Fam,2.5Fin,4,5,1912,1950,Gable,Wd Sdng,Wd Sdng,None,0.0,Gd,TA,PConc,TA,Fa,No,Unf,0,Unf,0,795,795,TA,N,SBrkr,795,2230,1,0,1,0,5,TA,Typ,0,Sin_Chimenea,Detchd,Unf,1,TA,Gd,Y,0,188,0,0,Sin_Cerca,3,2006,WD,Normal,118500
20,RL,65.0,7150,Sin_Acceso,Reg,Lvl,Inside,Gtl,NAmes,Norm,1Fam,1Story,5,5,1967,1967,Gable,HdBoard,HdBoard,BrkFace,60.0,TA,TA,CBlock,TA,TA,No,BLQ,432,Unf,0,460,892,TA,Y,SBrkr,0,892,0,0,1,0,3,TA,Typ,0,Sin_Chimenea,Attchd,RFn,1,TA,TA,Y,0,0,0,0,GdWo,7,2009,WD,Normal,100000
120,FV,50.0,5119,Sin_Acceso,IR1,Lvl,CulDSac,Gtl,Somerst,Norm,TwnhsE,1Story,9,5,1999,2000,Gable,MetalSd,MetalSd,BrkFace,60.0,Gd,TA,PConc,Ex,TA,Av,GLQ,1238,Unf,0,460,1698,Ex,Y,SBrkr,0,1709,1,0,2,0,2,Gd,Typ,1,TA,Attchd,Fin,2,TA,TA,Y,97,65,0,0,Sin_Cerca,1,2008,CWD,Abnorml,328900
90,RL,70.0,8393,Sin_Acceso,Reg,Lvl,Corner,Gtl,NAmes,Norm,Duplex,1Story,5,5,1959,2005,Gable,MetalSd,MetalSd,BrkFace,122.0,TA,TA,CBlock,TA,TA,No,LwQ,528,Unf,0,1098,1626,Ex,Y,SBrkr,0,1712,0,0,2,0,4,TA,Typ,0,Sin_Chimenea,Attchd,Fin,2,TA,TA,Y,272,54,0,0,Sin_Cerca,6,2006,WD,Family,145000
50,RL,59.0,16466,Sin_Acceso,IR1,Lvl,Inside,Gtl,Edwards,Norm,1Fam,1.5Fin,5,7,1955,1955,Gable,MetalSd,MetalSd,None,0.0,TA,Gd,PConc,TA,TA,No,Unf,0,Unf,0,816,816,TA,Y,SBrkr,521,1393,0,0,1,1,3,TA,Typ,0,Sin_Chimenea,Attchd,Unf,1,TA,TA,Y,121,0,0,265,Sin_Cerca,4,2008,WD,Normal,135500
20,RL,95.0,15865,Sin_Acceso,IR1,Lvl,Inside,Mod,NAmes,Norm,1Fam,1Story,8,6,1970,1970,Flat,Wd Sdng,Wd Sdng,None,0.0,Gd,Gd,PConc,TA,Gd,Gd,ALQ,351,Rec,823,1043,2217,Ex,Y,SBrkr,0,2217,1,0,2,0,4,Gd,Typ,1,TA,Attchd,Unf,2,TA,TA,Y,81,207,0,224,Sin_Cerca,10,2007,WD,Normal,268000
20,RL,128.0,12160,Sin_Acceso,Reg,Lvl,Inside,Gtl,NAmes,Feedr,1Fam,1Story,6,4,1953,1953,Hip,Wd Sdng,Wd Sdng,BrkFace,90.0,TA,TA,CBlock,TA,TA,No,BLQ,1024,Unf,0,481,1505,Ex,Y,SBrkr,0,1505,1,0,1,0,2,TA,Typ,1,TA,Attchd,RFn,2,TA,TA,Y,0,0,0,0,Sin_Cerca,2,2009,WD,Normal,149500
50,RL,60.0,8064,Sin_Acceso,Reg,Lvl,Corner,Gtl,NAmes,Artery,1Fam,1.5Fin,5,7,1949,2006,Gable,MetalSd,MetalSd,None,0.0,TA,Gd,CBlock,TA,TA,Mn,Unf,0,Unf,0,672,672,Ex,Y,SBrkr,252,924,0,0,1,0,3,TA,Typ,1,Po,Detchd,Unf,2,TA,TA,Y,0,0,0,0,MnPrv,7,2007,WD,Normal,122900
60,RL,70.0,11184,Sin_Acceso,Reg,Lvl,Inside,Gtl,Sawyer,Norm,1Fam,2Story,6,5,1978,1978,Hip,HdBoard,HdBoard,BrkFace,92.0,TA,TA,CBlock,TA,TA,No,LwQ,226,Rec,500,192,918,Gd,Y,SBrkr,765,1683,0,0,2,1,3,TA,Typ,1,TA,Attchd,RFn,2,TA,TA,Y,243,0,0,0,Sin_Cerca,7,2009,WD,Normal,172500
20,RL,70.0,8414,Sin_Acceso,Reg,Lvl,Inside,Gtl,Sawyer,Norm,1Fam,1Story,6,8,1963,2003,Hip,HdBoard,HdBoard,None,0.0,TA,TA,CBlock,TA,TA,No,GLQ,663,Unf,0,396,1059,TA,Y,SBrkr,0,1068,0,1,1,0,3,TA,Typ,0,Sin_Chimenea,Attchd,RFn,1,TA,TA,Y,192,0,0,0,MnPrv,2,2006,WD,Normal,154500
20,RL,71.0,13284,Sin_Acceso,Reg,Lvl,Inside,Gtl,Sawyer,PosN,1Fam,1Story,5,5,1954,1954,Gable,Wd Sdng,Plywood,None,0.0,TA,TA,PConc,Gd,TA,Mn,BLQ,1064,Unf,0,319,1383,TA,Y,SBrkr,0,1383,1,0,1,0,3,TA,Typ,1,Gd,Attchd,Unf,1,TA,TA,Y,511,116,0,0,GdPrv,6,2008,WD,Normal,165000
90,RL,64.0,7018,Sin_Acceso,Reg,Bnk,Inside,Gtl,SawyerW,Norm,Duplex,1Story,5,5,1979,1979,Gable,Plywood,Plywood,None,0.0,TA,TA,Slab,Sin_Sotano,Sin_Sotano,Sin_Sotano,Sin_Sotano,0,Sin_Sotano,0,0,0,TA,Y,SBrkr,0,1535,0,0,2,0,4,TA,Typ,0,Sin_Chimenea,Attchd,Unf,2,TA,TA,Y,0,0,0,0,Sin_Cerca,6,2009,WD,Alloca,118858
60,RL,71.0,7056,Sin_Acceso,Reg,Lvl,Inside,Gtl,NAmes,Norm,1Fam,2Story,6,5,1963,1963,Hip,HdBoard,HdBoard,BrkFace,415.0,TA,TA,CBlock,TA,TA,No,BLQ,400,Unf,0,380,780,TA,Y,SBrkr,813,1796,1,0,1,1,4,TA,Typ,1,TA,Attchd,RFn,2,TA,TA,Y,0,50,0,0,Sin_Cerca,10,2008,WD,Normal,140000
30,RM,50.0,8765,Grvl,Reg,Lvl,Inside,Gtl,IDOTRR,Norm,1Fam,1Story,4,6,1936,1950,Gable,Wd Sdng,Wd Sdng,None,0.0,TA,TA,BrkTil,TA,TA,No,ALQ,285,Unf,0,666,951,Ex,N,SBrkr,0,951,0,0,1,0,2,TA,Typ,0,Sin_Chimenea,Detchd,Unf,1,TA,TA,Y,0,28,0,0,Sin_Cerca,4,2006,WD,Abnorml,106500
90,RL,64.0,7018,Sin_Acceso,Reg,Lvl,Inside,Gtl,SawyerW,Feedr,Duplex,2Story,5,5,1979,1979,Gable,Plywood,Plywood,None,0.0,TA,TA,Slab,Sin_Sotano,Sin_Sotano,Sin_Sotano,Sin_Sotano,0,Sin_Sotano,0,0,0,TA,Y,SBrkr,1120,2240,0,0,2,0,6,TA,Typ,0,Sin_Chimenea,Detchd,Unf,2,TA,TA,Y,154,0,0,0,Sin_Cerca,6,2009,WD,Alloca,142953
20,RL,100.0,12919,Sin_Acceso,IR1,Lvl,Inside,Gtl,NridgHt,Norm,1Fam,1Story,9,5,2009,2010,Hip,VinylSd,VinylSd,Stone,760.0,Ex,TA,PConc,Ex,TA,Gd,GLQ,2188,Unf,0,142,2330,Ex,Y,SBrkr,0,2364,1,0,2,1,2,Ex,Typ,2,Gd,Attchd,Fin,3,TA,TA,Y,0,67,0,0,Sin_Cerca,3,2010,New,Partial,611657
20,RL,65.0,6993,Sin_Acceso,Reg,Lvl,Inside,Gtl,Sawyer,Feedr,1Fam,1Story,5,7,1961,1994,Gable,HdBoard,Plywood,None,0.0,TA,TA,CBlock,TA,TA,No,BLQ,465,Unf,0,447,912,TA,Y,SBrkr,0,1236,0,0,1,0,3,TA,Typ,1,TA,Attchd,Unf,1,TA,TA,Y,0,0,0,0,Sin_Cerca,6,2006,WD,Normal,135000
20,RL,73.0,7340,Sin_Acceso,IR1,Lvl,Inside,Gtl,NAmes,Norm,1Fam,1Story,4,6,1971,1971,Gable,HdBoard,HdBoard,None,0.0,TA,TA,CBlock,TA,TA,No,ALQ,322,Unf,0,536,858,TA,Y,SBrkr,0,858,0,0,1,0,2,TA,Typ,0,Sin_Chimenea,Detchd,Unf,1,TA,TA,Y,0,0,0,0,Sin_Cerca,6,2007,WD,Normal,110000
20,RL,64.0,8712,Sin_Acceso,IR1,Lvl,Inside,Gtl,NAmes,Norm,1Fam,1Story,5,7,1957,2000,Hip,MetalSd,MetalSd,None,0.0,TA,Gd,CBlock,TA,TA,Mn,BLQ,860,Unf,0,132,992,TA,Y,SBrkr,0,1306,1,0,1,0,2,TA,Typ,0,Sin_Chimenea,Detchd,Unf,1,TA,TA,Y,0,0,0,0,Sin_Cerca,5,2009,WD,Normal,153000
60,RL,63.0,7875,Sin_Acceso,Reg,Lvl,Inside,Gtl,Gilbert,Norm,1Fam,2Story,7,5,2003,2003,Gable,VinylSd,VinylSd,None,0.0,Gd,TA,PConc,Gd,TA,No,Unf,0,Unf,0,783,783,Ex,Y,SBrkr,702,1509,0,0,2,1,3,Gd,Typ,1,Gd,Attchd,Fin,2,TA,TA,Y,0,75,0,0,Sin_Cerca,7,2006,WD,Normal,180000
20,RL,50.0,14859,Sin_Acceso,IR1,HLS,CulDSac,Gtl,Gilbert,Norm,1Fam,1Story,7,5,2006,2006,Hip,VinylSd,VinylSd,BrkFace,27.0,Gd,TA,PConc,Gd,TA,No,Unf,0,Unf,0,1670,1670,Ex,Y,SBrkr,0,1670,0,0,2,0,3,Gd,Typ,1,Gd,Attchd,RFn,3,TA,TA,Y,144,60,0,0,Sin_Cerca,8,2006,New,Partial,240000
20,RL,71.0,6173,Sin_Acceso,IR1,Lvl,Inside,Gtl,Sawyer,Norm,1Fam,1Story,5,6,1967,1967,Gable,HdBoard,Wd Sdng,BrkFace,75.0,TA,TA,CBlock,TA,TA,No,GLQ,599,Unf,0,277,876,TA,Y,SBrkr,0,902,0,0,1,0,3,TA,Typ,0,Sin_Chimenea,Attchd,Unf,1,TA,TA,Y,0,0,0,0,MnPrv,8,2007,WD,Normal,125500
20,RL,80.0,9920,Sin_Acceso,Reg,Lvl,Inside,Gtl,NAmes,Norm,1Fam,1Story,5,5,1954,1954,Gable,HdBoard,HdBoard,Stone,110.0,TA,TA,CBlock,TA,TA,No,Rec,354,LwQ,290,412,1056,TA,Y,SBrkr,0,1063,1,0,1,0,3,TA,Typ,0,Sin_Chimenea,Attchd,RFn,1,TA,TA,Y,0,0,164,0,MnPrv,2,2010,WD,Normal,128000
20,RL,116.0,13501,Sin_Acceso,IR1,Lvl,Corner,Gtl,Somerst,Norm,1Fam,1Story,8,5,2006,2006,Gable,VinylSd,VinylSd,Stone,208.0,Gd,TA,PConc,Gd,TA,No,GLQ,63,Unf,0,1560,1623,Ex,Y,SBrkr,0,1636,1,0,2,0,3,Gd,Typ,1,Gd,Attchd,RFn,3,TA,TA,Y,0,60,0,0,Sin_Cerca,6,2007,WD,Normal,255000
50,RL,86.0,11500,Sin_Acceso,IR1,Lvl,Inside,Gtl,Crawfor,Norm,1Fam,1.5Fin,7,7,1936,1987,Gable,BrkFace,BrkFace,None,0.0,Gd,TA,CBlock,Gd,TA,No,Rec,223,Unf,0,794,1017,Gd,Y,SBrkr,1037,2057,0,0,1,1,3,Gd,Typ,1,Gd,Attchd,Fin,1,Fa,TA,Y,0,0,0,322,Sin_Cerca,6,2006,WD,Normal,250000
20,RL,73.0,8885,Sin_Acceso,IR1,Low,Inside,Mod,Mitchel,Norm,1Fam,1Story,5,5,1983,1983,Gable,HdBoard,HdBoard,None,0.0,TA,TA,CBlock,Gd,TA,Av,BLQ,301,ALQ,324,239,864,TA,Y,SBrkr,0,902,1,0,1,0,2,TA,Typ,0,Sin_Chimenea,Attchd,Unf,2,TA,TA,Y,164,0,0,0,MnPrv,6,2006,WD,Normal,131000
60,RL,149.0,12589,Sin_Acceso,IR2,Lvl,Inside,Gtl,Gilbert,Norm,1Fam,2Story,6,5,2005,2005,Gable,VinylSd,VinylSd,None,0.0,Gd,TA,PConc,Gd,TA,No,Unf,0,Unf,0,742,742,Ex,Y,SBrkr,742,1484,0,0,2,1,3,Gd,Typ,1,Gd,Attchd,Fin,2,TA,TA,Y,36,24,0,0,Sin_Cerca,6,2009,WD,Normal,174000
90,RL,80.0,11600,Sin_Acceso,Reg,Lvl,Corner,Gtl,NAmes,Feedr,Duplex,2Story,5,5,1960,1960,Gable,MetalSd,MetalSd,BrkFace,361.0,TA,TA,CBlock,TA,TA,No,Rec,443,Unf,0,662,1105,TA,Y,FuseA,1169,2274,0,0,2,0,5,TA,Typ,0,Sin_Chimenea,Detchd,Unf,2,TA,TA,Y,0,0,0,0,Sin_Cerca,1,2010,WD,Normal,154300
20,RL,70.0,9286,Sin_Acceso,IR1,Lvl,CulDSac,Mod,CollgCr,Norm,1Fam,1Story,5,7,1977,1989,Gable,HdBoard,Plywood,None,0.0,TA,TA,CBlock,Gd,Gd,Av,ALQ,196,Unf,0,1072,1268,TA,Y,SBrkr,0,1268,0,0,1,1,3,Gd,Typ,0,Sin_Chimenea,Detchd,Unf,1,TA,TA,Y,173,0,0,0,Sin_Cerca,10,2009,WD,Normal,143500
30,RM,51.0,6120,Sin_Acceso,Reg,Lvl,Inside,Gtl,BrkSide,Norm,1Fam,1Story,5,7,1925,1950,Gable,MetalSd,MetalSd,None,0.0,TA,TA,BrkTil,TA,TA,No,Rec,489,Unf,0,279,768,TA,N,SBrkr,0,1015,0,0,1,0,3,TA,Min1,0,Sin_Chimenea,Detchd,Unf,1,TA,TA,Y,0,0,112,120,MnPrv,7,2006,WD,Abnorml,88000
90,RH,82.0,6270,Sin_Acceso,Reg,HLS,Inside,Gtl,Crawfor,Norm,Duplex,2Story,5,6,1949,1950,Gable,MetalSd,MetalSd,None,0.0,TA,TA,CBlock,TA,TA,No,BLQ,284,Unf,0,717,1001,TA,N,FuseA,1001,2002,0,0,2,0,4,TA,Typ,0,Sin_Chimenea,2Types,Unf,3,TA,TA,Y,0,0,0,0,Sin_Cerca,8,2007,WD,Normal,145000
160,FV,30.0,3000,Pave,Reg,Lvl,Inside,Gtl,Somerst,Norm,TwnhsE,2Story,6,5,2009,2009,Gable,VinylSd,VinylSd,Stone,76.0,Gd,TA,PConc,Gd,TA,Av,GLQ,294,Unf,0,318,612,Ex,Y,SBrkr,612,1224,0,0,2,1,2,Gd,Typ,0,Sin_Chimenea,Detchd,RFn,2,TA,TA,Y,0,234,0,0,Sin_Cerca,6,2009,New,Partial,173733
160,RM,21.0,2001,Sin_Acceso,Reg,Lvl,Inside,Gtl,MeadowV,Norm,Twnhs,2Story,4,5,1970,1970,Gable,CemntBd,CmentBd,BrkFace,80.0,TA,TA,CBlock,TA,TA,No,Unf,0,Unf,0,546,546,Fa,Y,SBrkr,546,1092,0,0,1,1,3,TA,Typ,0,Sin_Chimenea,Attchd,Unf,1,TA,TA,Y,0,0,0,0,Sin_Cerca,1,2007,WD,Normal,75000
20,C (all),50.0,9000,Sin_Acceso,Reg,Lvl,Inside,Gtl,IDOTRR,Norm,1Fam,1Story,2,3,1949,1950,Gable,AsbShng,AsbShng,None,0.0,TA,TA,CBlock,TA,TA,Av,BLQ,50,Unf,0,430,480,TA,N,FuseA,0,480,1,0,0,0,1,TA,Typ,0,Sin_Chimenea,Detchd,Unf,1,TA,TA,Y,0,0,0,0,Sin_Cerca,10,2006,WD,Abnorml,35311
20,RL,65.5,17140,Sin_Acceso,Reg,Lvl,Inside,Gtl,Edwards,Norm,1Fam,1Story,4,6,1956,1956,Gable,VinylSd,VinylSd,None,0.0,TA,TA,CBlock,TA,TA,No,ALQ,1059,Unf,0,75,1134,Ex,Y,FuseA,0,1229,0,0,1,0,3,TA,Typ,0,Sin_Chimenea,Attchd,RFn,1,TA,TA,Y,0,0,0,0,Sin_Cerca,4,2009,WD,Normal,135000
60,RL,103.0,13125,Sin_Acceso,IR1,Lvl,Corner,Gtl,SawyerW,Norm,1Fam,2Story,7,5,1991,1991,Gable,HdBoard,HdBoard,None,0.0,Gd,TA,PConc,Ex,TA,Mn,BLQ,48,GLQ,634,422,1104,Ex,Y,SBrkr,1215,2127,1,0,2,1,4,Gd,Typ,1,TA,Attchd,RFn,3,TA,TA,Y,72,192,224,0,GdPrv,11,2007,WD,Normal,238000
20,RL,87.0,11029,Sin_Acceso,IR1,Lvl,Corner,Gtl,NAmes,Norm,1Fam,1Story,6,8,1958,2002,Hip,MetalSd,MetalSd,None,0.0,Ex,TA,CBlock,Gd,TA,No,ALQ,528,BLQ,411,245,1184,Ex,Y,SBrkr,0,1414,1,0,1,0,3,TA,Min1,1,TA,Attchd,Unf,2,TA,TA,Y,0,51,0,190,Sin_Cerca,5,2008,WD,Normal,176500
60,RL,70.0,8462,Sin_Acceso,IR1,Lvl,Inside,Gtl,SawyerW,Norm,1Fam,2Story,6,5,1994,1994,Gable,HdBoard,HdBoard,BrkFace,105.0,Gd,Gd,PConc,Gd,Gd,No,GLQ,814,Unf,0,114,928,Ex,Y,SBrkr,785,1721,0,1,2,1,3,Gd,Typ,0,Sin_Chimenea,Attchd,RFn,2,TA,TA,Y,300,87,0,0,Sin_Cerca,7,2007,WD,Normal,201000
90,RL,67.0,8777,Sin_Acceso,Reg,Lvl,Inside,Gtl,Edwards,Feedr,Duplex,1.5Fin,5,7,1900,2003,Gable,MetalSd,MetalSd,None,0.0,TA,TA,CBlock,TA,TA,No,ALQ,1084,Unf,0,188,1272,Gd,Y,SBrkr,928,2200,2,0,2,2,4,TA,Typ,0,Sin_Chimenea,Sin_Garaje,Sin_Garaje,0,Sin_Garaje,Sin_Garaje,N,0,70,0,0,GdPrv,9,2008,WD,Normal,145900
20,RL,65.0,10237,Sin_Acceso,Reg,Lvl,Inside,Gtl,Gilbert,RRAn,1Fam,1Story,6,5,2005,2006,Gable,VinylSd,VinylSd,None,0.0,Gd,TA,PConc,Gd,TA,No,GLQ,28,Unf,0,1288,1316,Ex,Y,SBrkr,0,1316,0,0,2,0,3,Gd,Typ,1,Gd,Attchd,Fin,2,TA,TA,Y,100,0,0,0,Sin_Cerca,10,2006,New,Partial,169990
120,RL,50.0,8012,Sin_Acceso,Reg,Lvl,Inside,Gtl,SawyerW,Norm,TwnhsE,1Story,6,5,1993,1994,Gable,Plywood,Plywood,None,0.0,Gd,TA,PConc,Gd,TA,No,LwQ,165,GLQ,841,598,1604,Ex,Y,SBrkr,0,1617,1,0,2,0,2,Gd,Typ,1,Fa,Attchd,RFn,2,TA,TA,Y,0,69,0,0,Sin_Cerca,7,2008,WD,Normal,193000
20,RL,79.0,10240,Sin_Acceso,Reg,Lvl,Inside,Gtl,NWAmes,Norm,1Fam,1Story,6,6,1980,1980,Gable,Plywood,Plywood,BrkFace,157.0,TA,Gd,CBlock,Gd,TA,No,BLQ,625,LwQ,1061,0,1686,TA,Y,SBrkr,0,1686,1,0,2,0,3,TA,Typ,1,TA,Attchd,Unf,2,TA,TA,Y,384,131,0,0,Sin_Cerca,5,2006,WD,Normal,207500
20,RL,80.0,15611,Sin_Acceso,IR1,Lvl,Corner,Gtl,NWAmes,Norm,1Fam,1Story,5,6,1977,1977,Gable,VinylSd,VinylSd,None,0.0,TA,TA,PConc,Gd,TA,Av,ALQ,767,LwQ,93,266,1126,TA,Y,SBrkr,0,1126,0,1,2,0,3,Ex,Typ,0,Sin_Chimenea,Attchd,RFn,2,TA,TA,Y,180,0,0,0,Sin_Cerca,3,2008,WD,Abnorml,175000
60,RL,93.0,11999,Sin_Acceso,Reg,Lvl,Inside,Gtl,NridgHt,Norm,1Fam,2Story,8,5,2003,2004,Hip,VinylSd,VinylSd,BrkFace,340.0,Gd,TA,PConc,Gd,TA,No,Unf,0,Unf,0,1181,1181,Ex,Y,SBrkr,1140,2374,0,0,2,1,4,Ex,Typ,1,Gd,BuiltIn,Fin,3,TA,TA,Y,104,100,0,0,Sin_Cerca,5,2007,WD,Normal,285000
60,RL,80.0,9900,Sin_Acceso,Reg,Lvl,Inside,Gtl,NWAmes,Feedr,1Fam,2Story,7,5,1968,1968,Gable,MetalSd,MetalSd,BrkFace,342.0,TA,TA,CBlock,TA,TA,No,BLQ,552,Unf,0,280,832,Gd,Y,SBrkr,880,1978,0,0,2,1,4,TA,Typ,1,Gd,Attchd,RFn,2,TA,TA,Y,0,43,0,0,GdPrv,4,2008,WD,Normal,176000
20,RL,70.0,11838,Sin_Acceso,Reg,Lvl,Inside,Gtl,CollgCr,Norm,1Fam,1Story,8,5,2001,2001,Hip,VinylSd,VinylSd,None,0.0,Gd,TA,PConc,Gd,TA,Av,Unf,0,Unf,0,1753,1753,Ex,Y,SBrkr,0,1788,0,0,2,0,3,Ex,Typ,1,TA,Attchd,RFn,2,TA,TA,Y,202,151,0,0,Sin_Cerca,6,2009,WD,Normal,236500
60,RL,65.0,13006,Sin_Acceso,IR1,Lvl,Corner,Gtl,Gilbert,Norm,1Fam,2Story,7,5,1997,1997,Gable,HdBoard,HdBoard,BrkFace,285.0,TA,TA,PConc,Gd,TA,No,Unf,0,Unf,0,964,964,Gd,Y,SBrkr,1243,2236,0,0,2,1,4,Gd,Typ,1,TA,BuiltIn,Fin,2,TA,TA,Y,0,0,0,0,Sin_Cerca,11,2006,WD,Normal,222000
20,RL,73.0,8925,Sin_Acceso,IR1,HLS,Inside,Gtl,Timber,Norm,1Fam,1Story,8,5,2007,2007,Gable,VinylSd,VinylSd,None,0.0,Gd,TA,PConc,Gd,TA,Av,GLQ,16,Unf,0,1450,1466,Ex,Y,SBrkr,0,1466,0,0,2,0,3,Gd,Typ,0,Sin_Chimenea,Attchd,Fin,3,TA,TA,Y,100,18,0,0,Sin_Cerca,7,2009,WD,Normal,201000
20,RL,70.0,9100,Sin_Acceso,Reg,Lvl,Inside,Gtl,NAmes,Norm,1Fam,1Story,5,6,1965,1965,Gable,VinylSd,VinylSd,None,0.0,TA,TA,CBlock,TA,TA,No,BLQ,338,Rec,466,121,925,Ex,Y,SBrkr,0,925,0,1,1,0,2,TA,Typ,0,Sin_Chimenea,Detchd,Unf,1,TA,TA,Y,0,0,0,0,GdWo,7,2009,WD,Normal,117500
20,RL,84.0,11670,Sin_Acceso,IR1,Lvl,Corner,Gtl,Somerst,RRNn,1Fam,1Story,9,5,2006,2006,Hip,VinylSd,ImStucc,Stone,302.0,Ex,TA,PConc,Ex,Gd,No,Unf,0,Unf,0,1905,1905,Ex,Y,SBrkr,0,1905,0,0,2,0,3,Ex,Typ,1,Gd,Attchd,Fin,3,TA,TA,Y,0,191,0,0,Sin_Cerca,3,2007,WD,Normal,320000
20,RL,63.0,8487,Sin_Acceso,Reg,Lvl,FR2,Gtl,CollgCr,Norm,1Fam,1Story,7,5,2004,2004,Gable,VinylSd,VinylSd,BrkFace,210.0,Gd,TA,PConc,Gd,TA,Av,GLQ,20,Unf,0,1480,1500,Ex,Y,SBrkr,0,1500,0,0,2,0,3,Gd,Typ,0,Sin_Chimenea,Attchd,RFn,2,TA,TA,Y,192,36,0,0,Sin_Cerca,8,2009,WD,Normal,190000
20,RL,313.0,27650,Sin_Acceso,IR2,HLS,Inside,Mod,NAmes,PosA,1Fam,1Story,7,7,1960,2007,Flat,Wd Sdng,Wd Sdng,None,0.0,TA,TA,CBlock,Gd,TA,Gd,GLQ,425,Unf,0,160,585,Ex,Y,SBrkr,0,2069,1,0,2,0,4,Gd,Typ,1,Gd,Attchd,RFn,2,TA,TA,Y,0,0,0,0,Sin_Cerca,11,2008,WD,Normal,242000
30,RL,52.0,5825,Sin_Acceso,IR1,Lvl,Inside,Gtl,BrkSide,Norm,1Fam,1Story,4,5,1926,1953,Gable,MetalSd,MetalSd,BrkFace,108.0,TA,Gd,PConc,Fa,TA,Mn,Unf,0,Unf,0,600,600,Gd,Y,SBrkr,0,747,0,0,1,0,1,TA,Typ,0,Sin_Chimenea,Detchd,Unf,2,TA,TA,Y,0,0,32,0,Sin_Cerca,6,2006,WD,Normal,79900
20,RL,67.0,10083,Sin_Acceso,Reg,Lvl,Inside,Gtl,SawyerW,Norm,1Fam,1Story,7,5,2003,2003,Gable,VinylSd,VinylSd,None,0.0,Gd,TA,PConc,Gd,TA,No,GLQ,833,Unf,0,343,1176,Ex,Y,SBrkr,0,1200,1,0,2,0,2,Gd,Typ,0,Sin_Chimenea,Attchd,RFn,2,TA,TA,Y,0,41,0,0,Sin_Cerca,8,2009,WD,Normal,184900
60,RL,75.0,9675,Sin_Acceso,Reg,Lvl,Inside,Gtl,Somerst,Norm,1Fam,2Story,7,5,2005,2005,Gable,VinylSd,VinylSd,None,0.0,Gd,TA,PConc,Gd,TA,Mn,GLQ,341,Unf,0,772,1113,Ex,Y,SBrkr,858,1971,0,0,2,1,3,Gd,Typ,1,Gd,Attchd,RFn,2,TA,TA,Y,0,48,0,0,Sin_Cerca,2,2009,WD,Normal,253000
60,RL,73.0,8760,Sin_Acceso,Reg,Lvl,Inside,Gtl,CollgCr,Norm,1Fam,2Story,7,5,2006,2006,Gable,VinylSd,VinylSd,None,0.0,Gd,TA,PConc,Gd,Gd,Mn,GLQ,464,Unf,0,927,1391,Ex,Y,SBrkr,571,1962,0,0,2,1,3,Gd,Typ,0,Sin_Chimenea,Attchd,RFn,3,TA,TA,Y,0,90,0,0,Sin_Cerca,8,2006,New,Partial,239799
70,RL,80.0,24090,Sin_Acceso,Reg,Lvl,Inside,Gtl,ClearCr,Norm,1Fam,2Story,7,7,1940,1950,Gable,MetalSd,MetalSd,None,0.0,TA,Gd,CBlock,TA,TA,Mn,Unf,0,Unf,0,1032,1032,Ex,Y,SBrkr,1196,2403,0,0,2,0,4,TA,Typ,2,TA,Attchd,Unf,1,TA,TA,Y,56,0,318,0,Sin_Cerca,6,2010,COD,Normal,244400
90,RL,55.0,12640,Sin_Acceso,IR1,Lvl,Inside,Gtl,Mitchel,Norm,Duplex,1Story,6,5,1976,1976,Gable,Plywood,Plywood,None,0.0,TA,TA,CBlock,TA,TA,Gd,Rec,936,LwQ,396,396,1728,TA,Y,SBrkr,0,1728,0,0,2,0,4,TA,Typ,0,Sin_Chimenea,Attchd,Unf,2,TA,TA,Y,40,0,0,0,Sin_Cerca,7,2006,WD,Normal,150900
60,RL,65.0,8755,Sin_Acceso,IR1,Lvl,FR2,Gtl,Gilbert,RRNn,1Fam,2Story,7,5,1999,1999,Gable,VinylSd,VinylSd,BrkFace,298.0,Gd,TA,PConc,Gd,TA,No,ALQ,772,Unf,0,220,992,Ex,Y,SBrkr,1038,2060,1,0,2,1,3,Gd,Typ,1,TA,BuiltIn,RFn,2,TA,TA,Y,0,0,0,0,GdPrv,6,2009,WD,Normal,214000
90,RL,42.0,7711,Sin_Acceso,IR1,Lvl,Inside,Gtl,Edwards,Norm,Duplex,1Story,4,3,1977,1977,Gable,MetalSd,MetalSd,None,0.0,TA,TA,PConc,Gd,TA,Gd,GLQ,1440,Unf,0,0,1440,TA,Y,SBrkr,0,1440,2,0,2,0,4,TA,Typ,0,Sin_Chimenea,Sin_Garaje,Sin_Garaje,0,Sin_Garaje,Sin_Garaje,N,321,0,0,0,Sin_Cerca,8,2007,Oth,Abnorml,150000
90,RL,100.0,25000,Sin_Acceso,Reg,Low,Inside,Gtl,Mitchel,Norm,Duplex,1Story,5,4,1967,1967,Gable,HdBoard,Plywood,None,0.0,TA,TA,CBlock,TA,TA,Av,Unf,0,Unf,0,1632,1632,TA,Y,SBrkr,0,1632,0,0,2,0,4,TA,Typ,0,Sin_Chimenea,Attchd,Unf,2,TA,TA,P,0,0,0,0,Sin_Cerca,6,2007,WD,Normal,143000
20,RL,85.0,14375,Sin_Acceso,IR1,Lvl,CulDSac,Gtl,Timber,Norm,1Fam,SLvl,6,6,1958,1958,Gable,HdBoard,HdBoard,BrkFace,541.0,TA,TA,CBlock,TA,TA,No,GLQ,111,Rec,354,354,819,Gd,Y,FuseA,0,1344,0,1,1,0,3,Gd,Typ,1,Gd,Basment,RFn,2,TA,TA,Y,0,118,0,233,Sin_Cerca,1,2009,COD,Abnorml,137500
50,RM,98.0,8820,Sin_Acceso,Reg,Lvl,Corner,Gtl,OldTown,Norm,1Fam,1.5Fin,5,6,1890,1996,Hip,VinylSd,VinylSd,None,0.0,TA,TA,BrkTil,TA,TA,No,LwQ,1088,Unf,0,0,1088,TA,Y,SBrkr,561,1869,0,0,1,0,2,TA,Typ,0,Sin_Chimenea,Detchd,Unf,2,TA,TA,Y,48,0,244,0,MnWw,9,2009,WD,Normal,124900
80,RL,70.0,8163,Sin_Acceso,Reg,Lvl,Inside,Gtl,NAmes,Norm,1Fam,SLvl,5,6,1959,1959,Gable,HdBoard,HdBoard,BrkFace,128.0,TA,Gd,CBlock,TA,TA,Av,ALQ,748,BLQ,294,102,1144,TA,Y,SBrkr,0,1144,1,0,1,0,3,TA,Typ,1,TA,Attchd,RFn,1,TA,TA,Y,86,0,0,0,Sin_Cerca,3,2006,WD,Normal,143000
20,RL,85.0,14536,Sin_Acceso,Reg,Lvl,Inside,Gtl,Timber,Norm,1Fam,1Story,8,5,2002,2003,Hip,VinylSd,VinylSd,BrkFace,236.0,Gd,TA,PConc,Gd,TA,Av,GLQ,1300,Unf,0,316,1616,Ex,Y,SBrkr,0,1629,1,0,2,0,3,Gd,Typ,1,Gd,Attchd,Fin,3,TA,TA,Y,0,252,0,0,Sin_Cerca,11,2007,WD,Normal,270000
60,RL,65.0,14006,Sin_Acceso,IR1,Lvl,Inside,Gtl,CollgCr,Norm,1Fam,2Story,7,5,2002,2002,Gable,VinylSd,VinylSd,BrkFace,144.0,Gd,TA,PConc,Gd,TA,No,Unf,0,Unf,0,936,936,Ex,Y,SBrkr,840,1776,0,0,2,1,3,Gd,Typ,1,TA,Attchd,RFn,2,TA,TA,Y,144,96,0,0,Sin_Cerca,2,2006,WD,Normal,192500
20,RL,78.0,9360,Sin_Acceso,Reg,Lvl,Inside,Gtl,NWAmes,Norm,1Fam,1Story,6,7,1972,2006,Hip,Plywood,Plywood,None,0.0,TA,TA,CBlock,TA,TA,No,ALQ,982,Unf,0,179,1161,TA,Y,SBrkr,0,1381,1,0,1,1,3,Gd,Typ,1,TA,Attchd,RFn,2,TA,TA,Y,0,0,0,0,Sin_Cerca,3,2010,WD,Normal,197500
20,RL,60.0,7200,Sin_Acceso,Reg,Lvl,Inside,Gtl,NAmes,Norm,1Fam,1Story,5,8,1950,2002,Gable,VinylSd,VinylSd,None,0.0,TA,TA,CBlock,TA,TA,No,ALQ,398,BLQ,149,317,864,Gd,Y,SBrkr,0,864,1,0,1,0,3,Gd,Typ,0,Sin_Chimenea,Detchd,RFn,2,TA,TA,Y,194,0,0,0,Sin_Cerca,7,2007,WD,Normal,129000
20,RH,60.0,7800,Sin_Acceso,Reg,Lvl,Corner,Gtl,SawyerW,Norm,1Fam,1Story,5,5,1965,1965,Gable,VinylSd,VinylSd,None,0.0,TA,TA,CBlock,TA,TA,No,BLQ,641,Unf,0,187,828,Gd,Y,SBrkr,0,965,1,0,1,0,3,TA,Typ,0,Sin_Chimenea,Detchd,Unf,1,TA,TA,Y,421,0,0,0,MnPrv,7,2006,WD,Abnorml,119900
85,RL,60.0,7200,Sin_Acceso,Reg,Lvl,Inside,Gtl,CollgCr,Norm,1Fam,SFoyer,5,8,1972,2003,Gable,WdShing,HdBoard,None,0.0,TA,Gd,CBlock,Gd,TA,Av,GLQ,660,Unf,0,108,768,Gd,Y,SBrkr,0,768,0,1,1,0,2,TA,Typ,0,Sin_Chimenea,Detchd,Fin,1,TA,TA,Y,192,0,0,0,MnPrv,4,2009,WD,Normal,133900
60,RL,73.0,11075,Sin_Acceso,IR1,Lvl,Inside,Mod,Mitchel,Norm,1Fam,2Story,5,4,1969,1969,Gable,HdBoard,HdBoard,BrkFace,232.0,TA,TA,CBlock,TA,TA,Av,ALQ,562,LwQ,193,29,784,Ex,Y,SBrkr,800,1968,0,1,2,1,4,TA,Min2,1,Po,Attchd,RFn,2,TA,TA,Y,305,189,0,0,MnPrv,9,2008,WD,Normal,172000
90,RL,35.0,9400,Sin_Acceso,IR1,Lvl,CulDSac,Gtl,Edwards,Norm,Duplex,SFoyer,6,5,1975,1975,Flat,WdShing,Plywood,BrkFace,250.0,TA,TA,CBlock,Gd,Gd,Gd,GLQ,945,Unf,0,0,945,TA,Y,SBrkr,0,980,0,2,2,0,4,TA,Typ,0,Sin_Chimenea,Sin_Garaje,Sin_Garaje,0,Sin_Garaje,Sin_Garaje,Y,0,0,0,0,Sin_Cerca,10,2006,WD,AdjLand,127500
90,RH,82.0,7136,Sin_Acceso,IR1,HLS,Inside,Gtl,Crawfor,Norm,Duplex,2Story,6,6,1946,1950,Gable,MetalSd,MetalSd,BrkFace,423.0,TA,TA,CBlock,Gd,TA,No,Rec,484,Unf,0,495,979,TA,N,FuseF,979,1958,0,0,2,0,4,TA,Typ,0,Sin_Chimenea,Attchd,Unf,2,TA,TA,Y,0,0,0,0,Sin_Cerca,8,2007,WD,Normal,145000
160,RM,24.0,1300,Sin_Acceso,Reg,Lvl,Inside,Gtl,Blueste,Norm,TwnhsE,2Story,6,6,1980,1980,Gable,MetalSd,MetalSd,None,0.0,TA,TA,CBlock,Gd,TA,No,ALQ,285,Unf,0,276,561,TA,Y,SBrkr,668,1229,0,0,1,1,2,TA,Typ,1,TA,Attchd,Fin,2,TA,TA,Y,150,0,0,0,GdPrv,5,2009,WD,Normal,124000
20,RL,70.0,7420,Sin_Acceso,Reg,Lvl,Inside,Gtl,Sawyer,Norm,1Fam,1Story,5,5,1962,1962,Hip,MetalSd,MetalSd,None,0.0,TA,TA,CBlock,TA,TA,No,Rec,417,Unf,0,640,1057,TA,Y,SBrkr,0,1057,0,0,1,0,3,TA,Typ,0,Sin_Chimenea,Detchd,Fin,2,TA,TA,Y,0,0,0,0,Sin_Cerca,4,2007,WD,Normal,132000
20,RL,65.0,8450,Sin_Acceso,Reg,Lvl,Inside,Gtl,CollgCr,Norm,1Fam,1Story,7,5,2003,2003,Gable,VinylSd,VinylSd,None,0.0,Gd,TA,PConc,Gd,TA,Mn,GLQ,699,Unf,0,638,1337,Ex,Y,SBrkr,0,1337,1,0,2,0,3,Gd,Typ,0,Sin_Chimenea,Attchd,RFn,2,TA,TA,Y,0,39,0,0,Sin_Cerca,10,2007,WD,Normal,185000
160,FV,24.0,2572,Sin_Acceso,Reg,Lvl,FR2,Gtl,Somerst,Norm,Twnhs,2Story,7,5,1999,1999,Hip,MetalSd,MetalSd,None,0.0,Gd,TA,PConc,Gd,TA,No,ALQ,604,Unf,0,92,696,Ex,Y,SBrkr,720,1416,1,0,2,1,3,Gd,Typ,0,Sin_Chimenea,Detchd,Unf,2,TA,TA,Y,0,44,0,0,Sin_Cerca,5,2010,WD,Normal,155000
20,RL,50.0,7207,Sin_Acceso,IR1,Lvl,Inside,Gtl,BrkSide,Norm,1Fam,1Story,5,7,1958,2008,Gable,Wd Sdng,Plywood,None,0.0,TA,Gd,CBlock,TA,TA,Gd,BLQ,696,Unf,0,162,858,Gd,Y,SBrkr,0,858,1,0,1,0,2,TA,Typ,0,Sin_Chimenea,Sin_Garaje,Sin_Garaje,0,Sin_Garaje,Sin_Garaje,Y,117,0,0,0,Sin_Cerca,2,2010,WD,Normal,116500
60,RL,80.0,12227,Sin_Acceso,IR1,Lvl,Corner,Gtl,NWAmes,PosN,1Fam,2Story,6,7,1977,1995,Gable,HdBoard,HdBoard,BrkFace,424.0,TA,Gd,CBlock,Gd,Gd,No,ALQ,896,Unf,0,434,1330,TA,Y,SBrkr,1330,2872,1,0,2,1,4,TA,Typ,1,TA,Attchd,Fin,2,TA,TA,Y,550,282,0,0,Sin_Cerca,7,2008,WD,Normal,272000
160,RL,24.0,2308,Sin_Acceso,Reg,Lvl,Corner,Gtl,NPkVill,Norm,TwnhsE,2Story,6,6,1976,1976,Gable,Plywood,Brk Cmn,None,0.0,TA,TA,CBlock,Gd,TA,No,ALQ,556,Unf,0,248,804,TA,Y,SBrkr,744,1548,1,0,2,1,3,Gd,Typ,1,TA,Detchd,Unf,2,TA,TA,Y,48,0,0,0,Sin_Cerca,7,2007,WD,Normal,155000
20,RL,122.0,11923,Sin_Acceso,IR1,Lvl,Corner,Gtl,CollgCr,Norm,1Fam,1Story,9,5,2007,2007,Gable,VinylSd,VinylSd,None,0.0,Gd,TA,PConc,Ex,TA,No,Unf,0,Unf,0,1800,1800,Ex,Y,SBrkr,0,1800,0,0,2,0,2,Ex,Typ,0,Sin_Chimenea,Attchd,Fin,2,TA,TA,Y,288,136,0,0,Sin_Cerca,5,2009,WD,Normal,239000
60,RL,80.0,11316,Sin_Acceso,Reg,Lvl,Corner,Gtl,Timber,Norm,1Fam,2Story,7,5,2002,2003,Gable,VinylSd,VinylSd,BrkFace,44.0,Gd,TA,PConc,Gd,TA,No,GLQ,624,Unf,0,193,817,Ex,Y,SBrkr,1070,1894,1,0,2,1,4,Gd,Typ,1,Gd,BuiltIn,Fin,2,TA,TA,Y,0,40,0,0,Sin_Cerca,2,2010,WD,Normal,214900
60,RL,65.0,10237,Sin_Acceso,Reg,Lvl,Inside,Gtl,Gilbert,RRAn,1Fam,2Story,6,5,2005,2007,Gable,VinylSd,VinylSd,None,0.0,Gd,TA,PConc,Gd,TA,No,Unf,0,Unf,0,783,783,Ex,Y,SBrkr,701,1484,0,0,2,1,3,Gd,Typ,1,Gd,Attchd,Fin,2,TA,TA,Y,0,72,0,0,Sin_Cerca,7,2007,New,Partial,178900
50,RL,130.0,9600,Sin_Acceso,IR1,HLS,Inside,Gtl,Crawfor,Norm,1Fam,1.5Fin,5,7,1940,1950,Gable,MetalSd,MetalSd,None,0.0,Gd,Gd,BrkTil,TA,Fa,No,Rec,428,Unf,0,300,728,Ex,Y,SBrkr,332,1308,1,0,1,1,2,TA,Min2,2,TA,Detchd,Unf,1,TA,TA,Y,0,70,0,0,Sin_Cerca,6,2009,WD,Normal,160000
20,RL,73.0,7390,Sin_Acceso,IR1,Lvl,Inside,Gtl,NAmes,Norm,1Fam,1Story,5,7,1955,1955,Hip,Wd Sdng,Wd Sdng,BrkFace,151.0,TA,TA,CBlock,TA,TA,No,ALQ,902,Unf,0,196,1098,TA,Y,SBrkr,0,1098,1,0,1,0,3,TA,Typ,0,Sin_Chimenea,Attchd,Unf,1,TA,TA,Y,0,0,0,0,Sin_Cerca,7,2008,WD,Normal,135000
50,RM,50.0,5925,Sin_Acceso,Reg,Lvl,Inside,Gtl,OldTown,Norm,1Fam,1.5Fin,3,6,1910,1950,Gable,VinylSd,VinylSd,None,0.0,TA,TA,BrkTil,TA,TA,No,Unf,0,Unf,0,600,600,Fa,N,SBrkr,368,968,0,0,1,0,2,TA,Typ,0,Sin_Chimenea,Sin_Garaje,Sin_Garaje,0,Sin_Garaje,Sin_Garaje,Y,0,0,0,0,GdWo,5,2009,WD,Abnorml,37900
190,RL,75.0,10382,Sin_Acceso,Reg,Lvl,Inside,Gtl,NAmes,Norm,2fmCon,SLvl,6,5,1958,1958,Hip,HdBoard,HdBoard,BrkFace,105.0,TA,Fa,CBlock,TA,TA,Gd,ALQ,513,Unf,0,75,588,TA,Y,SBrkr,0,1095,1,0,1,0,2,TA,Typ,0,Sin_Chimenea,Attchd,RFn,1,TA,TA,Y,0,0,0,0,Sin_Cerca,3,2006,ConLD,Normal,140000
50,RL,60.0,10800,Sin_Acceso,Reg,Lvl,Inside,Gtl,NAmes,Norm,1Fam,1.5Fin,4,4,1949,1950,Gable,AsbShng,AsbShng,None,0.0,TA,TA,CBlock,TA,TA,No,Unf,0,Unf,0,720,720,TA,N,FuseA,472,1192,0,0,1,1,4,TA,Typ,0,Sin_Chimenea,Sin_Garaje,Sin_Garaje,0,Sin_Garaje,Sin_Garaje,Y,0,0,0,0,Sin_Cerca,12,2006,WD,Abnorml,135000
160,RL,36.0,2268,Sin_Acceso,Reg,Lvl,Inside,Gtl,NridgHt,Norm,Twnhs,2Story,7,5,2003,2004,Gable,VinylSd,Wd Shng,Stone,106.0,Gd,TA,PConc,Gd,TA,No,GLQ,567,Unf,0,197,764,Ex,Y,SBrkr,862,1626,0,0,2,0,2,Gd,Typ,0,Sin_Chimenea,BuiltIn,RFn,2,TA,TA,Y,0,27,0,0,Sin_Cerca,7,2009,WD,Normal,173000
120,RL,55.0,7892,Sin_Acceso,Reg,Lvl,Inside,Gtl,SawyerW,Norm,TwnhsE,1Story,6,5,1979,1979,Gable,Plywood,Plywood,None,0.0,TA,TA,CBlock,Gd,TA,No,Unf,0,Unf,0,918,918,TA,Y,SBrkr,0,918,0,0,2,0,2,TA,Typ,1,TA,Attchd,Unf,1,TA,TA,Y,28,0,0,0,Sin_Cerca,4,2010,WD,Normal,99500
20,FV,95.0,11639,Sin_Acceso,Reg,Lvl,Corner,Gtl,Somerst,Norm,1Fam,1Story,7,5,2007,2008,Gable,CemntBd,CmentBd,None,0.0,Gd,TA,PConc,Gd,TA,No,Unf,0,Unf,0,1428,1428,Ex,Y,SBrkr,0,1428,0,0,2,0,3,Gd,Typ,0,Sin_Chimenea,Attchd,Fin,2,TA,TA,Y,0,120,0,0,Sin_Cerca,12,2008,New,Partial,182000
70,RL,60.0,11414,Sin_Acceso,IR1,Lvl,Corner,Gtl,BrkSide,RRAn,1Fam,2Story,7,8,1910,1993,Gable,HdBoard,HdBoard,None,0.0,TA,Gd,BrkTil,Gd,TA,No,Unf,0,Unf,0,728,728,TA,N,SBrkr,883,2019,0,0,1,0,3,Gd,Typ,0,Sin_Chimenea,Detchd,Unf,2,TA,TA,Y,509,135,0,0,GdPrv,10,2009,WD,Normal,167500
160,FV,73.5,2651,Sin_Acceso,Reg,Lvl,FR2,Gtl,Somerst,Norm,Twnhs,2Story,7,5,2000,2000,Gable,MetalSd,MetalSd,None,0.0,Gd,TA,PConc,Gd,TA,No,GLQ,641,Unf,0,32,673,Ex,Y,SBrkr,709,1382,1,0,2,1,3,Gd,Typ,0,Sin_Chimenea,Detchd,Unf,2,TA,TA,Y,153,50,0,0,Sin_Cerca,4,2006,WD,Normal,165000
30,RL,51.0,5900,Sin_Acceso,IR1,Bnk,Inside,Gtl,BrkSide,Norm,1Fam,1Story,4,7,1923,1958,Gable,Wd Sdng,Wd Sdng,None,0.0,TA,TA,PConc,Gd,TA,No,Unf,0,Unf,0,440,440,TA,Y,FuseA,0,869,0,0,1,0,2,Fa,Typ,0,Sin_Chimenea,Sin_Garaje,Sin_Garaje,0,Sin_Garaje,Sin_Garaje,Y,0,0,0,0,Sin_Cerca,8,2006,WD,Normal,85500
120,FV,35.0,4274,Pave,IR1,Lvl,Inside,Gtl,Somerst,Norm,TwnhsE,1Story,7,5,2006,2007,Gable,VinylSd,VinylSd,None,0.0,Gd,TA,PConc,Gd,TA,No,GLQ,1106,Unf,0,135,1241,Ex,Y,SBrkr,0,1241,1,0,1,1,1,Gd,Typ,0,Sin_Chimenea,Attchd,Fin,2,TA,TA,Y,0,116,0,0,Sin_Cerca,11,2007,New,Partial,199900
20,RL,68.0,9450,Sin_Acceso,Reg,Bnk,Inside,Mod,Edwards,Norm,1Fam,1Story,4,5,1954,1954,Gable,MetalSd,MetalSd,None,0.0,TA,TA,CBlock,TA,TA,No,LwQ,552,Unf,0,342,894,Ex,Y,SBrkr,0,894,0,0,1,0,3,TA,Typ,0,Sin_Chimenea,Detchd,Unf,2,TA,TA,Y,0,0,0,0,Sin_Cerca,5,2007,WD,Abnorml,110000
20,RL,80.0,8816,Sin_Acceso,Reg,Lvl,Corner,Gtl,Sawyer,Feedr,1Fam,1Story,5,6,1963,1963,Gable,VinylSd,VinylSd,None,0.0,TA,TA,PConc,TA,TA,No,Rec,651,Unf,0,470,1121,TA,Y,SBrkr,0,1121,1,0,1,0,3,TA,Typ,0,Sin_Chimenea,Detchd,Unf,2,TA,TA,Y,0,80,0,0,MnPrv,6,2009,WD,Normal,139000
85,RL,73.0,12122,Sin_Acceso,IR1,Lvl,Corner,Gtl,NAmes,Norm,1Fam,SFoyer,7,9,1961,2007,Gable,CemntBd,CmentBd,Stone,210.0,Ex,TA,CBlock,TA,TA,Av,ALQ,867,Unf,0,77,944,Gd,Y,SBrkr,0,999,1,0,1,0,3,Ex,Typ,0,Sin_Chimenea,Attchd,RFn,2,TA,TA,Y,144,76,0,0,Sin_Cerca,7,2008,WD,Normal,178400
60,RL,98.0,12203,Sin_Acceso,IR1,Lvl,Corner,Gtl,NoRidge,Norm,1Fam,2Story,8,5,1998,1999,Hip,VinylSd,VinylSd,BrkFace,975.0,Gd,TA,PConc,Gd,TA,No,GLQ,854,Unf,0,371,1225,Ex,Y,SBrkr,1336,2612,1,0,2,1,4,Gd,Typ,1,TA,Attchd,Fin,3,TA,TA,Y,250,0,0,0,Sin_Cerca,7,2009,WD,Normal,336000
20,RL,43.0,3182,Sin_Acceso,Reg,Lvl,Inside,Gtl,Blmngtn,Norm,1Fam,1Story,7,5,2007,2007,Gable,VinylSd,VinylSd,BrkFace,16.0,Gd,TA,PConc,Gd,TA,Av,Unf,0,Unf,0,1266,1266,Ex,Y,SBrkr,0,1266,0,0,2,0,2,Gd,Typ,1,Gd,Attchd,Fin,2,TA,TA,Y,100,16,0,0,Sin_Cerca,3,2008,WD,Normal,159895
60,RL,70.0,11250,Sin_Acceso,Reg,Lvl,Corner,Gtl,CollgCr,Norm,1Fam,2Story,8,5,2002,2002,Gable,CemntBd,CmentBd,None,0.0,Gd,TA,PConc,Gd,TA,Mn,Unf,0,Unf,0,1128,1128,Ex,Y,SBrkr,1141,2290,0,0,2,1,4,Gd,Typ,1,Gd,Attchd,Unf,2,TA,TA,Y,0,0,0,0,Sin_Cerca,5,2008,WD,Normal,255900
90,RL,75.0,10125,Sin_Acceso,Reg,Lvl,Inside,Gtl,Mitchel,Norm,Duplex,1.5Fin,5,5,1977,1977,Gable,Plywood,Plywood,None,0.0,TA,TA,CBlock,Sin_Sotano,Sin_Sotano,Sin_Sotano,Sin_Sotano,0,Sin_Sotano,0,0,0,TA,Y,SBrkr,432,1734,0,0,2,0,4,Gd,Typ,0,Sin_Chimenea,Attchd,Unf,2,TA,TA,Y,0,0,0,0,Sin_Cerca,8,2009,COD,Normal,126000
190,RL,68.0,10880,Sin_Acceso,Reg,Lvl,Inside,Gtl,Edwards,Norm,2fmCon,1Story,5,5,1950,1950,Gable,MetalSd,MetalSd,None,0.0,TA,TA,CBlock,TA,TA,No,ALQ,1040,Unf,0,124,1164,TA,N,SBrkr,0,1164,1,0,1,0,3,TA,Typ,0,Sin_Chimenea,Detchd,Unf,1,TA,TA,Y,0,48,0,0,Sin_Cerca,8,2008,ConLD,Normal,125000
50,RM,59.0,5310,Sin_Acceso,Reg,Lvl,Corner,Gtl,OldTown,Feedr,1Fam,1.5Fin,6,8,1910,2003,Hip,VinylSd,VinylSd,None,0.0,TA,Gd,CBlock,TA,Fa,No,Unf,0,Unf,0,485,485,Gd,Y,SBrkr,634,1635,0,0,1,0,2,Gd,Typ,0,Sin_Chimenea,Attchd,Unf,1,Fa,TA,Y,394,0,0,0,Sin_Cerca,6,2006,WD,Normal,117000
20,RL,83.0,10159,Sin_Acceso,IR1,Lvl,Inside,Gtl,NridgHt,Norm,1Fam,1Story,9,5,2009,2010,Hip,VinylSd,VinylSd,Stone,450.0,Ex,TA,PConc,Ex,TA,Av,GLQ,1646,Unf,0,284,1930,Ex,Y,SBrkr,0,1940,1,0,2,1,3,Ex,Typ,1,Gd,Attchd,Fin,3,TA,TA,Y,168,95,0,0,Sin_Cerca,4,2010,New,Partial,395192
60,RL,80.0,12046,Sin_Acceso,IR1,Lvl,Inside,Gtl,NWAmes,Norm,1Fam,2Story,6,6,1976,1976,Gable,Plywood,Plywood,BrkFace,298.0,TA,TA,CBlock,TA,TA,No,LwQ,156,Unf,0,692,848,TA,Y,SBrkr,912,2030,0,0,2,1,4,Gd,Typ,1,TA,Attchd,Fin,2,TA,TA,Y,0,224,0,0,Sin_Cerca,6,2007,WD,Normal,195000
60,FV,65.0,8125,Sin_Acceso,Reg,Lvl,Inside,Gtl,Somerst,Norm,1Fam,2Story,7,5,2006,2006,Gable,VinylSd,VinylSd,None,0.0,Gd,TA,PConc,Gd,Gd,No,Unf,0,Unf,0,770,770,Ex,Y,SBrkr,798,1576,0,0,2,1,3,Gd,Typ,0,Sin_Chimenea,Attchd,RFn,2,TA,TA,Y,0,50,0,0,Sin_Cerca,8,2006,New,Partial,197000
60,RL,82.0,9452,Sin_Acceso,Reg,Lvl,Inside,Gtl,NoRidge,Norm,1Fam,2Story,8,5,1997,1998,Gable,VinylSd,VinylSd,BrkFace,423.0,Gd,TA,PConc,Gd,TA,No,GLQ,1074,Unf,0,322,1396,Ex,Y,SBrkr,985,2392,1,0,2,1,3,Gd,Typ,1,TA,Attchd,Fin,3,TA,TA,Y,0,70,0,0,Sin_Cerca,6,2006,WD,Normal,348000
70,RM,121.0,17671,Grvl,Reg,Lvl,Corner,Gtl,OldTown,Artery,1Fam,2Story,8,9,1882,1986,Gable,Wd Sdng,Wd Sdng,None,0.0,Gd,Gd,BrkTil,TA,TA,No,BLQ,216,Unf,0,700,916,Gd,Y,SBrkr,826,1742,0,0,1,1,4,Gd,Typ,1,Gd,Attchd,Unf,2,TA,TA,P,0,169,0,0,Sin_Cerca,11,2009,WD,Normal,168000
60,RL,80.0,9760,Sin_Acceso,Reg,Lvl,Inside,Mod,NAmes,Norm,1Fam,2Story,6,8,1964,1993,Hip,Wd Sdng,Wd Sdng,BrkFace,340.0,TA,TA,CBlock,TA,TA,Gd,BLQ,536,Rec,117,169,822,Gd,Y,SBrkr,831,1851,0,0,2,1,3,Gd,Typ,1,Fa,Attchd,RFn,2,TA,TA,Y,239,42,0,0,MnWw,7,2007,WD,Normal,187000
60,RL,68.0,8846,Sin_Acceso,Reg,Lvl,Inside,Gtl,CollgCr,Norm,1Fam,2Story,6,5,2005,2006,Gable,VinylSd,VinylSd,None,0.0,TA,TA,PConc,Gd,TA,No,Unf,0,Unf,0,750,750,Ex,Y,SBrkr,750,1500,0,0,2,1,3,Gd,Typ,0,Sin_Chimenea,Attchd,RFn,2,TA,TA,Y,0,35,0,0,Sin_Cerca,8,2006,New,Partial,173900
20,RL,96.0,12456,Sin_Acceso,Reg,Lvl,FR2,Gtl,NridgHt,Norm,1Fam,1Story,10,5,2006,2007,Hip,CemntBd,CmentBd,Stone,230.0,Ex,TA,PConc,Ex,TA,Gd,GLQ,1172,Unf,0,528,1700,Ex,Y,SBrkr,0,1718,1,0,2,0,3,Ex,Typ,1,Gd,Attchd,Fin,3,TA,TA,Y,216,48,0,0,Sin_Cerca,7,2009,WD,Normal,337500
50,RL,51.0,4712,Sin_Acceso,IR1,Lvl,Inside,Mod,BrkSide,Feedr,1Fam,1.5Fin,4,7,1946,1950,Gable,MetalSd,MetalSd,None,0.0,TA,TA,CBlock,TA,TA,No,ALQ,384,Unf,0,363,747,TA,Y,SBrkr,456,1230,1,0,1,1,3,TA,Typ,0,Sin_Chimenea,Detchd,Unf,1,TA,TA,Y,0,57,0,63,MnPrv,8,2006,WD,Abnorml,121600
20,RL,73.0,10659,Sin_Acceso,IR1,Lvl,Inside,Gtl,NAmes,Norm,1Fam,1Story,5,6,1961,1961,Hip,Wd Sdng,Wd Sdng,None,0.0,TA,TA,CBlock,TA,TA,No,Rec,915,Unf,0,135,1050,TA,Y,SBrkr,0,1050,1,0,1,0,3,TA,Typ,0,Sin_Chimenea,Attchd,Unf,1,TA,TA,Y,0,319,0,0,Sin_Cerca,1,2006,COD,Normal,136500
20,RL,80.0,11717,Sin_Acceso,IR1,Lvl,Inside,Gtl,NWAmes,PosA,1Fam,1Story,6,6,1970,1970,Hip,HdBoard,HdBoard,BrkFace,571.0,TA,TA,CBlock,TA,TA,No,Unf,0,Unf,0,1442,1442,TA,Y,SBrkr,0,1442,0,0,2,0,2,TA,Typ,1,TA,Attchd,RFn,2,TA,TA,Y,371,0,0,0,Sin_Cerca,2,2009,WD,Normal,185000
30,RM,60.0,9786,Sin_Acceso,Reg,Lvl,Inside,Gtl,IDOTRR,Norm,1Fam,1Story,3,4,1922,1950,Hip,Wd Sdng,Wd Sdng,None,0.0,TA,TA,BrkTil,TA,Fa,No,Unf,0,Unf,0,1007,1007,Fa,N,SBrkr,0,1077,0,0,1,0,3,TA,Typ,1,Gd,Detchd,Unf,1,TA,Fa,P,0,100,48,0,Sin_Cerca,5,2006,WD,Normal,91000
20,RL,64.0,6762,Sin_Acceso,Reg,Lvl,Inside,Gtl,CollgCr,Norm,1Fam,1Story,7,5,2006,2006,Gable,VinylSd,VinylSd,Stone,24.0,Gd,TA,PConc,Gd,TA,Av,GLQ,686,Unf,0,501,1187,Ex,Y,SBrkr,0,1208,1,0,2,0,2,Gd,Typ,0,Sin_Chimenea,Attchd,RFn,2,TA,TA,Y,105,61,0,0,Sin_Cerca,2,2010,WD,Normal,206000
20,RL,74.0,10206,Sin_Acceso,Reg,Lvl,Corner,Gtl,Edwards,Norm,1Fam,1Story,3,3,1952,1952,Flat,BrkComm,Brk Cmn,None,0.0,TA,TA,Slab,Sin_Sotano,Sin_Sotano,Sin_Sotano,Sin_Sotano,0,Sin_Sotano,0,0,0,Fa,N,FuseF,0,944,0,0,1,0,2,Fa,Min1,0,Sin_Chimenea,Detchd,Unf,2,TA,Fa,Y,0,0,0,0,Sin_Cerca,7,2009,WD,Normal,82000
30,RL,60.0,5400,Sin_Acceso,Reg,Lvl,Corner,Gtl,OldTown,Norm,1Fam,1Story,5,6,1920,1950,Gable,Wd Sdng,Wd Sdng,None,0.0,TA,TA,BrkTil,Fa,TA,No,Unf,0,Unf,0,691,691,Ex,Y,FuseA,0,691,0,0,1,0,2,Ex,Typ,0,Sin_Chimenea,Detchd,Unf,1,Fa,TA,N,0,20,94,0,Sin_Cerca,1,2007,WD,Abnorml,86000
20,RL,75.0,11957,Sin_Acceso,IR1,Lvl,Inside,Gtl,Somerst,RRAn,1Fam,1Story,8,5,2006,2006,Gable,VinylSd,VinylSd,BrkFace,53.0,Gd,TA,PConc,Gd,TA,No,GLQ,24,Unf,0,1550,1574,Ex,Y,SBrkr,0,1574,0,0,2,0,3,Gd,Typ,1,Gd,Attchd,RFn,3,TA,TA,Y,144,104,0,0,Sin_Cerca,7,2008,WD,Normal,232000
90,RL,80.0,11500,Sin_Acceso,IR1,Lvl,Corner,Gtl,NWAmes,Feedr,Duplex,1Story,5,6,1976,1976,Gable,VinylSd,VinylSd,BrkFace,164.0,TA,TA,CBlock,TA,TA,No,Unf,0,Unf,0,1680,1680,Fa,Y,SBrkr,0,1680,0,0,2,0,4,TA,Typ,0,Sin_Chimenea,Detchd,Unf,2,TA,TA,Y,0,0,0,0,Sin_Cerca,6,2007,WD,Normal,136905
120,RL,43.0,3182,Sin_Acceso,Reg,Lvl,Inside,Gtl,Blmngtn,Norm,TwnhsE,1Story,7,5,2005,2006,Gable,VinylSd,VinylSd,BrkFace,16.0,Gd,TA,PConc,Gd,TA,No,GLQ,16,Unf,0,1330,1346,Ex,Y,SBrkr,0,1504,0,0,2,0,1,Gd,Typ,1,Gd,Attchd,Fin,2,TA,TA,Y,156,0,0,0,Sin_Cerca,5,2009,WD,Normal,181000
80,RL,65.0,8385,Sin_Acceso,Reg,Lvl,Inside,Gtl,CollgCr,Norm,1Fam,SLvl,5,8,1977,1977,Gable,HdBoard,HdBoard,BrkFace,220.0,Gd,TA,CBlock,Gd,Gd,Av,GLQ,595,Unf,0,390,985,TA,Y,SBrkr,0,985,0,0,2,0,3,TA,Typ,0,Sin_Chimenea,Attchd,Unf,1,TA,TA,Y,210,0,0,0,Sin_Cerca,11,2008,WD,Normal,149900
20,RL,73.0,12155,Sin_Acceso,IR3,Lvl,Inside,Gtl,NAmes,PosN,1Fam,1Story,6,3,1970,1970,Gable,Plywood,Plywood,None,0.0,TA,TA,CBlock,Gd,TA,No,LwQ,1237,Unf,0,420,1657,Gd,Y,SBrkr,0,1657,0,1,2,0,3,TA,Typ,1,TA,Attchd,Unf,2,TA,TA,Y,0,0,0,147,Sin_Cerca,3,2007,WD,Normal,163500
160,RM,21.0,2217,Sin_Acceso,Reg,Lvl,Inside,Gtl,MeadowV,Norm,TwnhsE,2Story,4,4,1970,1970,Gable,CemntBd,CmentBd,None,0.0,TA,TA,CBlock,TA,TA,No,BLQ,273,LwQ,273,0,546,TA,Y,SBrkr,546,1092,0,0,1,1,3,TA,Typ,0,Sin_Chimenea,Attchd,RFn,1,TA,TA,Y,238,0,0,0,Sin_Cerca,8,2009,WD,Normal,88000
20,RL,43.0,12118,Sin_Acceso,IR1,Lvl,CulDSac,Gtl,Mitchel,Norm,1Fam,1Story,7,5,2004,2005,Hip,VinylSd,VinylSd,Stone,108.0,Gd,TA,PConc,Ex,TA,Mn,Unf,0,Unf,0,1710,1710,Ex,Y,SBrkr,0,1710,0,0,2,0,3,Gd,Typ,1,Gd,Attchd,Fin,2,TA,TA,Y,100,48,0,180,Sin_Cerca,4,2009,WD,Normal,240000
50,RL,60.0,6000,Sin_Acceso,Reg,Lvl,Inside,Gtl,SWISU,Norm,1Fam,1.5Fin,5,5,1926,1950,Gable,Wd Sdng,Wd Sdng,None,0.0,TA,Fa,BrkTil,TA,TA,No,Unf,0,Unf,0,1008,1008,Ex,Y,SBrkr,0,1522,0,0,2,0,4,TA,Typ,0,Sin_Chimenea,Sin_Garaje,Sin_Garaje,0,Sin_Garaje,Sin_Garaje,P,0,0,138,0,Sin_Cerca,6,2006,WD,Normal,102000
50,RL,115.0,21286,Sin_Acceso,Reg,Lvl,Inside,Gtl,Sawyer,Norm,1Fam,1.5Fin,5,5,1948,1950,Gable,Wd Sdng,Wd Sdng,None,0.0,TA,TA,CBlock,TA,TA,No,Unf,0,Unf,0,720,720,TA,Y,SBrkr,551,1271,0,0,2,0,4,TA,Typ,1,Gd,Attchd,Unf,1,TA,TA,Y,0,0,108,0,Sin_Cerca,8,2008,WD,Normal,135000
90,RL,75.0,9825,Sin_Acceso,Reg,Lvl,Inside,Gtl,Edwards,Norm,Duplex,1Story,5,5,1965,1965,Hip,AsphShn,AsphShn,None,0.0,TA,TA,CBlock,Sin_Sotano,Sin_Sotano,Sin_Sotano,Sin_Sotano,0,Sin_Sotano,0,0,0,TA,N,SBrkr,0,1664,0,0,2,0,4,TA,Typ,0,Sin_Chimenea,Sin_Garaje,Sin_Garaje,0,Sin_Garaje,Sin_Garaje,Y,0,0,0,0,Sin_Cerca,5,2010,WD,Normal,100000
70,RL,55.0,10592,Sin_Acceso,Reg,Lvl,Inside,Gtl,Crawfor,Norm,1Fam,2Story,6,7,1923,1996,Hip,Wd Sdng,Wd Sdng,None,0.0,TA,Gd,PConc,TA,Fa,No,Unf,0,Unf,0,602,602,TA,Y,SBrkr,602,1502,0,0,1,1,3,Gd,Typ,2,TA,Detchd,Unf,1,TA,TA,Y,96,0,112,53,Sin_Cerca,8,2007,WD,Normal,165000
30,RM,60.0,7200,Sin_Acceso,Reg,Lvl,Inside,Gtl,OldTown,Norm,1Fam,1Story,5,4,1910,2006,Hip,MetalSd,Stucco,None,0.0,TA,TA,BrkTil,TA,TA,No,ALQ,247,Rec,465,310,1022,TA,N,SBrkr,0,1022,1,0,1,0,2,TA,Maj2,0,Sin_Chimenea,Detchd,Unf,1,TA,TA,Y,0,30,226,0,Sin_Cerca,6,2009,WD,Normal,85000
20,RL,60.0,11664,Sin_Acceso,Reg,Lvl,Inside,Gtl,NAmes,Artery,1Fam,1Story,6,5,1948,1950,Gable,MetalSd,MetalSd,BrkFace,206.0,TA,TA,CBlock,TA,Fa,No,BLQ,336,Unf,0,746,1082,TA,Y,SBrkr,0,1082,0,0,1,0,2,TA,Typ,1,Gd,Detchd,Unf,1,TA,TA,Y,0,130,0,0,Sin_Cerca,11,2007,WD,Normal,119200
60,RL,70.0,8400,Sin_Acceso,Reg,Lvl,Inside,Gtl,NWAmes,Norm,1Fam,2Story,8,6,2001,2001,Gable,VinylSd,VinylSd,None,0.0,Gd,TA,PConc,Gd,TA,No,GLQ,643,Unf,0,167,810,Ex,Y,SBrkr,855,1665,1,0,2,1,3,Gd,Typ,0,Sin_Chimenea,Attchd,Fin,2,TA,TA,Y,0,45,0,0,Sin_Cerca,11,2009,WD,Normal,227000
20,RL,73.0,11883,Sin_Acceso,Reg,Lvl,Inside,Gtl,CollgCr,Norm,1Fam,1Story,7,5,1996,1996,Hip,VinylSd,VinylSd,BrkFace,196.0,Gd,TA,PConc,Gd,TA,Gd,GLQ,690,Unf,0,814,1504,Ex,Y,SBrkr,0,1504,1,0,2,0,3,Gd,Typ,1,TA,Attchd,Fin,2,TA,TA,Y,115,66,0,0,Sin_Cerca,6,2009,WD,Normal,203000
120,RL,61.5,5814,Sin_Acceso,IR1,Lvl,CulDSac,Gtl,StoneBr,Norm,TwnhsE,1Story,8,5,1984,1984,Gable,HdBoard,HdBoard,None,0.0,Gd,TA,CBlock,Gd,TA,Av,GLQ,1036,Unf,0,184,1220,Gd,Y,SBrkr,0,1360,1,0,1,0,1,Gd,Typ,1,Ex,Attchd,RFn,2,TA,TA,Y,63,0,0,0,Sin_Cerca,8,2009,COD,Abnorml,187500
80,RL,65.0,10784,Sin_Acceso,IR1,Lvl,FR2,Gtl,Gilbert,Norm,1Fam,SLvl,7,5,1991,1992,Gable,HdBoard,HdBoard,BrkFace,76.0,Gd,TA,PConc,Gd,TA,No,Unf,0,Unf,0,384,384,Gd,Y,SBrkr,670,1472,0,0,2,1,3,Gd,Typ,1,TA,Attchd,RFn,2,TA,TA,Y,164,0,0,0,Sin_Cerca,5,2007,WD,Normal,160000
120,RL,43.0,3013,Sin_Acceso,Reg,Lvl,Inside,Gtl,Blmngtn,Norm,TwnhsE,1Story,7,5,2005,2005,Gable,VinylSd,VinylSd,BrkFace,145.0,Gd,TA,PConc,Gd,TA,Gd,GLQ,16,Unf,0,1346,1362,Ex,Y,SBrkr,0,1506,0,0,2,0,2,Gd,Typ,1,Gd,Attchd,Fin,2,TA,TA,Y,142,20,0,0,Sin_Cerca,4,2006,WD,Normal,213490
20,RL,60.0,7024,Sin_Acceso,Reg,Lvl,Inside,Gtl,Edwards,Norm,1Fam,1Story,4,5,2005,2005,Gable,VinylSd,VinylSd,None,0.0,TA,TA,PConc,Gd,TA,No,GLQ,1024,Unf,0,108,1132,Ex,Y,SBrkr,0,1132,1,0,1,1,2,Gd,Typ,0,Sin_Chimenea,Attchd,Fin,2,TA,TA,Y,252,64,0,0,Sin_Cerca,6,2008,WD,Normal,176000
20,RL,64.0,7406,Sin_Acceso,Reg,Lvl,Inside,Gtl,CollgCr,Norm,1Fam,1Story,7,5,2006,2006,Gable,VinylSd,VinylSd,Stone,84.0,Gd,TA,PConc,Gd,TA,Av,GLQ,684,Unf,0,515,1199,Ex,Y,SBrkr,0,1220,1,0,2,0,2,Gd,Typ,0,Sin_Chimenea,Attchd,RFn,2,TA,TA,Y,105,54,0,0,Sin_Cerca,7,2006,New,Partial,194000
50,RM,52.0,9439,Sin_Acceso,Reg,Lvl,Inside,Gtl,OldTown,Norm,1Fam,1.5Fin,5,5,1930,1950,Gable,Wd Sdng,Wd Sdng,None,0.0,TA,TA,CBlock,TA,TA,No,LwQ,324,Unf,0,588,912,Gd,Y,FuseA,336,1248,0,0,1,0,2,TA,Typ,0,Sin_Chimenea,Detchd,Unf,1,Fa,Fa,Y,0,0,192,0,Sin_Cerca,3,2007,WD,Normal,87000
120,RL,43.0,3182,Sin_Acceso,Reg,Lvl,Inside,Gtl,Blmngtn,Norm,TwnhsE,1Story,7,5,2005,2006,Gable,VinylSd,VinylSd,BrkFace,14.0,Gd,TA,PConc,Gd,Gd,No,GLQ,16,Unf,0,1330,1346,Ex,Y,SBrkr,0,1504,0,0,2,0,2,Gd,Typ,1,Gd,Attchd,Fin,2,TA,TA,Y,156,20,0,0,Sin_Cerca,5,2008,WD,Normal,191000
20,RL,85.0,15498,Sin_Acceso,IR1,Lvl,Corner,Gtl,Timber,Norm,1Fam,1Story,8,6,1976,1976,Hip,Stone,HdBoard,None,0.0,Gd,TA,CBlock,Gd,TA,Av,ALQ,1165,LwQ,400,0,1565,TA,Y,SBrkr,0,2898,1,0,2,0,2,Gd,Typ,1,Gd,Attchd,Fin,2,TA,TA,Y,0,72,174,0,Sin_Cerca,5,2008,COD,Abnorml,287000
20,RL,70.0,7700,Sin_Acceso,Reg,Lvl,Corner,Gtl,CollgCr,Norm,1Fam,1Story,5,5,1972,1972,Gable,VinylSd,VinylSd,None,0.0,TA,TA,CBlock,TA,TA,No,LwQ,138,Rec,468,276,882,TA,Y,SBrkr,0,882,1,0,1,0,3,TA,Typ,0,Sin_Chimenea,Detchd,Unf,2,TA,TA,Y,96,0,0,0,MnPrv,3,2007,WD,Normal,112500
20,RL,73.0,9300,Sin_Acceso,Reg,Lvl,Inside,Gtl,NAmes,Feedr,1Fam,1Story,5,5,1960,1960,Gable,MetalSd,HdBoard,BrkFace,324.0,TA,TA,CBlock,TA,TA,No,Rec,697,Unf,0,571,1268,TA,Y,SBrkr,0,1264,1,0,1,0,3,TA,Typ,2,Gd,Attchd,Unf,2,TA,TA,Y,0,0,0,143,Sin_Cerca,4,2010,WD,Normal,167500
20,RL,71.0,9520,Sin_Acceso,IR1,HLS,Inside,Gtl,Timber,Norm,1Fam,1Story,8,5,2007,2008,Gable,VinylSd,VinylSd,Stone,338.0,Gd,TA,PConc,Gd,TA,Gd,GLQ,1513,Unf,0,125,1638,Ex,Y,SBrkr,0,1646,1,0,2,0,3,Gd,Typ,1,Gd,Attchd,RFn,3,TA,TA,Y,192,44,0,0,Sin_Cerca,4,2008,New,Partial,293077
50,RL,79.0,9492,Sin_Acceso,Reg,Lvl,Inside,Gtl,NAmes,Artery,1Fam,1.5Fin,5,5,1941,1950,Gable,WdShing,Wd Shng,None,0.0,TA,TA,CBlock,TA,TA,No,Rec,368,BLQ,41,359,768,TA,Y,SBrkr,408,1376,1,0,1,0,3,TA,Typ,1,Gd,Attchd,Unf,1,TA,TA,Y,0,0,0,0,Sin_Cerca,4,2007,WD,Normal,105000
160,RM,21.0,1680,Sin_Acceso,Reg,Lvl,Inside,Gtl,BrDale,Norm,Twnhs,2Story,6,7,1972,1972,Gable,HdBoard,HdBoard,BrkFace,281.0,TA,TA,CBlock,TA,TA,No,BLQ,317,Unf,0,355,672,Gd,Y,SBrkr,546,1218,0,1,1,1,3,TA,Typ,0,Sin_Chimenea,Detchd,Unf,1,TA,TA,Y,0,28,0,0,Sin_Cerca,5,2006,WD,Normal,118000
190,RH,60.0,7082,Sin_Acceso,Reg,Lvl,Inside,Gtl,SWISU,Norm,2fmCon,2Story,5,8,1916,1995,Gable,VinylSd,VinylSd,None,0.0,TA,TA,PConc,TA,TA,Mn,Unf,0,Unf,0,686,686,Gd,Y,SBrkr,980,1928,0,0,2,0,5,TA,Typ,0,Sin_Chimenea,Sin_Garaje,Sin_Garaje,0,Sin_Garaje,Sin_Garaje,N,0,0,228,0,Sin_Cerca,7,2006,WD,Normal,160000
75,RL,102.0,15863,Sin_Acceso,Reg,Lvl,Corner,Gtl,SWISU,Norm,1Fam,2.5Fin,7,3,1920,1970,Gable,Wd Sdng,Plywood,None,0.0,TA,TA,BrkTil,TA,TA,No,GLQ,523,Unf,0,301,824,Ex,Y,SBrkr,998,3082,1,0,2,1,5,TA,Typ,2,TA,Basment,Fin,2,TA,TA,Y,136,63,0,0,Sin_Cerca,8,2009,WD,Normal,197000
60,RL,91.0,14541,Sin_Acceso,IR1,Lvl,Corner,Gtl,NoRidge,Norm,1Fam,2Story,8,7,1993,1993,Gable,MetalSd,MetalSd,None,0.0,Gd,Gd,PConc,Gd,Gd,No,GLQ,1012,Unf,0,326,1338,Ex,Y,SBrkr,1168,2520,1,0,2,1,5,Gd,Typ,1,TA,Attchd,RFn,3,TA,TA,Y,209,55,0,0,Sin_Cerca,11,2006,WD,Abnorml,310000
20,RL,70.0,8125,Sin_Acceso,Reg,Lvl,Inside,Gtl,CollgCr,Norm,1Fam,1Story,7,5,2002,2002,Gable,VinylSd,VinylSd,Stone,295.0,Gd,TA,PConc,Gd,TA,No,GLQ,986,Unf,0,668,1654,Ex,Y,SBrkr,0,1654,1,0,2,0,3,Gd,Typ,0,Sin_Chimenea,Attchd,Unf,3,TA,TA,Y,0,136,0,0,Sin_Cerca,2,2006,WD,Normal,230000
30,RL,50.0,6305,Sin_Acceso,Reg,Bnk,Inside,Gtl,Crawfor,Norm,1Fam,1Story,5,7,1938,1950,Gable,MetalSd,MetalSd,None,0.0,TA,Gd,PConc,Fa,Fa,No,Unf,0,Unf,0,920,920,Ex,Y,SBrkr,0,954,0,0,1,0,2,Fa,Typ,1,Gd,Basment,Unf,1,Fa,TA,Y,0,0,0,0,MnPrv,6,2007,WD,Normal,119750
20,RL,65.5,11500,Sin_Acceso,IR1,Lvl,CulDSac,Gtl,Edwards,Norm,1Fam,1Story,4,3,1957,1957,Gable,Wd Sdng,Wd Sdng,None,0.0,TA,Gd,Slab,Sin_Sotano,Sin_Sotano,Sin_Sotano,Sin_Sotano,0,Sin_Sotano,0,0,0,Ex,N,SBrkr,0,845,0,0,1,0,3,TA,Typ,0,Sin_Chimenea,Detchd,Unf,1,TA,TA,N,186,0,0,0,Sin_Cerca,1,2009,WD,Normal,84000
20,RL,89.0,12898,Sin_Acceso,IR1,HLS,Inside,Gtl,Timber,Norm,1Fam,1Story,9,5,2007,2008,Hip,VinylSd,VinylSd,Stone,70.0,Gd,TA,PConc,Ex,TA,Gd,GLQ,1022,Unf,0,598,1620,Ex,Y,SBrkr,0,1620,1,0,2,0,2,Ex,Typ,1,Ex,Attchd,Fin,3,TA,TA,Y,228,0,0,0,Sin_Cerca,9,2009,WD,Normal,315500
60,RL,70.0,9240,Sin_Acceso,Reg,Lvl,Inside,Gtl,CollgCr,Norm,1Fam,2Story,8,5,2001,2002,Gable,VinylSd,VinylSd,BrkFace,396.0,Gd,TA,PConc,Gd,TA,No,Unf,0,Unf,0,1055,1055,Ex,Y,SBrkr,1208,2263,0,0,2,1,3,Gd,Typ,1,TA,BuiltIn,Fin,2,TA,TA,Y,0,45,0,189,Sin_Cerca,9,2008,WD,Normal,287000
160,RM,21.0,1533,Sin_Acceso,Reg,Lvl,Inside,Gtl,MeadowV,Norm,Twnhs,2Story,4,6,1970,2008,Gable,CemntBd,CmentBd,None,0.0,TA,TA,CBlock,TA,TA,No,Unf,0,Unf,0,546,546,TA,Y,SBrkr,546,1344,0,0,1,1,3,TA,Typ,1,TA,Sin_Garaje,Sin_Garaje,0,Sin_Garaje,Sin_Garaje,Y,0,0,0,0,Sin_Cerca,5,2009,WD,Normal,97000
180,RM,21.0,1477,Sin_Acceso,Reg,Lvl,Inside,Gtl,MeadowV,Norm,TwnhsE,SFoyer,4,4,1970,1970,Gable,CemntBd,CmentBd,None,0.0,TA,TA,CBlock,Gd,TA,Av,GLQ,509,Unf,0,121,630,TA,Y,SBrkr,0,630,1,0,1,0,1,TA,Typ,0,Sin_Chimenea,Attchd,Unf,1,TA,TA,Y,0,0,0,0,Sin_Cerca,4,2009,WD,Normal,80000
20,RL,88.0,13125,Sin_Acceso,Reg,Lvl,Corner,Gtl,Sawyer,Norm,1Fam,1Story,5,4,1957,2000,Gable,Wd Sdng,Wd Sdng,BrkCmn,67.0,TA,TA,CBlock,TA,TA,No,Rec,168,BLQ,682,284,1134,Ex,Y,SBrkr,0,1803,1,0,2,0,3,TA,Maj1,1,TA,Attchd,RFn,2,TA,TA,Y,0,0,0,0,GdPrv,1,2006,WD,Normal,155000
60,RL,80.0,9130,Sin_Acceso,Reg,Lvl,Inside,Gtl,NWAmes,Feedr,1Fam,2Story,6,8,1966,2000,Hip,HdBoard,HdBoard,BrkFace,252.0,TA,TA,CBlock,TA,TA,No,GLQ,400,Rec,64,336,800,Gd,Y,SBrkr,832,1632,0,1,1,1,4,Gd,Typ,0,Sin_Chimenea,Attchd,Unf,2,TA,TA,Y,0,40,0,0,Sin_Cerca,7,2008,WD,Normal,173000
120,RL,34.0,5381,Sin_Acceso,IR1,Lvl,Inside,Gtl,NridgHt,Norm,Twnhs,1Story,6,5,2005,2005,Gable,VinylSd,VinylSd,Stone,135.0,Gd,TA,PConc,Gd,TA,Av,ALQ,900,Unf,0,406,1306,Ex,Y,SBrkr,0,1306,1,0,2,0,1,Gd,Typ,1,Gd,Attchd,RFn,2,TA,TA,Y,170,63,0,0,Sin_Cerca,8,2009,WD,Normal,196000
60,RL,86.0,11839,Sin_Acceso,Reg,Lvl,Inside,Gtl,SawyerW,Norm,1Fam,2Story,7,5,1990,1990,Hip,HdBoard,HdBoard,BrkFace,99.0,TA,TA,PConc,Gd,TA,No,GLQ,1085,Unf,0,390,1475,Ex,Y,SBrkr,797,2329,1,0,2,1,4,Gd,Typ,1,Ex,Attchd,Unf,2,TA,TA,Y,192,121,0,0,Sin_Cerca,5,2008,WD,Normal,262280
20,RL,80.0,9600,Sin_Acceso,Reg,Lvl,Inside,Gtl,NWAmes,PosN,1Fam,1Story,8,5,1981,1981,Hip,BrkFace,BrkFace,None,0.0,Gd,TA,PConc,Gd,TA,No,ALQ,1104,Unf,0,1420,2524,TA,Y,SBrkr,0,2524,1,0,2,1,4,Gd,Typ,1,Gd,Attchd,Fin,2,TA,TA,Y,474,120,0,0,MnPrv,7,2009,WD,Normal,278000
20,RL,65.5,13680,Sin_Acceso,IR1,Lvl,CulDSac,Gtl,Edwards,Norm,1Fam,1Story,3,5,1955,1955,Hip,BrkFace,Wd Sdng,None,0.0,TA,TA,Slab,Sin_Sotano,Sin_Sotano,Sin_Sotano,Sin_Sotano,0,Sin_Sotano,0,0,0,Ex,Y,FuseA,0,1733,0,0,2,0,4,TA,Min2,1,Gd,Attchd,Unf,2,TA,TA,Y,0,0,0,0,Sin_Cerca,6,2009,WD,Normal,139600
60,RL,85.0,16056,Sin_Acceso,IR1,Lvl,Inside,Gtl,StoneBr,Norm,1Fam,2Story,9,5,2005,2006,Hip,CemntBd,CmentBd,Stone,208.0,Gd,TA,PConc,Ex,TA,Av,GLQ,240,Unf,0,1752,1992,Ex,Y,SBrkr,876,2868,0,0,3,1,4,Ex,Typ,1,Gd,BuiltIn,Fin,3,TA,TA,Y,214,108,0,0,Sin_Cerca,7,2006,New,Partial,556581
20,RL,57.0,9245,Sin_Acceso,IR2,Lvl,Inside,Gtl,CollgCr,Norm,1Fam,1Story,5,5,1994,1995,Gable,VinylSd,VinylSd,None,0.0,TA,TA,PConc,Gd,TA,No,GLQ,686,Unf,0,304,990,Ex,Y,SBrkr,0,990,0,1,1,0,3,TA,Typ,0,Sin_Chimenea,Detchd,Unf,2,TA,TA,Y,0,0,0,0,Sin_Cerca,2,2008,WD,Normal,145000
20,RL,100.0,21750,Sin_Acceso,Reg,Lvl,Inside,Gtl,Mitchel,Norm,1Fam,1Story,5,4,1960,2006,Hip,HdBoard,HdBoard,BrkFace,75.0,TA,Fa,Slab,Sin_Sotano,Sin_Sotano,Sin_Sotano,Sin_Sotano,0,Sin_Sotano,0,0,0,TA,Y,SBrkr,0,1771,0,0,1,0,3,TA,Min1,1,TA,Attchd,Unf,2,TA,TA,Y,0,0,0,0,GdPrv,11,2009,WD,Normal,115000
20,RL,60.0,11100,Sin_Acceso,Reg,Low,Inside,Gtl,Edwards,Norm,1Fam,1Story,4,7,1946,2006,Gable,MetalSd,MetalSd,None,0.0,TA,TA,CBlock,Sin_Sotano,Sin_Sotano,Sin_Sotano,Sin_Sotano,0,Sin_Sotano,0,0,0,Ex,Y,SBrkr,0,930,0,0,1,0,2,Gd,Typ,0,Sin_Chimenea,Detchd,Unf,1,TA,TA,Y,0,0,0,0,Sin_Cerca,4,2010,WD,Abnorml,84900
20,RL,73.0,8993,Sin_Acceso,IR1,Lvl,Inside,Gtl,Gilbert,Norm,1Fam,1Story,7,5,2007,2007,Gable,VinylSd,VinylSd,None,0.0,Gd,TA,PConc,Gd,TA,Av,Unf,0,Unf,0,1302,1302,Ex,Y,SBrkr,0,1302,0,0,2,0,3,Gd,Typ,0,Sin_Chimenea,Attchd,Fin,2,TA,TA,Y,0,22,0,0,Sin_Cerca,8,2007,New,Partial,176485
20,RL,103.0,11175,Sin_Acceso,IR1,Lvl,Corner,Gtl,CollgCr,Norm,1Fam,1Story,7,5,2007,2007,Gable,VinylSd,VinylSd,None,0.0,Gd,TA,PConc,Gd,TA,Av,Unf,0,Unf,0,1316,1316,Ex,Y,SBrkr,0,1316,0,0,2,0,3,Gd,Typ,1,Gd,Attchd,Fin,2,TA,TA,Y,0,20,0,0,Sin_Cerca,10,2007,New,Partial,200141
60,RL,100.0,9500,Sin_Acceso,Reg,Lvl,Corner,Gtl,NAmes,Artery,1Fam,2Story,6,6,1964,1978,Gable,VinylSd,VinylSd,BrkCmn,272.0,TA,TA,CBlock,TA,TA,No,Rec,442,Unf,0,374,816,TA,Y,SBrkr,850,1977,0,1,1,1,4,TA,Typ,1,TA,Attchd,RFn,2,TA,TA,Y,0,52,0,0,GdPrv,6,2007,WD,Normal,165000
20,RL,68.0,8562,Sin_Acceso,Reg,Lvl,Inside,Mod,Edwards,Norm,1Fam,1Story,5,6,1957,2002,Hip,HdBoard,HdBoard,Stone,145.0,TA,TA,CBlock,TA,TA,Av,Rec,383,Unf,0,833,1216,Ex,Y,FuseA,0,1526,0,0,1,0,4,TA,Min2,1,Gd,Basment,Unf,1,TA,TA,Y,116,78,0,0,Sin_Cerca,5,2010,WD,Normal,144500
60,RL,90.0,11367,Sin_Acceso,Reg,Lvl,Corner,Gtl,CollgCr,Norm,1Fam,2Story,8,5,2002,2002,Gable,VinylSd,VinylSd,BrkFace,210.0,Gd,TA,PConc,Gd,TA,Mn,GLQ,932,Unf,0,133,1065,Ex,Y,SBrkr,898,1989,1,0,2,1,3,Gd,Typ,1,Gd,Attchd,Fin,2,TA,TA,Y,199,60,0,0,Sin_Cerca,11,2006,WD,Normal,255000
20,RL,104.0,11361,Sin_Acceso,Reg,Lvl,Inside,Gtl,NWAmes,Norm,1Fam,1Story,6,5,1976,1976,Gable,Plywood,Plywood,BrkFace,160.0,TA,TA,CBlock,Gd,TA,No,ALQ,644,Unf,0,549,1193,TA,Y,SBrkr,0,1523,0,1,2,0,3,TA,Typ,1,TA,Attchd,Fin,2,TA,TA,Y,0,0,0,189,MnPrv,5,2008,COD,Abnorml,180000
120,RL,43.0,7052,Sin_Acceso,IR1,Lvl,Inside,Gtl,NridgHt,Norm,TwnhsE,1Story,7,5,2005,2005,Gable,VinylSd,VinylSd,Stone,240.0,Gd,TA,PConc,Gd,TA,Av,GLQ,659,Unf,0,705,1364,Ex,Y,SBrkr,0,1364,1,0,2,0,2,Gd,Typ,1,Gd,Attchd,RFn,2,TA,TA,Y,192,36,0,0,Sin_Cerca,6,2006,WD,Normal,185850
60,RL,91.0,29959,Sin_Acceso,IR2,Lvl,FR2,Gtl,NoRidge,Norm,1Fam,2Story,7,6,1994,1994,Gable,HdBoard,HdBoard,None,0.0,Gd,TA,PConc,Gd,TA,No,GLQ,595,Unf,0,378,973,Ex,Y,SBrkr,871,1850,0,0,2,1,3,Gd,Typ,1,Gd,BuiltIn,Fin,2,TA,TA,Y,168,98,0,0,Sin_Cerca,1,2009,WD,Normal,248000
60,RL,96.0,11308,Sin_Acceso,IR1,Lvl,Inside,Gtl,NridgHt,Norm,1Fam,2Story,9,5,2008,2008,Gable,VinylSd,VinylSd,Stone,154.0,Ex,TA,PConc,Ex,TA,Av,GLQ,936,Unf,0,168,1104,Ex,Y,SBrkr,1054,2184,1,0,2,1,3,Ex,Typ,1,Gd,Attchd,Fin,3,TA,TA,Y,0,102,0,0,Sin_Cerca,7,2009,WD,Normal,335000
50,RL,74.0,11275,Sin_Acceso,IR1,HLS,Corner,Mod,Crawfor,Norm,1Fam,1.5Fin,6,7,1932,1950,Gable,MetalSd,MetalSd,BrkFace,480.0,TA,TA,CBlock,TA,TA,Mn,Rec,297,LwQ,557,0,854,TA,Y,SBrkr,895,1991,0,0,1,1,3,TA,Typ,1,Gd,Detchd,Unf,2,TA,Fa,Y,0,0,19,0,Sin_Cerca,3,2007,WD,Normal,220000
120,RL,41.0,4920,Sin_Acceso,Reg,Lvl,Inside,Gtl,StoneBr,Norm,TwnhsE,1Story,8,5,2001,2001,Gable,CemntBd,CmentBd,None,0.0,Gd,TA,PConc,Gd,TA,Mn,GLQ,616,Unf,0,722,1338,Ex,Y,SBrkr,0,1338,1,0,2,0,2,Gd,Typ,0,Sin_Chimenea,Attchd,Fin,2,TA,TA,Y,0,0,170,0,Sin_Cerca,4,2010,WD,Normal,213500
30,C (all),120.0,18000,Sin_Acceso,Reg,Low,Inside,Gtl,IDOTRR,Norm,1Fam,1Story,3,4,1935,1950,Gable,MetalSd,MetalSd,None,0.0,Fa,TA,CBlock,TA,TA,No,Unf,0,Unf,0,894,894,TA,Y,SBrkr,0,894,0,0,1,0,2,TA,Typ,0,Sin_Chimenea,Detchd,RFn,3,TA,TA,Y,0,20,0,0,Sin_Cerca,8,2008,ConLD,Normal,81000
190,RM,85.0,13600,Grvl,Reg,Lvl,Inside,Gtl,OldTown,Norm,2fmCon,2Story,5,5,1900,1950,Gable,Wd Sdng,Wd Sdng,None,0.0,TA,TA,BrkTil,TA,TA,No,Unf,0,Unf,0,662,662,TA,N,SBrkr,915,2337,0,0,2,0,5,TA,Min2,0,Sin_Chimenea,Detchd,Unf,2,TA,TA,Y,0,57,0,0,Sin_Cerca,9,2007,WD,Normal,90000
30,RM,50.0,6000,Sin_Acceso,Reg,Lvl,Inside,Gtl,OldTown,Artery,1Fam,1Story,6,6,1925,1980,Gable,MetalSd,MetalSd,None,0.0,TA,Gd,BrkTil,TA,TA,No,BLQ,397,Unf,0,706,1103,Gd,Y,SBrkr,0,1103,0,0,1,0,2,Gd,Typ,1,Gd,Detchd,Unf,2,TA,TA,Y,166,120,0,0,MnPrv,7,2006,WD,Normal,110500
20,RL,73.0,11000,Sin_Acceso,IR1,Lvl,CulDSac,Gtl,NAmes,Norm,1Fam,1Story,5,6,1966,1966,Gable,Plywood,Plywood,BrkFace,200.0,TA,TA,CBlock,TA,TA,Mn,BLQ,740,Rec,230,184,1154,Ex,Y,SBrkr,0,1154,0,0,1,1,3,TA,Typ,1,Po,Attchd,RFn,2,TA,TA,Y,0,58,0,0,MnPrv,11,2009,WD,Normal,154000
60,RL,80.0,14000,Sin_Acceso,Reg,Lvl,Inside,Mod,ClearCr,Norm,1Fam,2Story,7,5,1996,1997,Gable,Wd Sdng,Wd Sdng,None,0.0,Gd,TA,PConc,Ex,TA,Gd,GLQ,1201,Unf,0,105,1306,Ex,Y,SBrkr,954,2260,1,0,2,1,3,Gd,Typ,0,Sin_Chimenea,Attchd,RFn,2,TA,TA,Y,296,44,0,0,Sin_Cerca,4,2010,WD,Normal,328000
60,RL,59.0,7837,Sin_Acceso,IR1,Lvl,Inside,Gtl,Gilbert,Norm,1Fam,2Story,6,7,1993,1994,Gable,VinylSd,VinylSd,None,0.0,Gd,TA,PConc,Gd,TA,No,Unf,0,Unf,0,799,799,Gd,Y,SBrkr,772,1571,0,0,2,1,3,TA,Typ,1,TA,Attchd,RFn,2,TA,TA,Y,0,40,0,0,Sin_Cerca,5,2009,WD,Normal,178000
60,RL,80.0,9760,Sin_Acceso,Reg,Lvl,Inside,Mod,NAmes,Norm,1Fam,2Story,6,6,1964,1964,Gable,HdBoard,HdBoard,BrkFace,360.0,TA,TA,CBlock,TA,TA,Gd,GLQ,674,LwQ,106,0,780,TA,Y,SBrkr,813,1611,1,0,1,1,4,TA,Typ,0,Sin_Chimenea,Attchd,RFn,2,TA,TA,Y,328,128,0,189,Sin_Cerca,6,2008,WD,Normal,167900
160,RM,42.0,3964,Sin_Acceso,Reg,Lvl,Inside,Gtl,MeadowV,Norm,TwnhsE,2Story,6,4,1973,1973,Gable,CemntBd,CmentBd,None,0.0,TA,TA,CBlock,Gd,TA,No,ALQ,837,Unf,0,105,942,Gd,Y,SBrkr,1230,2521,1,0,2,1,5,TA,Maj1,1,Gd,Attchd,Fin,2,TA,TA,Y,728,20,0,0,GdPrv,6,2006,WD,Normal,151400
45,RL,60.0,9600,Sin_Acceso,Reg,Lvl,Inside,Gtl,NAmes,Norm,1Fam,1.5Unf,5,7,1949,2003,Gable,MetalSd,MetalSd,None,0.0,TA,TA,CBlock,TA,TA,No,ALQ,220,Unf,0,625,845,TA,Y,SBrkr,0,893,0,1,1,0,2,Gd,Typ,0,Sin_Chimenea,Detchd,Unf,2,TA,TA,Y,0,0,0,0,Sin_Cerca,5,2007,WD,Normal,135000
20,RL,72.0,10152,Sin_Acceso,Reg,Lvl,Inside,Gtl,NAmes,Norm,1Fam,1Story,5,5,1956,1956,Hip,MetalSd,MetalSd,BrkFace,120.0,TA,TA,CBlock,TA,TA,No,BLQ,586,Unf,0,462,1048,TA,Y,SBrkr,0,1048,1,0,1,0,3,TA,Typ,0,Sin_Chimenea,Attchd,Unf,1,TA,TA,Y,0,20,0,192,Sin_Cerca,6,2007,WD,Normal,135000
60,RL,78.0,11700,Sin_Acceso,Reg,Lvl,Inside,Gtl,NWAmes,RRAn,1Fam,2Story,6,6,1968,1968,Gable,MetalSd,MetalSd,None,0.0,TA,TA,CBlock,TA,TA,No,Rec,298,Unf,0,429,727,Ex,Y,SBrkr,727,1556,0,0,1,1,4,TA,Typ,0,Sin_Chimenea,Attchd,Unf,2,TA,TA,Y,0,0,0,0,Sin_Cerca,5,2009,WD,Normal,154000
50,RL,50.0,7585,Sin_Acceso,Reg,Lvl,Inside,Gtl,Edwards,Artery,1Fam,1.5Fin,5,3,1948,1950,Gable,MetalSd,MetalSd,None,0.0,TA,TA,CBlock,Fa,Fa,Mn,Unf,0,Unf,0,810,810,Fa,Y,FuseA,454,1456,1,1,1,0,4,TA,Typ,1,TA,Detchd,Unf,1,TA,TA,P,0,0,0,0,Sin_Cerca,8,2006,WD,Normal,91500
60,RL,75.0,7950,Sin_Acceso,IR1,Bnk,Corner,Gtl,Edwards,Norm,1Fam,2Story,6,6,1977,1977,Hip,HdBoard,Plywood,BrkFace,140.0,TA,TA,CBlock,TA,TA,No,BLQ,535,Unf,0,155,690,TA,Y,SBrkr,728,1426,0,0,1,1,3,TA,Typ,0,Sin_Chimenea,Attchd,Fin,2,TA,TA,Y,252,0,0,0,MnPrv,7,2009,WD,Normal,159500
20,RL,74.0,8556,Sin_Acceso,Reg,Lvl,Inside,Gtl,CollgCr,Norm,1Fam,1Story,7,5,2006,2006,Gable,VinylSd,VinylSd,None,0.0,Gd,TA,PConc,Gd,TA,Av,Unf,0,Unf,0,1240,1240,Ex,Y,SBrkr,0,1240,0,0,2,0,2,Gd,Typ,0,Sin_Chimenea,Attchd,RFn,3,TA,TA,Y,140,93,0,0,Sin_Cerca,5,2007,WD,Normal,194000
70,RL,75.0,13125,Sin_Acceso,Reg,Lvl,Inside,Gtl,Crawfor,Norm,1Fam,2Story,7,6,1940,1984,Gable,Wd Sdng,Wd Sdng,None,0.0,TA,TA,CBlock,TA,TA,No,BLQ,410,Unf,0,390,800,TA,Y,SBrkr,780,1740,0,0,1,1,3,TA,Typ,2,Gd,Attchd,Unf,1,TA,TA,Y,0,0,0,0,Sin_Cerca,7,2007,CWD,Normal,219500
50,RL,60.0,10800,Grvl,Reg,Lvl,Inside,Gtl,OldTown,Norm,1Fam,1.5Fin,5,8,1936,1989,Gable,Wd Sdng,Wd Sdng,None,0.0,TA,TA,CBlock,Fa,TA,No,ALQ,626,Unf,0,170,796,Gd,Y,SBrkr,370,1466,0,1,2,0,3,Gd,Min1,1,TA,Attchd,Unf,2,TA,TA,Y,436,21,0,0,Sin_Cerca,4,2006,WD,Normal,170000
20,RL,73.0,15870,Sin_Acceso,IR1,Lvl,Corner,Gtl,NAmes,Norm,1Fam,1Story,5,5,1969,1969,Gable,VinylSd,Plywood,None,0.0,TA,TA,CBlock,TA,TA,Mn,BLQ,75,Rec,791,230,1096,Ex,Y,SBrkr,0,1096,1,0,1,0,3,TA,Typ,0,Sin_Chimenea,Attchd,Fin,1,TA,TA,Y,240,32,0,0,Sin_Cerca,3,2006,WD,Abnorml,138800
120,RM,37.0,4435,Sin_Acceso,Reg,Lvl,Inside,Gtl,CollgCr,Norm,TwnhsE,1Story,6,5,2004,2004,Gable,VinylSd,VinylSd,BrkFace,169.0,Gd,TA,PConc,Gd,TA,Mn,GLQ,662,Unf,0,186,848,Ex,Y,SBrkr,0,848,1,0,1,0,1,Gd,Typ,1,Gd,Attchd,RFn,2,TA,TA,Y,140,0,0,0,Sin_Cerca,5,2006,WD,Normal,155900
20,RL,65.0,8775,Sin_Acceso,Reg,Lvl,Inside,Gtl,CollgCr,Norm,1Fam,1Story,5,5,1994,1994,Gable,VinylSd,VinylSd,None,0.0,TA,TA,PConc,Gd,TA,No,GLQ,495,Unf,0,495,990,Gd,Y,SBrkr,0,990,0,0,1,0,3,TA,Typ,0,Sin_Chimenea,Attchd,Unf,1,TA,TA,Y,0,64,0,0,Sin_Cerca,4,2007,WD,Normal,126000
20,RL,80.0,11040,Sin_Acceso,Reg,Lvl,Inside,Gtl,NWAmes,Norm,1Fam,1Story,6,7,1971,2004,Gable,VinylSd,VinylSd,BrkFace,144.0,Gd,Gd,CBlock,TA,TA,No,ALQ,656,Unf,0,602,1258,Ex,Y,SBrkr,0,1258,0,1,2,0,3,Gd,Typ,0,Sin_Chimenea,Attchd,RFn,2,TA,TA,Y,55,0,0,0,Sin_Cerca,10,2008,COD,Abnorml,145000
20,RL,75.0,7500,Sin_Acceso,Reg,Lvl,Corner,Gtl,Sawyer,Feedr,1Fam,1Story,5,5,1963,1963,Gable,HdBoard,HdBoard,None,0.0,TA,TA,CBlock,TA,TA,No,ALQ,824,Unf,0,216,1040,Fa,Y,SBrkr,0,1040,1,0,1,1,3,TA,Typ,0,Sin_Chimenea,Attchd,Fin,1,TA,TA,Y,0,0,220,0,MnPrv,6,2010,WD,Normal,133000
20,RL,70.0,8749,Sin_Acceso,Reg,Lvl,Inside,Gtl,CollgCr,Norm,1Fam,1Story,7,5,2002,2002,Gable,VinylSd,VinylSd,BrkFace,100.0,Gd,TA,PConc,Gd,TA,No,Unf,0,Unf,0,1459,1459,Ex,Y,SBrkr,0,1459,0,0,2,0,3,Gd,Typ,1,Gd,Attchd,RFn,2,TA,TA,Y,192,39,0,0,Sin_Cerca,9,2007,WD,Normal,192000
20,RL,80.0,8800,Sin_Acceso,Reg,Lvl,Inside,Gtl,NAmes,Norm,1Fam,1Story,6,6,1964,1964,Hip,HdBoard,HdBoard,BrkFace,425.0,TA,TA,CBlock,TA,TA,No,BLQ,553,Unf,0,698,1251,TA,Y,SBrkr,0,1251,1,0,1,0,3,TA,Typ,2,Gd,Attchd,RFn,1,TA,TA,Y,0,116,0,0,MnPrv,3,2006,WD,Normal,160000
60,RL,65.0,13031,Sin_Acceso,IR2,Lvl,Corner,Gtl,Gilbert,Norm,1Fam,2Story,6,5,1995,1996,Gable,HdBoard,HdBoard,None,0.0,TA,TA,PConc,Gd,TA,No,ALQ,592,Unf,0,99,691,Gd,Y,SBrkr,807,1498,0,0,2,1,3,TA,Typ,1,TA,Attchd,Fin,2,TA,TA,Y,315,44,0,0,Sin_Cerca,7,2006,WD,Normal,187500
85,RL,73.0,9069,Sin_Acceso,Reg,Lvl,Inside,Gtl,SawyerW,Norm,1Fam,SFoyer,6,6,1992,1992,Gable,HdBoard,HdBoard,None,0.0,TA,TA,PConc,Gd,TA,Av,GLQ,747,Unf,0,189,936,Ex,Y,SBrkr,0,996,1,0,1,0,2,Gd,Typ,0,Sin_Chimenea,Attchd,Unf,2,TA,TA,Y,120,0,0,0,Sin_Cerca,4,2010,WD,Normal,147000
160,RM,21.0,1974,Sin_Acceso,Reg,Lvl,Inside,Gtl,MeadowV,Norm,TwnhsE,2Story,4,5,1973,1973,Gable,CemntBd,CmentBd,None,0.0,TA,TA,CBlock,TA,TA,No,BLQ,334,Unf,0,212,546,TA,Y,SBrkr,546,1092,0,0,1,1,3,TA,Typ,0,Sin_Chimenea,Attchd,RFn,1,TA,TA,Y,120,96,0,0,Sin_Cerca,5,2010,WD,Normal,83500
60,FV,85.0,10574,Sin_Acceso,Reg,Lvl,Inside,Gtl,Somerst,Norm,1Fam,2Story,8,5,2005,2006,Gable,VinylSd,VinylSd,None,0.0,Gd,TA,PConc,Gd,TA,Mn,Unf,0,Unf,0,1082,1082,Ex,Y,SBrkr,871,1953,0,0,2,1,3,Gd,Typ,1,Gd,Attchd,RFn,3,TA,TA,Y,160,50,0,0,Sin_Cerca,5,2009,WD,Normal,252000
160,RM,24.0,2522,Sin_Acceso,Reg,Lvl,Inside,Gtl,Edwards,Norm,Twnhs,2Story,7,5,2004,2004,Gable,VinylSd,VinylSd,Stone,50.0,Gd,TA,PConc,Gd,TA,No,Unf,0,Unf,0,970,970,Ex,Y,SBrkr,739,1709,0,0,2,0,3,Gd,Maj1,0,Sin_Chimenea,Detchd,Unf,2,TA,TA,Y,0,40,0,0,Sin_Cerca,4,2006,WD,Normal,137500
120,FV,37.0,3316,Pave,IR1,Lvl,Inside,Gtl,Somerst,Norm,TwnhsE,1Story,8,5,2005,2005,Gable,MetalSd,MetalSd,None,0.0,Gd,TA,PConc,Gd,TA,No,GLQ,1039,Unf,0,208,1247,Ex,Y,SBrkr,0,1247,1,0,1,1,1,Gd,Typ,1,Gd,Attchd,Fin,2,TA,TA,Y,0,84,0,0,Sin_Cerca,4,2006,WD,Normal,197000
90,RL,60.0,8544,Sin_Acceso,Reg,Lvl,Corner,Gtl,NAmes,Norm,Duplex,1Story,3,4,1950,1950,Gable,BrkFace,BrkFace,None,0.0,TA,TA,Slab,Sin_Sotano,Sin_Sotano,Sin_Sotano,Sin_Sotano,0,Sin_Sotano,0,0,0,Fa,N,FuseA,0,1040,0,0,2,0,2,TA,Typ,0,Sin_Chimenea,Detchd,Unf,2,TA,TA,Y,0,0,0,0,Sin_Cerca,6,2009,WD,Normal,92900
160,FV,24.0,2160,Pave,Reg,Lvl,Inside,Gtl,Somerst,Norm,Twnhs,2Story,7,5,1999,2000,Gable,MetalSd,MetalSd,BrkFace,212.0,Gd,TA,PConc,Gd,TA,No,BLQ,510,Unf,0,90,600,Ex,Y,SBrkr,628,1252,1,0,2,1,2,Gd,Typ,0,Sin_Chimenea,Detchd,Unf,2,TA,TA,Y,0,48,0,0,Sin_Cerca,3,2008,WD,Normal,160000
50,RL,60.0,8400,Sin_Acceso,Reg,Bnk,Inside,Gtl,SWISU,Norm,1Fam,1.5Fin,6,5,1925,1950,Gable,MetalSd,MetalSd,None,0.0,TA,TA,PConc,TA,TA,No,Rec,423,Unf,0,758,1181,Fa,Y,SBrkr,304,1694,0,0,2,0,4,TA,Typ,1,Gd,Detchd,Unf,2,TA,TA,Y,342,0,128,0,Sin_Cerca,6,2008,WD,Normal,136500
20,RL,71.0,9230,Sin_Acceso,Reg,Lvl,Corner,Gtl,NAmes,Feedr,1Fam,1Story,5,8,1965,1998,Hip,MetalSd,MetalSd,BrkFace,166.0,TA,TA,CBlock,TA,TA,Mn,GLQ,661,Unf,0,203,864,Gd,Y,SBrkr,0,1200,1,0,1,1,1,Gd,Typ,0,Sin_Chimenea,Detchd,Unf,2,TA,TA,Y,0,64,0,0,MnPrv,10,2006,WD,Normal,146000
20,RL,74.0,5868,Sin_Acceso,Reg,Lvl,Inside,Gtl,NAmes,Norm,1Fam,1Story,5,7,1956,2000,Gable,MetalSd,MetalSd,None,0.0,TA,TA,CBlock,TA,TA,No,BLQ,248,Rec,240,448,936,Ex,Y,SBrkr,0,936,1,0,1,0,2,TA,Typ,0,Sin_Chimenea,Attchd,Fin,1,TA,TA,Y,0,0,80,160,Sin_Cerca,5,2010,WD,Normal,129000
20,RL,78.0,9317,Sin_Acceso,IR1,Lvl,Inside,Gtl,CollgCr,Norm,1Fam,1Story,6,5,2006,2006,Gable,VinylSd,VinylSd,None,0.0,Gd,TA,PConc,Gd,TA,No,GLQ,24,Unf,0,1290,1314,Gd,Y,SBrkr,0,1314,0,0,2,0,3,Gd,Typ,1,Gd,Attchd,RFn,2,TA,TA,Y,0,22,0,0,Sin_Cerca,3,2007,WD,Normal,176432
70,RM,60.0,6882,Sin_Acceso,Reg,Lvl,Inside,Gtl,IDOTRR,Norm,1Fam,2Story,6,7,1914,2006,Gable,Wd Sdng,Wd Sdng,None,0.0,TA,TA,PConc,TA,TA,No,Unf,0,Unf,0,684,684,TA,Y,SBrkr,582,1355,0,0,1,1,3,Gd,Typ,0,Sin_Chimenea,Sin_Garaje,Sin_Garaje,0,Sin_Garaje,Sin_Garaje,Y,136,0,115,0,Sin_Cerca,3,2007,WD,Normal,127000
120,RL,61.5,3696,Sin_Acceso,Reg,Lvl,Inside,Gtl,StoneBr,Norm,TwnhsE,1Story,8,5,1986,1986,Gable,HdBoard,HdBoard,None,0.0,Gd,TA,CBlock,Gd,TA,No,Unf,0,Unf,0,1074,1074,Ex,Y,SBrkr,0,1088,0,0,1,1,2,Gd,Typ,0,Sin_Chimenea,Attchd,RFn,2,TA,TA,Y,0,74,137,0,Sin_Cerca,10,2007,WD,Normal,170000
50,RM,50.0,6000,Sin_Acceso,Reg,Lvl,Inside,Gtl,BrkSide,Norm,1Fam,1.5Fin,4,6,1936,1950,Gable,MetalSd,MetalSd,None,0.0,TA,TA,BrkTil,TA,TA,No,BLQ,672,Unf,0,0,672,TA,Y,SBrkr,567,1324,0,0,1,0,3,TA,Typ,0,Sin_Chimenea,Detchd,Unf,1,TA,TA,Y,0,0,0,0,Sin_Cerca,7,2009,WD,Normal,128000
20,RL,82.0,11880,Sin_Acceso,IR1,Lvl,Inside,Gtl,NWAmes,RRAn,1Fam,1Story,7,5,1978,1978,Gable,Plywood,Plywood,BrkFace,206.0,TA,TA,CBlock,Gd,TA,No,ALQ,704,Unf,0,567,1271,TA,Y,SBrkr,0,1601,0,0,2,0,3,TA,Typ,1,TA,Attchd,RFn,2,TA,TA,Y,0,0,0,0,Sin_Cerca,4,2009,COD,Abnorml,157000
30,RL,60.0,8400,Sin_Acceso,Reg,Bnk,Inside,Gtl,SWISU,Norm,1Fam,1Story,2,5,1920,1950,Gable,Wd Sdng,Wd Sdng,None,0.0,TA,TA,CBlock,TA,Fa,No,Rec,290,Unf,0,0,290,TA,N,FuseF,0,438,0,0,1,0,1,Fa,Typ,0,Sin_Chimenea,Detchd,Unf,1,TA,TA,N,0,0,0,0,Sin_Cerca,1,2009,WD,Normal,60000
20,RL,61.0,9758,Sin_Acceso,IR1,Lvl,Inside,Gtl,NAmes,Norm,1Fam,1Story,5,5,1971,1971,Gable,HdBoard,MetalSd,None,0.0,TA,TA,CBlock,TA,TA,No,BLQ,412,LwQ,287,251,950,TA,Y,SBrkr,0,950,0,0,1,0,3,TA,Typ,0,Sin_Chimenea,Detchd,Unf,1,TA,TA,Y,0,0,0,0,Sin_Cerca,7,2007,WD,Normal,119500
20,RL,70.0,7000,Sin_Acceso,Reg,Lvl,Inside,Gtl,NAmes,Norm,1Fam,1Story,5,7,1960,2002,Gable,Wd Sdng,Wd Sdng,BrkFace,45.0,TA,TA,CBlock,TA,TA,No,Rec,588,Unf,0,422,1010,Ex,Y,SBrkr,0,1134,0,0,1,0,2,TA,Typ,0,Sin_Chimenea,Attchd,RFn,1,TA,TA,Y,0,16,0,0,MnWw,4,2007,WD,Family,135000
20,RL,79.0,8910,Sin_Acceso,Reg,Lvl,Corner,Gtl,NAmes,Norm,1Fam,1Story,6,6,1959,1959,Hip,BrkFace,BrkFace,None,0.0,TA,TA,CBlock,TA,TA,Mn,ALQ,655,Unf,0,0,655,Ex,Y,SBrkr,0,1194,0,1,1,0,3,TA,Typ,1,Fa,BuiltIn,Fin,2,TA,TA,Y,0,0,192,0,Sin_Cerca,7,2006,WD,Normal,159500
160,RM,24.0,2016,Sin_Acceso,Reg,Lvl,Inside,Gtl,BrDale,Norm,TwnhsE,2Story,5,5,1970,1970,Gable,HdBoard,HdBoard,BrkFace,304.0,TA,TA,CBlock,TA,TA,No,Unf,0,Unf,0,630,630,TA,Y,SBrkr,672,1302,0,0,2,1,3,TA,Typ,0,Sin_Chimenea,Detchd,Unf,2,TA,TA,Y,0,0,0,0,Sin_Cerca,4,2007,WD,Normal,106000
60,RL,98.0,12256,Sin_Acceso,IR1,Lvl,Corner,Gtl,NoRidge,Norm,1Fam,2Story,8,5,1994,1995,Gable,HdBoard,HdBoard,BrkFace,362.0,Gd,TA,PConc,Ex,TA,Av,GLQ,1032,Unf,0,431,1463,Ex,Y,SBrkr,1122,2622,1,0,2,1,3,Gd,Typ,2,TA,Attchd,RFn,2,TA,TA,Y,186,32,0,0,Sin_Cerca,4,2010,WD,Normal,325000
20,RL,114.0,10357,Sin_Acceso,IR1,Lvl,Corner,Gtl,SawyerW,Feedr,1Fam,1Story,7,5,1990,1991,Hip,HdBoard,HdBoard,None,0.0,Gd,TA,PConc,Gd,TA,Mn,GLQ,738,Unf,0,172,910,Gd,Y,SBrkr,0,1442,1,0,2,0,3,Gd,Typ,1,TA,Attchd,Fin,2,TA,TA,Y,0,244,0,0,Sin_Cerca,5,2007,WD,Normal,179900
60,RL,168.0,23257,Sin_Acceso,IR3,HLS,CulDSac,Gtl,Gilbert,Norm,1Fam,2Story,7,5,2006,2006,Gable,VinylSd,VinylSd,None,0.0,Gd,TA,PConc,Ex,Gd,No,Unf,0,Unf,0,868,868,Ex,Y,SBrkr,1134,2021,0,0,2,1,3,Gd,Typ,1,Gd,BuiltIn,RFn,2,TA,TA,Y,0,100,0,0,Sin_Cerca,9,2006,New,Partial,274725
60,RL,65.0,8063,Sin_Acceso,Reg,Lvl,Inside,Gtl,Gilbert,Norm,1Fam,2Story,6,5,2000,2000,Gable,VinylSd,VinylSd,None,0.0,TA,TA,PConc,Gd,TA,No,Unf,0,Unf,0,924,924,Ex,Y,SBrkr,742,1690,0,0,2,1,3,TA,Typ,1,TA,Attchd,RFn,2,TA,TA,Y,100,48,0,0,Sin_Cerca,11,2007,WD,Abnorml,181000
20,RL,107.0,11362,Sin_Acceso,IR1,Lvl,Inside,Gtl,NridgHt,Norm,1Fam,1Story,8,5,2004,2005,Gable,MetalSd,MetalSd,Stone,42.0,Gd,TA,PConc,Ex,TA,Mn,GLQ,1039,Unf,0,797,1836,Ex,Y,SBrkr,0,1836,1,0,2,0,3,Gd,Typ,1,Gd,Attchd,Fin,3,TA,TA,Y,125,185,0,0,Sin_Cerca,3,2009,WD,Normal,280000
60,RL,65.0,8000,Sin_Acceso,Reg,Lvl,Inside,Gtl,Gilbert,Norm,1Fam,2Story,6,5,1995,1996,Gable,HdBoard,HdBoard,None,0.0,TA,TA,PConc,Gd,TA,No,GLQ,219,Unf,0,554,773,Gd,Y,SBrkr,885,1658,1,0,2,1,3,TA,Typ,1,TA,Attchd,Fin,2,TA,TA,Y,224,84,0,0,Sin_Cerca,6,2008,WD,Normal,188000
60,RL,80.0,10480,Sin_Acceso,Reg,Lvl,Inside,Gtl,NWAmes,Norm,1Fam,2Story,7,6,1976,1976,Hip,Plywood,Plywood,BrkFace,660.0,TA,TA,CBlock,TA,TA,No,ALQ,403,Unf,0,400,803,TA,Y,SBrkr,866,1964,0,0,2,1,4,TA,Typ,1,Gd,Attchd,RFn,2,TA,TA,Y,0,69,0,0,Sin_Cerca,9,2008,WD,Normal,205000
20,RL,73.0,7100,Sin_Acceso,IR1,Lvl,Corner,Gtl,NAmes,Norm,1Fam,1Story,5,7,1957,1957,Gable,WdShing,Wd Shng,None,0.0,TA,TA,CBlock,TA,TA,No,GLQ,708,Unf,0,108,816,TA,Y,FuseA,0,816,1,0,1,0,2,TA,Typ,0,Sin_Chimenea,Detchd,Unf,1,TA,TA,Y,0,0,0,0,Sin_Cerca,7,2006,WD,Normal,129900
20,RL,66.0,8923,Sin_Acceso,Reg,Lvl,Inside,Gtl,NAmes,Norm,1Fam,1Story,5,7,1953,2006,Gable,Wd Sdng,Wd Sdng,None,0.0,TA,TA,CBlock,TA,TA,No,BLQ,643,Unf,0,365,1008,Gd,Y,SBrkr,0,1008,1,0,1,0,2,Gd,Typ,0,Sin_Chimenea,Attchd,Unf,1,TA,TA,Y,0,18,0,0,Sin_Cerca,5,2007,WD,Normal,134500
20,RL,90.0,5400,Sin_Acceso,Reg,Lvl,Inside,Gtl,OldTown,Norm,1Fam,1Story,5,7,1954,2000,Gable,MetalSd,MetalSd,None,0.0,TA,Gd,CBlock,TA,TA,No,Rec,415,Unf,0,418,833,Ex,Y,SBrkr,0,833,0,0,1,0,2,Gd,Typ,0,Sin_Chimenea,Detchd,Unf,1,TA,TA,Y,0,0,0,0,MnPrv,8,2006,WD,Normal,117000
20,RL,93.0,12085,Sin_Acceso,Reg,Lvl,Inside,Gtl,NridgHt,Norm,1Fam,1Story,8,5,2007,2007,Hip,VinylSd,VinylSd,Stone,328.0,Gd,TA,PConc,Ex,TA,No,GLQ,1004,Unf,0,730,1734,Ex,Y,SBrkr,0,1734,1,0,2,0,3,Ex,Typ,1,Gd,Attchd,RFn,3,TA,TA,Y,0,0,0,0,Sin_Cerca,11,2007,New,Partial,318000
80,RL,65.0,7750,Sin_Acceso,Reg,Lvl,Inside,Gtl,Gilbert,Norm,1Fam,SLvl,8,5,2002,2002,Hip,VinylSd,VinylSd,None,0.0,Gd,TA,PConc,Gd,TA,No,GLQ,353,Unf,0,55,408,Ex,Y,SBrkr,640,1419,1,0,2,1,3,Gd,Typ,1,TA,BuiltIn,Fin,2,TA,TA,Y,120,0,0,0,Sin_Cerca,3,2009,WD,Normal,184100
20,RL,57.0,9764,Sin_Acceso,IR1,Lvl,FR2,Gtl,Sawyer,Feedr,1Fam,1Story,5,7,1967,2003,Gable,VinylSd,VinylSd,None,0.0,TA,TA,CBlock,TA,TA,No,BLQ,702,Unf,0,192,894,Ex,Y,SBrkr,0,894,1,0,1,0,3,Gd,Typ,0,Sin_Chimenea,Attchd,RFn,2,TA,TA,Y,0,0,0,0,Sin_Cerca,5,2008,WD,Normal,130000
80,RL,85.0,13825,Sin_Acceso,Reg,Lvl,Inside,Gtl,Sawyer,Norm,1Fam,SLvl,5,6,1958,1987,Gable,MetalSd,MetalSd,None,0.0,TA,Gd,CBlock,TA,TA,No,Unf,0,Unf,0,533,533,TA,Y,SBrkr,580,1601,0,1,1,0,3,TA,Min2,0,Sin_Chimenea,BuiltIn,RFn,1,TA,TA,Y,280,34,0,0,Sin_Cerca,12,2008,WD,Normal,140000
20,RL,70.0,7560,Sin_Acceso,Reg,Lvl,Inside,Gtl,NAmes,Norm,1Fam,1Story,5,5,1959,1959,Gable,BrkFace,Wd Sdng,None,0.0,TA,TA,CBlock,TA,TA,No,LwQ,369,Unf,0,671,1040,TA,Y,FuseA,0,1040,0,0,1,0,3,TA,Typ,0,Sin_Chimenea,Attchd,RFn,1,TA,TA,Y,140,0,252,0,GdWo,7,2006,WD,Normal,133700
30,RM,59.0,8263,Sin_Acceso,Reg,Bnk,Inside,Mod,IDOTRR,Norm,1Fam,1Story,6,5,1920,1950,Gable,BrkFace,BrkFace,None,0.0,TA,TA,BrkTil,TA,TA,No,Unf,0,Unf,0,1012,1012,TA,Y,FuseA,0,1012,0,0,1,0,2,TA,Typ,1,Gd,Detchd,Unf,1,TA,TA,Y,0,22,112,0,MnPrv,5,2007,WD,Normal,118400
20,RL,84.0,10084,Sin_Acceso,Reg,Lvl,Inside,Gtl,CollgCr,Norm,1Fam,1Story,7,5,2005,2006,Gable,VinylSd,VinylSd,BrkFace,196.0,Gd,TA,PConc,Gd,TA,Av,GLQ,24,Unf,0,1528,1552,Ex,Y,SBrkr,0,1552,0,0,2,0,3,Gd,Typ,0,Sin_Chimenea,Attchd,RFn,3,TA,TA,Y,144,20,0,0,Sin_Cerca,7,2006,New,Partial,212900
20,RL,65.5,8926,Sin_Acceso,IR1,Lvl,Corner,Gtl,Edwards,Norm,1Fam,1Story,4,3,1956,1956,Gable,AsbShng,AsbShng,None,0.0,TA,TA,CBlock,TA,TA,No,Unf,0,Unf,0,672,672,Ex,Y,FuseA,0,960,0,0,1,0,3,TA,Typ,0,Sin_Chimenea,Basment,Unf,1,TA,TA,Y,64,0,0,160,MnPrv,10,2009,COD,Abnorml,112000
20,RL,50.0,9405,Sin_Acceso,Reg,Lvl,Inside,Gtl,Edwards,Norm,1Fam,1Story,5,9,1947,2008,Hip,VinylSd,VinylSd,None,0.0,TA,Ex,CBlock,TA,TA,No,Unf,0,Unf,0,698,698,Ex,Y,SBrkr,0,698,0,1,1,0,2,TA,Typ,0,Sin_Chimenea,Sin_Garaje,Sin_Garaje,0,Sin_Garaje,Sin_Garaje,Y,0,200,0,0,Sin_Cerca,6,2009,WD,Normal,118000
80,RL,65.0,9125,Sin_Acceso,IR1,Lvl,Inside,Gtl,Gilbert,Norm,1Fam,SLvl,7,5,1992,1992,Gable,HdBoard,HdBoard,BrkFace,170.0,TA,TA,PConc,Gd,TA,No,Unf,0,Unf,0,384,384,Gd,Y,SBrkr,670,1482,0,0,2,1,3,Gd,Typ,1,TA,Attchd,Fin,2,TA,TA,Y,100,25,0,0,Sin_Cerca,7,2007,WD,Normal,163900
20,RL,60.0,10434,Sin_Acceso,Reg,Lvl,Inside,Gtl,NAmes,Norm,1Fam,1Story,4,5,1955,1955,Gable,Plywood,Plywood,None,0.0,TA,TA,CBlock,TA,TA,No,Unf,0,Unf,0,1005,1005,TA,Y,SBrkr,0,1005,0,0,1,0,2,Fa,Typ,1,TA,Detchd,Unf,2,Fa,Fa,Y,0,0,0,0,Sin_Cerca,11,2009,WD,Normal,115000
120,RL,53.0,3684,Sin_Acceso,Reg,Lvl,Inside,Gtl,Blmngtn,Norm,TwnhsE,1Story,7,5,2007,2007,Hip,VinylSd,VinylSd,BrkFace,130.0,Gd,TA,PConc,Gd,TA,No,Unf,0,Unf,0,1373,1373,Ex,Y,SBrkr,0,1555,0,0,2,0,2,Gd,Typ,1,TA,Attchd,Fin,3,TA,TA,Y,143,20,0,0,Sin_Cerca,6,2009,WD,Normal,174000
20,RL,182.0,14572,Sin_Acceso,IR3,Lvl,Corner,Gtl,Gilbert,Norm,1Fam,1Story,7,5,2004,2004,Hip,VinylSd,VinylSd,None,0.0,Gd,TA,PConc,Gd,TA,Av,GLQ,1300,Unf,0,230,1530,Ex,Y,SBrkr,0,1530,1,0,2,0,3,Gd,Typ,1,Gd,Attchd,Fin,3,TA,TA,Y,144,36,0,0,Sin_Cerca,11,2007,WD,Family,259000
60,RL,59.0,11796,Sin_Acceso,IR1,Lvl,Inside,Gtl,Gilbert,Norm,1Fam,2Story,7,5,2004,2005,Gable,VinylSd,VinylSd,None,0.0,Gd,TA,PConc,Gd,TA,Av,Unf,0,Unf,0,847,847,Ex,Y,SBrkr,1112,1959,0,0,2,1,4,Gd,Typ,1,Gd,BuiltIn,Fin,2,TA,TA,Y,100,48,0,0,Sin_Cerca,7,2007,WD,Normal,215000
90,RM,60.0,7200,Grvl,Reg,Lvl,Inside,Gtl,OldTown,Norm,Duplex,SFoyer,5,5,1980,1980,Gable,MetalSd,MetalSd,BrkFace,180.0,TA,TA,CBlock,Gd,TA,Gd,GLQ,936,Unf,0,0,936,TA,Y,SBrkr,0,936,1,0,1,0,2,TA,Typ,0,Sin_Chimenea,Detchd,Unf,2,TA,TA,Y,49,0,0,0,Sin_Cerca,8,2007,WD,Normal,140000
50,RL,65.0,7804,Sin_Acceso,Reg,Lvl,Inside,Gtl,SWISU,Norm,1Fam,1.5Fin,4,3,1928,1950,Gable,WdShing,Plywood,None,0.0,TA,TA,BrkTil,TA,TA,No,BLQ,622,Unf,0,500,1122,TA,Y,SBrkr,653,1981,1,0,2,0,4,Gd,Min2,2,TA,Detchd,Unf,2,TA,TA,Y,431,44,0,0,MnPrv,12,2009,WD,Normal,135000
20,RL,63.0,10712,Sin_Acceso,Reg,Lvl,Inside,Gtl,Mitchel,Norm,1Fam,1Story,5,5,1991,1992,Gable,HdBoard,HdBoard,None,0.0,TA,TA,PConc,Gd,TA,Mn,BLQ,212,Unf,0,762,974,TA,Y,SBrkr,0,974,0,0,1,0,3,TA,Typ,0,Sin_Chimenea,Sin_Garaje,Sin_Garaje,0,Sin_Garaje,Sin_Garaje,Y,0,28,0,0,MnPrv,9,2007,Oth,Abnorml,93500
70,RM,90.0,9900,Sin_Acceso,Reg,Lvl,Inside,Gtl,OldTown,Norm,1Fam,2Story,6,4,1880,1950,Gable,Wd Sdng,Wd Sdng,None,0.0,TA,TA,BrkTil,TA,TA,Mn,Unf,0,Unf,0,1008,1008,TA,Y,SBrkr,1032,2210,0,0,2,0,5,Fa,Typ,0,Sin_Chimenea,Detchd,Unf,1,Fa,TA,N,0,48,0,0,Sin_Cerca,5,2007,WD,Normal,117500
60,RL,80.0,9828,Sin_Acceso,IR1,Lvl,Inside,Gtl,SawyerW,Norm,1Fam,2Story,8,5,1995,1995,Gable,VinylSd,VinylSd,None,0.0,Gd,TA,PConc,Gd,TA,No,GLQ,584,Unf,0,544,1128,Ex,Y,SBrkr,878,2020,0,0,2,1,3,Gd,Typ,1,TA,Attchd,RFn,2,TA,TA,Y,0,155,0,0,Sin_Cerca,6,2009,WD,Normal,239500
60,RL,57.0,8773,Sin_Acceso,IR1,HLS,Inside,Gtl,Gilbert,Norm,1Fam,2Story,6,5,1997,1997,Gable,VinylSd,VinylSd,None,0.0,TA,TA,PConc,Gd,TA,Av,Unf,0,Unf,0,916,916,Gd,Y,SBrkr,684,1600,0,0,2,1,3,TA,Typ,1,TA,Attchd,Fin,2,TA,TA,Y,100,38,0,0,Sin_Cerca,8,2007,WD,Normal,169000
30,RM,60.0,6180,Sin_Acceso,Reg,Lvl,Corner,Gtl,BrkSide,Norm,1Fam,1Story,6,5,1926,1950,Gable,Wd Sdng,Wd Sdng,None,0.0,TA,TA,BrkTil,TA,TA,No,Unf,0,Unf,0,960,960,TA,N,SBrkr,0,986,0,0,1,0,2,TA,Typ,1,Gd,Detchd,Unf,1,TA,TA,Y,0,128,0,0,Sin_Cerca,5,2007,WD,Normal,102000
50,RL,80.0,9600,Sin_Acceso,Reg,Lvl,Inside,Gtl,NAmes,Norm,1Fam,1.5Fin,6,5,1950,1950,Gable,VinylSd,VinylSd,None,0.0,TA,TA,CBlock,TA,TA,No,BLQ,280,Unf,0,752,1032,TA,Y,FuseA,220,1252,0,0,1,0,3,TA,Typ,0,Sin_Chimenea,Attchd,Unf,1,TA,TA,Y,0,0,96,0,Sin_Cerca,4,2008,WD,Abnorml,119000
50,RL,54.0,6342,Sin_Acceso,Reg,Lvl,Inside,Gtl,Sawyer,Feedr,1Fam,1.5Fin,5,8,1875,1996,Gable,VinylSd,VinylSd,None,0.0,TA,Gd,CBlock,TA,TA,No,Unf,0,Unf,0,780,780,Gd,N,SBrkr,240,1020,0,0,1,0,2,TA,Typ,0,Sin_Chimenea,Sin_Garaje,Sin_Garaje,0,Sin_Garaje,Sin_Garaje,N,0,0,176,0,Sin_Cerca,5,2010,WD,Normal,94000
20,RL,73.0,9819,Sin_Acceso,IR1,Lvl,Inside,Mod,Mitchel,Norm,1Fam,1Story,6,5,1977,1977,Gable,Plywood,ImStucc,None,0.0,TA,TA,PConc,TA,TA,Gd,ALQ,1567,Unf,0,0,1567,TA,Y,SBrkr,0,1567,1,0,2,0,2,Gd,Typ,2,TA,Attchd,RFn,2,TA,TA,Y,264,32,0,0,Sin_Cerca,5,2009,WD,Normal,196000
30,RL,98.0,8731,Sin_Acceso,IR1,Lvl,Inside,Gtl,BrkSide,Norm,1Fam,1Story,5,5,1920,1950,Gable,Stucco,Stucco,None,0.0,TA,Fa,BrkTil,TA,TA,No,BLQ,645,Unf,0,270,915,TA,Y,SBrkr,0,1167,0,0,1,0,3,TA,Maj1,1,Gd,Detchd,Unf,2,TA,TA,Y,0,0,216,126,Sin_Cerca,5,2007,WD,Normal,144000
20,RL,60.0,7350,Sin_Acceso,Reg,Lvl,Corner,Gtl,NAmes,Norm,1Fam,1Story,5,7,1951,1951,Gable,HdBoard,HdBoard,None,0.0,TA,TA,CBlock,TA,TA,Mn,ALQ,852,Unf,0,100,952,TA,Y,SBrkr,0,952,1,0,1,0,2,TA,Typ,0,Sin_Chimenea,Detchd,Unf,2,TA,TA,Y,0,0,0,0,Sin_Cerca,6,2008,COD,Abnorml,139000
60,RL,80.0,10304,Sin_Acceso,IR1,Lvl,CulDSac,Gtl,NWAmes,PosN,1Fam,2Story,5,7,1976,1976,Gable,Plywood,Plywood,BrkFace,44.0,TA,Gd,CBlock,TA,TA,No,ALQ,381,Unf,0,399,780,Ex,Y,SBrkr,780,1868,1,0,2,1,4,Gd,Typ,1,TA,Attchd,Unf,2,TA,TA,Y,448,96,0,0,Sin_Cerca,10,2009,WD,Normal,197500
60,RL,77.0,9965,Sin_Acceso,Reg,Lvl,Inside,Gtl,CollgCr,Norm,1Fam,2Story,8,5,2006,2007,Hip,VinylSd,VinylSd,Stone,340.0,Gd,TA,PConc,Ex,TA,Gd,GLQ,1150,Unf,0,316,1466,Ex,Y,SBrkr,1362,2828,1,0,3,0,4,Gd,Typ,1,TA,BuiltIn,RFn,3,TA,TA,Y,125,144,0,0,Sin_Cerca,4,2007,New,Partial,424870
20,RL,71.0,9000,Sin_Acceso,Reg,Lvl,Inside,Gtl,Sawyer,Norm,1Fam,1Story,5,3,1959,1959,Gable,Wd Sdng,Plywood,None,0.0,TA,TA,CBlock,TA,TA,No,GLQ,288,Unf,0,718,1006,TA,Y,SBrkr,0,1006,0,0,1,0,3,TA,Typ,0,Sin_Chimenea,Sin_Garaje,Sin_Garaje,0,Sin_Garaje,Sin_Garaje,Y,0,24,0,0,Sin_Cerca,7,2008,WD,Normal,80000
190,RL,60.0,12180,Sin_Acceso,Reg,Lvl,Inside,Gtl,Edwards,Norm,2fmCon,1.5Fin,4,4,1941,1950,Gable,MetalSd,MetalSd,None,0.0,TA,Fa,BrkTil,Gd,TA,No,BLQ,348,Unf,0,324,672,Fa,N,FuseA,252,924,1,0,1,0,2,Fa,Typ,0,Sin_Chimenea,Detchd,Unf,1,TA,TA,Y,0,0,0,0,MnPrv,7,2010,WD,Normal,80000
50,RM,52.0,6240,Sin_Acceso,Reg,Lvl,Inside,Gtl,BrkSide,Norm,1Fam,1.5Fin,5,6,1928,1950,Gable,MetalSd,MetalSd,None,0.0,TA,TA,BrkTil,TA,TA,No,Unf,0,Unf,0,1042,1042,Ex,Y,SBrkr,534,1576,0,0,1,0,3,TA,Typ,1,Gd,Detchd,Unf,1,TA,TA,Y,0,0,0,0,Sin_Cerca,8,2006,WD,Family,149000
20,RL,66.5,11200,Sin_Acceso,Reg,Lvl,Inside,Gtl,SawyerW,Norm,1Fam,1Story,6,5,1985,1985,Gable,Wd Sdng,Wd Shng,BrkFace,85.0,Gd,TA,CBlock,Gd,TA,No,GLQ,1258,Unf,0,40,1298,TA,Y,SBrkr,0,1298,1,0,2,0,3,Gd,Typ,1,TA,Attchd,Unf,2,TA,TA,Y,165,26,0,0,Sin_Cerca,5,2006,WD,Normal,180000
70,RL,75.0,12000,Sin_Acceso,Reg,Bnk,Inside,Gtl,Crawfor,Norm,1Fam,2Story,7,7,1941,1950,Gable,MetalSd,MetalSd,None,0.0,TA,TA,CBlock,TA,TA,No,Rec,275,Unf,0,429,704,Ex,Y,SBrkr,704,1564,0,0,1,1,3,Fa,Typ,1,Gd,Attchd,Unf,1,TA,TA,Y,0,0,0,0,Sin_Cerca,7,2009,WD,Normal,174500
50,RM,60.0,5700,Sin_Acceso,Reg,Lvl,Inside,Gtl,OldTown,Norm,1Fam,1.5Fin,7,7,1926,1950,Gable,Wd Sdng,Wd Sdng,None,0.0,TA,TA,PConc,TA,TA,No,Unf,0,Unf,0,572,572,TA,Y,SBrkr,539,1111,0,0,1,0,2,TA,Typ,1,Gd,Detchd,Unf,1,TA,TA,Y,0,0,176,0,Sin_Cerca,8,2008,WD,Normal,116900
70,RM,50.0,9000,Sin_Acceso,Reg,Lvl,Inside,Gtl,OldTown,Artery,1Fam,2Story,7,9,1920,1988,Hip,VinylSd,VinylSd,None,0.0,TA,Gd,PConc,TA,TA,No,ALQ,624,Unf,0,26,650,Ex,Y,SBrkr,650,1482,0,1,1,0,3,TA,Typ,0,Sin_Chimenea,Detchd,Unf,2,TA,TA,Y,0,0,0,0,Sin_Cerca,7,2009,WD,Normal,143000
20,RL,57.0,8280,Sin_Acceso,IR1,Lvl,Inside,Gtl,NAmes,Norm,1Fam,1Story,6,5,1950,1950,Gable,BrkFace,BrkFace,None,0.0,TA,TA,CBlock,TA,TA,No,Unf,0,Unf,0,932,932,Ex,Y,FuseA,0,932,0,0,1,0,2,Gd,Typ,1,Gd,Attchd,Unf,1,TA,TA,Y,0,0,214,0,GdPrv,11,2007,WD,Normal,124000
20,RL,134.0,17755,Sin_Acceso,Reg,Lvl,Inside,Gtl,Edwards,Norm,1Fam,1Story,5,4,1959,1959,Gable,HdBoard,Plywood,BrkFace,132.0,TA,TA,CBlock,TA,TA,No,BLQ,176,Unf,0,1290,1466,TA,Y,SBrkr,0,1466,0,0,1,1,3,Fa,Typ,2,Gd,Attchd,Fin,2,TA,TA,Y,0,140,0,100,Sin_Cerca,11,2006,WD,Normal,149900
20,RL,90.0,14115,Sin_Acceso,IR1,Lvl,Inside,Gtl,Crawfor,Norm,1Fam,1Story,6,7,1956,2004,Gable,Stone,Stone,None,0.0,TA,TA,PConc,TA,TA,No,ALQ,296,GLQ,547,230,1073,Ex,Y,SBrkr,0,1811,0,0,1,0,2,Ex,Typ,1,Gd,Attchd,Fin,2,TA,TA,Y,0,0,280,0,Sin_Cerca,7,2006,WD,Abnorml,230000
30,RM,60.0,5890,Sin_Acceso,Reg,Lvl,Corner,Gtl,IDOTRR,Norm,1Fam,1Story,6,8,1930,2007,Gable,Wd Sdng,Wd Sdng,None,0.0,Gd,Gd,BrkTil,TA,TA,Av,ALQ,538,Unf,0,278,816,Ex,Y,SBrkr,0,816,0,0,1,0,2,TA,Typ,0,Sin_Chimenea,Detchd,Unf,1,TA,TA,Y,0,0,96,0,Sin_Cerca,6,2008,WD,Normal,120500
60,RL,73.0,13700,Sin_Acceso,IR1,Lvl,Inside,Gtl,NAmes,Norm,1Fam,2Story,7,6,1965,1988,Gable,VinylSd,VinylSd,Stone,288.0,TA,TA,CBlock,TA,TA,Gd,ALQ,454,Unf,0,410,864,TA,Y,SBrkr,918,1820,0,0,1,2,4,Gd,Typ,2,Gd,Attchd,Unf,2,TA,TA,Y,60,84,0,273,GdPrv,5,2008,WD,Normal,201800
20,RL,90.0,10768,Sin_Acceso,IR1,Lvl,Corner,Gtl,Veenker,Norm,1Fam,1Story,5,8,1976,2004,Gable,Plywood,Plywood,None,0.0,Gd,Gd,CBlock,Gd,TA,Gd,ALQ,1157,Unf,0,280,1437,TA,Y,SBrkr,0,1437,1,0,2,0,3,Gd,Typ,1,Fa,Attchd,RFn,2,TA,TA,Y,0,21,0,180,Sin_Cerca,7,2007,WD,Normal,218000
80,RL,85.0,9350,Sin_Acceso,Reg,Lvl,Inside,Gtl,NAmes,Norm,1Fam,SLvl,5,8,1965,1999,Gable,BrkFace,BrkFace,None,0.0,TA,Gd,PConc,TA,TA,Gd,ALQ,633,Unf,0,586,1219,Gd,Y,SBrkr,0,1265,0,1,2,0,3,Gd,Typ,1,Gd,Attchd,RFn,2,TA,TA,Y,0,92,0,0,MnPrv,10,2008,WD,Normal,179900
120,RL,34.0,5001,Sin_Acceso,IR1,Lvl,Inside,Gtl,NridgHt,Norm,Twnhs,1Story,7,5,2007,2008,Gable,VinylSd,VinylSd,Stone,166.0,Gd,TA,PConc,Gd,TA,No,GLQ,904,Unf,0,410,1314,Ex,Y,SBrkr,0,1314,1,0,2,0,2,Gd,Typ,1,Gd,Attchd,RFn,2,TA,TA,Y,172,62,0,0,Sin_Cerca,7,2009,WD,Normal,230000
20,RL,92.0,11932,Sin_Acceso,Reg,Lvl,FR2,Gtl,Somerst,Feedr,1Fam,1Story,8,5,2007,2008,Gable,VinylSd,VinylSd,Stone,186.0,Gd,TA,PConc,Gd,TA,No,Unf,0,Unf,0,1580,1580,Ex,Y,SBrkr,0,1580,0,0,2,0,3,Gd,Typ,0,Sin_Chimenea,Attchd,RFn,3,TA,TA,Y,0,24,0,0,Sin_Cerca,6,2008,ConLD,Partial,235128
60,RL,76.0,9120,Sin_Acceso,Reg,Lvl,Inside,Gtl,NWAmes,Norm,1Fam,2Story,6,6,1974,1974,Hip,HdBoard,HdBoard,BrkFace,270.0,Gd,TA,CBlock,TA,TA,No,ALQ,442,Unf,0,459,901,TA,Y,SBrkr,933,1876,0,0,2,1,4,Gd,Typ,1,TA,Attchd,RFn,2,Gd,TA,Y,0,69,0,0,Sin_Cerca,7,2008,WD,Normal,185000
160,RL,24.0,2280,Sin_Acceso,Reg,Lvl,Inside,Gtl,NPkVill,Norm,Twnhs,2Story,6,5,1978,1978,Gable,Plywood,Brk Cmn,None,0.0,TA,TA,CBlock,Gd,TA,No,ALQ,311,Unf,0,544,855,Fa,Y,SBrkr,601,1456,0,0,2,1,3,TA,Typ,1,TA,Attchd,Unf,2,TA,TA,Y,26,0,0,0,Sin_Cerca,7,2010,WD,Normal,146000
20,RL,74.0,14778,Sin_Acceso,IR1,Low,CulDSac,Gtl,Crawfor,PosN,1Fam,1Story,6,7,1954,2006,Hip,HdBoard,HdBoard,BrkFace,72.0,Gd,TA,CBlock,TA,TA,No,BLQ,728,Unf,0,568,1296,Ex,Y,SBrkr,0,1640,1,0,1,0,3,Gd,Typ,1,Gd,Detchd,Unf,2,TA,TA,Y,108,0,0,0,Sin_Cerca,11,2008,WD,Normal,224000
20,RL,109.0,8724,Sin_Acceso,Reg,Lvl,Inside,Gtl,Sawyer,Norm,1Fam,1Story,5,5,1968,1968,Gable,VinylSd,VinylSd,None,0.0,TA,TA,CBlock,Gd,TA,No,BLQ,492,Unf,0,402,894,Gd,Y,SBrkr,0,894,0,0,1,0,3,TA,Typ,1,Po,Attchd,Fin,2,TA,TA,Y,0,0,0,0,Sin_Cerca,5,2007,WD,Normal,129000
90,RL,60.0,12900,Sin_Acceso,Reg,Lvl,Inside,Gtl,Sawyer,Feedr,Duplex,SFoyer,4,4,1969,1969,Gable,Plywood,Plywood,None,0.0,TA,TA,CBlock,Gd,TA,Av,GLQ,1198,Unf,0,0,1198,TA,Y,SBrkr,0,1258,2,0,0,2,0,TA,Typ,0,Sin_Chimenea,CarPort,Unf,2,Fa,TA,Y,120,0,0,0,Sin_Cerca,1,2008,WD,Alloca,108959
80,RL,68.0,16157,Sin_Acceso,IR1,Lvl,FR2,Gtl,Veenker,Feedr,1Fam,SLvl,5,7,1978,1978,Gable,Plywood,Plywood,None,0.0,TA,TA,PConc,Gd,TA,Gd,ALQ,680,Rec,391,289,1360,Ex,Y,SBrkr,0,1432,1,0,1,1,2,Gd,Typ,1,TA,Attchd,Unf,2,TA,TA,Y,168,180,0,0,Sin_Cerca,6,2007,WD,Normal,194000
20,RL,79.0,9541,Sin_Acceso,IR1,Lvl,Inside,Gtl,NridgHt,Norm,1Fam,1Story,7,5,2009,2009,Gable,VinylSd,VinylSd,Stone,268.0,Gd,TA,PConc,Gd,TA,No,Unf,0,Unf,0,1502,1502,Ex,Y,SBrkr,0,1502,0,0,2,0,3,Gd,Typ,0,Sin_Chimenea,Attchd,RFn,2,TA,TA,Y,0,114,0,0,Sin_Cerca,9,2009,New,Partial,233170
20,RL,64.0,10475,Sin_Acceso,IR1,Lvl,Corner,Gtl,CollgCr,Norm,1Fam,1Story,8,5,2008,2008,Gable,VinylSd,VinylSd,Stone,72.0,Gd,TA,PConc,Gd,TA,Av,Unf,0,Unf,0,1694,1694,Ex,Y,SBrkr,0,1694,0,0,2,0,3,Gd,Typ,0,Sin_Chimenea,Attchd,RFn,3,TA,TA,Y,160,33,0,0,Sin_Cerca,2,2010,WD,Normal,245350
60,RL,58.0,10852,Sin_Acceso,IR1,Lvl,Inside,Gtl,Gilbert,RRAn,1Fam,2Story,6,5,2000,2000,Gable,VinylSd,VinylSd,None,0.0,TA,TA,PConc,Gd,TA,No,GLQ,786,Unf,0,173,959,Ex,Y,SBrkr,712,1671,1,0,2,1,3,TA,Typ,1,TA,Attchd,Fin,2,TA,TA,Y,0,38,0,0,Sin_Cerca,2,2006,WD,Normal,173000
70,RL,120.0,13728,Sin_Acceso,Reg,Lvl,Corner,Gtl,Edwards,Norm,1Fam,2Story,6,7,1935,1986,Hip,Stucco,Stucco,None,0.0,TA,TA,CBlock,TA,TA,No,Rec,626,Unf,0,501,1127,Ex,Y,SBrkr,872,2108,0,0,2,0,4,Gd,Typ,2,TA,Basment,Unf,2,TA,TA,Y,0,0,0,90,Sin_Cerca,7,2008,WD,Normal,235000
60,RL,118.0,35760,Sin_Acceso,IR1,Lvl,CulDSac,Gtl,NoRidge,Norm,1Fam,2Story,10,5,1995,1996,Hip,HdBoard,HdBoard,BrkFace,1378.0,Gd,Gd,PConc,Ex,TA,Gd,GLQ,1387,Unf,0,543,1930,Ex,Y,SBrkr,1796,3627,1,0,3,1,4,Gd,Typ,1,TA,Attchd,Fin,3,TA,TA,Y,361,76,0,0,Sin_Cerca,7,2006,WD,Normal,625000
80,RL,76.0,9880,Sin_Acceso,Reg,Lvl,Inside,Gtl,Mitchel,Norm,1Fam,SLvl,6,6,1977,1977,Gable,Plywood,Plywood,None,0.0,TA,TA,CBlock,TA,TA,Av,ALQ,522,Unf,0,574,1096,TA,Y,SBrkr,0,1118,1,0,1,0,3,TA,Typ,1,Po,Attchd,Fin,1,TA,TA,Y,203,0,0,0,GdPrv,7,2008,WD,Normal,171000
20,RL,76.0,9120,Sin_Acceso,Reg,Lvl,Inside,Gtl,NAmes,Norm,1Fam,1Story,6,6,1958,1958,Hip,MetalSd,MetalSd,None,0.0,TA,TA,CBlock,TA,TA,No,ALQ,662,Unf,0,599,1261,Ex,Y,SBrkr,0,1261,1,0,1,0,3,TA,Typ,1,TA,Attchd,RFn,2,TA,TA,Y,0,0,0,288,Sin_Cerca,11,2008,WD,Normal,163000
160,FV,35.0,4017,Pave,IR1,Lvl,Inside,Gtl,Somerst,Norm,TwnhsE,2Story,7,5,2006,2007,Gable,MetalSd,MetalSd,None,0.0,Gd,TA,PConc,Gd,TA,No,Unf,0,Unf,0,625,625,Ex,Y,SBrkr,625,1250,0,0,2,1,2,Gd,Typ,0,Sin_Chimenea,Detchd,Fin,2,TA,TA,Y,0,54,0,0,Sin_Cerca,3,2008,WD,Normal,171900
50,RL,138.0,18030,Sin_Acceso,IR1,Bnk,Inside,Gtl,ClearCr,Norm,1Fam,1.5Fin,5,6,1946,1994,Gable,MetalSd,MetalSd,None,0.0,TA,TA,CBlock,TA,TA,No,Rec,152,BLQ,469,977,1598,TA,Y,SBrkr,971,3086,0,0,3,0,3,Ex,Maj1,1,Gd,Sin_Garaje,Sin_Garaje,0,Sin_Garaje,Sin_Garaje,Y,122,0,0,0,MnPrv,3,2007,WD,Normal,200500
70,RL,80.0,16560,Sin_Acceso,IR1,Lvl,Inside,Gtl,Crawfor,Norm,1Fam,2Story,6,8,1932,1950,Gable,Wd Sdng,Wd Sdng,None,0.0,TA,TA,BrkTil,Gd,TA,No,Rec,503,Unf,0,449,952,TA,Y,SBrkr,1175,2345,0,0,2,1,4,TA,Typ,1,Gd,Detchd,Unf,2,TA,TA,Y,0,0,0,0,Sin_Cerca,7,2006,WD,Normal,239000
50,RL,85.0,10678,Sin_Acceso,Reg,Lvl,Inside,Gtl,NoRidge,Norm,1Fam,1.5Fin,8,5,1992,2000,Hip,HdBoard,HdBoard,BrkFace,337.0,Gd,TA,PConc,Gd,TA,No,GLQ,700,Unf,0,983,1683,Ex,Y,SBrkr,743,2872,0,0,2,1,4,Gd,Typ,1,TA,Attchd,Fin,2,TA,TA,Y,0,33,0,0,Sin_Cerca,4,2007,WD,Normal,285000
20,RL,37.0,6951,Sin_Acceso,IR1,Lvl,CulDSac,Gtl,Mitchel,Norm,1Fam,1Story,5,5,1984,1985,Gable,HdBoard,Plywood,None,0.0,TA,TA,CBlock,TA,TA,No,ALQ,658,Unf,0,218,876,TA,Y,SBrkr,0,923,1,0,1,0,3,TA,Typ,0,Sin_Chimenea,Attchd,Unf,1,TA,TA,Y,362,0,0,0,MnPrv,10,2008,WD,Normal,119500
50,RM,60.0,3950,Grvl,Reg,Bnk,Inside,Gtl,OldTown,Artery,1Fam,1.5Fin,6,8,1926,2004,Gable,MetalSd,MetalSd,None,0.0,TA,TA,CBlock,TA,TA,No,Rec,468,Unf,0,350,818,TA,Y,SBrkr,406,1224,0,0,1,0,3,TA,Typ,0,Sin_Chimenea,Detchd,Unf,1,TA,TA,N,0,0,116,0,Sin_Cerca,12,2009,WD,Normal,115000
50,RL,54.0,7681,Sin_Acceso,IR1,Lvl,FR2,Gtl,Crawfor,Norm,1Fam,1.5Fin,5,6,1921,1950,Gable,Wd Sdng,Wd Sdng,None,0.0,TA,TA,BrkTil,TA,TA,No,Unf,0,Unf,0,731,731,Ex,Y,SBrkr,523,1343,0,0,1,1,3,TA,Typ,1,Gd,Detchd,Unf,1,Fa,TA,Y,192,0,102,0,Sin_Cerca,7,2009,WD,Normal,154900
20,RL,77.0,8335,Sin_Acceso,Reg,Lvl,Corner,Gtl,Edwards,Norm,1Fam,1Story,5,5,1954,1954,Gable,Wd Sdng,Wd Sdng,None,0.0,TA,TA,Slab,Sin_Sotano,Sin_Sotano,Sin_Sotano,Sin_Sotano,0,Sin_Sotano,0,0,0,Gd,Y,SBrkr,0,1124,0,0,1,0,3,TA,Min2,1,Gd,Sin_Garaje,Sin_Garaje,0,Sin_Garaje,Sin_Garaje,N,0,36,190,0,Sin_Cerca,4,2006,WD,Normal,93000
60,RL,85.0,11170,Sin_Acceso,IR2,Lvl,Corner,Gtl,Timber,Norm,1Fam,2Story,7,5,1990,1991,Gable,MetalSd,MetalSd,None,0.0,TA,TA,Wood,Gd,TA,No,LwQ,1216,Unf,0,0,1216,Ex,Y,SBrkr,1216,2514,0,0,2,1,4,TA,Typ,0,Sin_Chimenea,Attchd,Fin,2,TA,TA,Y,0,0,0,0,GdPrv,4,2006,WD,Normal,250000
120,RM,64.0,5587,Sin_Acceso,IR1,HLS,Inside,Mod,Crawfor,Norm,TwnhsE,1Story,8,5,2008,2008,Hip,CemntBd,CmentBd,Stone,186.0,Ex,TA,PConc,Ex,TA,Gd,GLQ,1480,Unf,0,120,1600,Ex,Y,SBrkr,0,1652,1,1,2,0,2,Gd,Typ,1,Gd,Attchd,Fin,2,TA,TA,Y,162,53,0,0,Sin_Cerca,11,2008,New,Partial,392500
60,RL,160.0,15623,Sin_Acceso,IR1,Lvl,Corner,Gtl,NoRidge,Norm,1Fam,2Story,10,5,1996,1996,Hip,Wd Sdng,ImStucc,None,0.0,Gd,TA,PConc,Ex,TA,Av,GLQ,2096,Unf,0,300,2396,Ex,Y,SBrkr,2065,4476,1,0,3,1,4,Ex,Typ,2,TA,Attchd,Fin,3,TA,TA,Y,171,78,0,0,MnPrv,7,2007,WD,Abnorml,745000
30,RL,60.0,10800,Grvl,Reg,Lvl,Inside,Gtl,OldTown,Norm,1Fam,1Story,5,6,1920,1950,Hip,Stucco,Stucco,None,0.0,TA,TA,BrkTil,TA,TA,No,Rec,821,Unf,0,299,1120,Ex,Y,SBrkr,0,1130,1,0,1,0,2,TA,Typ,1,Gd,Detchd,Unf,2,TA,TA,Y,229,0,0,0,Sin_Cerca,6,2006,WD,Normal,120000
20,RL,50.0,35133,Sin_Acceso,Reg,Lvl,Inside,Mod,Timber,Norm,1Fam,1Story,5,4,1963,1963,Hip,MetalSd,MetalSd,BrkFace,226.0,TA,TA,CBlock,TA,TA,Gd,Rec,1159,Unf,0,413,1572,Gd,Y,SBrkr,0,1572,1,0,1,1,3,TA,Typ,2,TA,2Types,RFn,3,TA,TA,Y,0,263,0,263,Sin_Cerca,5,2007,WD,Normal,186700
50,RL,60.0,9738,Sin_Acceso,Reg,Lvl,Inside,Gtl,Edwards,Norm,1Fam,1.5Fin,5,7,1924,1950,Gable,AsbShng,AsbShng,None,0.0,TA,Gd,BrkTil,TA,TA,No,BLQ,392,Unf,0,392,784,Gd,Y,SBrkr,272,1221,1,0,1,0,4,TA,Typ,0,Sin_Chimenea,Attchd,Unf,1,TA,TA,Y,0,0,236,0,Sin_Cerca,3,2006,WD,Normal,104900
190,RL,107.0,10615,Sin_Acceso,IR1,Bnk,Corner,Mod,OldTown,Artery,2fmCon,2Story,3,5,1900,1970,Gable,HdBoard,HdBoard,None,0.0,TA,TA,CBlock,Fa,TA,Mn,BLQ,440,Unf,0,538,978,TA,Y,SBrkr,685,1699,1,0,2,0,3,TA,Typ,0,Sin_Chimenea,CarPort,Unf,2,Fa,Fa,Y,0,74,0,0,Sin_Cerca,8,2009,WD,Abnorml,95000
20,RL,89.0,12461,Sin_Acceso,Reg,Lvl,Corner,Gtl,NoRidge,Norm,1Fam,1Story,8,5,1994,1995,Gable,ImStucc,ImStucc,None,0.0,Gd,TA,PConc,Gd,TA,No,GLQ,1456,Unf,0,168,1624,Ex,Y,SBrkr,0,1624,1,0,2,0,2,Gd,Typ,1,Fa,Attchd,RFn,3,TA,TA,Y,0,114,192,0,GdPrv,7,2006,WD,Normal,262000
60,RL,68.0,8935,Sin_Acceso,IR1,Lvl,Inside,Gtl,CollgCr,Norm,1Fam,2Story,7,5,2002,2002,Gable,VinylSd,VinylSd,BrkFace,95.0,Gd,TA,PConc,Gd,TA,No,Unf,0,Unf,0,831,831,Ex,Y,SBrkr,829,1660,0,0,2,1,3,Gd,Typ,0,Sin_Chimenea,Attchd,RFn,2,TA,TA,Y,144,68,0,0,Sin_Cerca,7,2009,WD,Normal,195000
60,RL,60.0,7500,Sin_Acceso,Reg,Lvl,Inside,Gtl,Gilbert,Norm,1Fam,2Story,7,5,1999,1999,Gable,VinylSd,VinylSd,None,0.0,TA,TA,PConc,TA,TA,No,Unf,0,Unf,0,994,994,Gd,Y,SBrkr,776,1804,0,0,2,1,3,Gd,Typ,1,TA,Attchd,Fin,2,TA,TA,Y,140,60,0,0,Sin_Cerca,6,2010,WD,Normal,189000
190,RL,73.0,32463,Sin_Acceso,Reg,Low,Inside,Mod,Mitchel,Norm,2fmCon,1Story,4,4,1961,1975,Gable,MetalSd,MetalSd,Stone,149.0,TA,Gd,CBlock,TA,TA,Av,BLQ,1159,Unf,0,90,1249,Ex,Y,SBrkr,0,1622,1,0,1,0,3,TA,Typ,1,TA,2Types,Fin,4,TA,TA,Y,439,0,0,0,Sin_Cerca,3,2007,WD,Normal,168000
160,FV,24.0,2645,Pave,Reg,Lvl,Inside,Gtl,Somerst,Norm,Twnhs,2Story,8,5,1999,2000,Gable,MetalSd,MetalSd,BrkFace,456.0,Gd,TA,PConc,Gd,TA,No,Unf,0,Unf,0,776,776,Ex,Y,SBrkr,677,1441,0,0,2,1,2,Gd,Typ,0,Sin_Chimenea,Detchd,Unf,2,TA,TA,Y,206,0,0,0,Sin_Cerca,11,2007,WD,Normal,174000
50,RM,60.0,9600,Grvl,Reg,Lvl,Inside,Gtl,OldTown,Norm,1Fam,1.5Fin,5,8,1925,1994,Gambrel,VinylSd,VinylSd,None,0.0,TA,TA,PConc,TA,TA,Mn,Unf,0,Unf,0,702,702,Gd,Y,SBrkr,630,1472,0,0,1,0,3,Gd,Typ,0,Sin_Chimenea,Detchd,Unf,1,TA,Fa,P,0,0,84,0,GdWo,7,2007,WD,Normal,125000
120,RM,73.0,4500,Sin_Acceso,Reg,Lvl,FR2,Gtl,Mitchel,Norm,TwnhsE,1Story,6,5,1999,1999,Hip,VinylSd,VinylSd,BrkFace,425.0,TA,TA,PConc,Ex,TA,No,GLQ,883,Unf,0,341,1224,Ex,Y,SBrkr,0,1224,1,0,2,0,2,TA,Typ,0,Sin_Chimenea,Attchd,Fin,2,TA,TA,Y,0,304,0,0,Sin_Cerca,6,2009,WD,Normal,165000
60,RL,80.0,9364,Sin_Acceso,Reg,Lvl,Corner,Gtl,Sawyer,Norm,1Fam,2Story,6,7,1969,1969,Gable,HdBoard,HdBoard,Stone,143.0,TA,TA,CBlock,TA,TA,No,ALQ,371,Unf,0,292,663,TA,Y,SBrkr,689,1352,0,0,1,1,4,TA,Typ,0,Sin_Chimenea,Attchd,Fin,1,TA,TA,Y,379,36,0,0,MnPrv,3,2010,WD,Normal,158000
60,RL,51.0,8029,Sin_Acceso,IR1,Lvl,Inside,Gtl,Gilbert,Norm,1Fam,2Story,6,5,2005,2005,Gable,VinylSd,VinylSd,None,0.0,TA,TA,PConc,Gd,TA,No,Unf,0,Unf,0,728,728,Ex,Y,SBrkr,728,1456,0,0,2,1,3,Gd,Typ,0,Sin_Chimenea,Attchd,Fin,2,TA,TA,Y,100,24,0,0,Sin_Cerca,7,2008,WD,Normal,176000
60,RL,58.0,14054,Sin_Acceso,IR1,Lvl,Inside,Gtl,Gilbert,Norm,1Fam,2Story,7,5,2006,2006,Gable,VinylSd,VinylSd,None,0.0,Gd,TA,PConc,Gd,TA,Av,Unf,0,Unf,0,879,879,Ex,Y,SBrkr,984,1863,0,0,2,1,4,Gd,Typ,1,Gd,BuiltIn,Fin,3,TA,TA,Y,100,17,0,0,Sin_Cerca,11,2006,New,Partial,219210
75,RM,65.0,8850,Sin_Acceso,IR1,Bnk,Corner,Gtl,OldTown,Norm,1Fam,2.5Unf,7,6,1916,1950,Gable,MetalSd,MetalSd,None,0.0,TA,TA,BrkTil,TA,TA,No,Unf,0,Unf,0,815,815,Ex,Y,SBrkr,875,1690,0,0,1,0,3,TA,Typ,1,Gd,Detchd,Unf,1,TA,TA,Y,0,0,330,0,Sin_Cerca,7,2006,ConLw,Normal,144000
20,RL,70.0,9100,Sin_Acceso,Reg,Lvl,Inside,Gtl,CollgCr,Norm,1Fam,1Story,7,5,2001,2001,Gable,VinylSd,VinylSd,None,0.0,Gd,TA,PConc,Gd,TA,No,Unf,0,Unf,0,1212,1212,Ex,Y,SBrkr,0,1212,0,0,2,0,3,Gd,Typ,0,Sin_Chimenea,Attchd,RFn,2,TA,TA,Y,356,0,0,0,Sin_Cerca,6,2009,WD,Normal,178000
20,RL,75.0,11235,Sin_Acceso,Reg,Lvl,Inside,Gtl,Sawyer,Norm,1Fam,1Story,4,5,1963,1979,Gable,HdBoard,HdBoard,BrkFace,51.0,TA,TA,CBlock,TA,TA,No,Rec,547,Unf,0,504,1051,Gd,Y,SBrkr,0,1382,0,0,1,1,3,TA,Typ,1,Po,Attchd,Unf,2,TA,TA,Y,0,82,0,0,Sin_Cerca,10,2006,WD,Normal,148000
20,RL,71.0,9353,Sin_Acceso,Reg,Lvl,Inside,Gtl,NAmes,Norm,1Fam,1Story,4,5,1970,1970,Gable,MetalSd,MetalSd,None,0.0,TA,TA,CBlock,TA,TA,No,Unf,0,Unf,0,864,864,Gd,Y,SBrkr,0,864,0,0,1,0,3,TA,Typ,0,Sin_Chimenea,Attchd,Unf,1,TA,TA,Y,0,0,0,0,Sin_Cerca,7,2006,Oth,Abnorml,116050
60,RL,80.0,10400,Sin_Acceso,Reg,Lvl,Corner,Gtl,CollgCr,Norm,1Fam,2Story,7,5,1998,1998,Gable,VinylSd,VinylSd,None,0.0,TA,TA,PConc,Gd,TA,Av,Unf,0,Unf,0,866,866,Ex,Y,SBrkr,913,1779,0,0,2,1,3,Gd,Typ,0,Sin_Chimenea,Attchd,RFn,2,TA,TA,Y,198,36,0,0,Sin_Cerca,3,2009,WD,Normal,197900
50,RM,50.0,6000,Sin_Acceso,Reg,Lvl,Corner,Gtl,BrkSide,Norm,1Fam,1.5Fin,5,8,1925,1997,Gable,Wd Sdng,Wd Sdng,None,0.0,TA,TA,BrkTil,TA,TA,No,Unf,0,Unf,0,884,884,Ex,Y,SBrkr,464,1348,1,0,1,0,3,TA,Typ,1,Fa,Detchd,Unf,1,TA,TA,N,0,0,208,0,Sin_Cerca,5,2009,WD,Normal,117000
20,RL,75.0,9750,Sin_Acceso,Reg,Lvl,Inside,Gtl,CollgCr,Norm,1Fam,1Story,7,5,2000,2001,Gable,VinylSd,VinylSd,BrkFace,171.0,Gd,TA,PConc,Gd,TA,No,Unf,0,Unf,0,1630,1630,Ex,Y,SBrkr,0,1630,0,0,2,0,3,Gd,Typ,1,TA,Attchd,Unf,2,TA,TA,Y,74,234,0,0,Sin_Cerca,10,2009,WD,Normal,213000
20,RL,78.0,10140,Sin_Acceso,Reg,Lvl,Inside,Gtl,NWAmes,Norm,1Fam,1Story,5,6,1975,1975,Gable,HdBoard,HdBoard,None,0.0,TA,TA,CBlock,Gd,TA,No,ALQ,788,Unf,0,268,1056,Ex,Y,SBrkr,0,1074,1,0,1,1,3,TA,Typ,0,Sin_Chimenea,Attchd,RFn,2,TA,TA,Y,0,88,0,0,MnPrv,7,2006,WD,Normal,153500
20,RL,90.0,14684,Sin_Acceso,IR1,Lvl,CulDSac,Gtl,SawyerW,Norm,1Fam,1Story,7,7,1990,1991,Hip,HdBoard,HdBoard,BrkFace,234.0,Gd,TA,CBlock,Gd,TA,Mn,ALQ,485,BLQ,177,1496,2158,Gd,Y,SBrkr,0,2196,0,0,2,0,3,Gd,Typ,1,TA,Attchd,RFn,3,TA,TA,Y,84,70,0,0,Sin_Cerca,6,2009,WD,Normal,271900
20,RH,66.5,8900,Sin_Acceso,Reg,Lvl,Inside,Gtl,SawyerW,Norm,1Fam,1Story,4,4,1966,1966,Gable,HdBoard,HdBoard,None,0.0,TA,TA,CBlock,TA,TA,No,Rec,1056,Unf,0,0,1056,TA,Y,SBrkr,0,1056,1,0,1,0,2,TA,Typ,0,Sin_Chimenea,Detchd,Unf,1,TA,TA,Y,0,42,0,0,MnPrv,11,2006,WD,Normal,107000
20,RL,70.0,9135,Sin_Acceso,Reg,Lvl,Inside,Gtl,CollgCr,Norm,1Fam,1Story,6,5,2003,2003,Gable,VinylSd,VinylSd,BrkFace,120.0,Gd,TA,PConc,Gd,TA,Av,GLQ,340,Unf,0,1342,1682,Ex,Y,SBrkr,0,1700,1,0,2,0,3,Gd,Typ,0,Sin_Chimenea,Attchd,RFn,2,TA,TA,Y,192,23,0,0,Sin_Cerca,5,2006,WD,Normal,200000
20,RL,70.0,7763,Sin_Acceso,Reg,Lvl,Inside,Gtl,NAmes,Norm,1Fam,1Story,5,7,1962,1980,Gable,MetalSd,MetalSd,None,0.0,TA,Gd,CBlock,TA,TA,No,Rec,504,BLQ,108,319,931,TA,Y,SBrkr,0,1283,1,0,1,0,3,TA,Typ,0,Sin_Chimenea,Detchd,Unf,2,TA,TA,Y,0,0,0,0,Sin_Cerca,10,2008,WD,Normal,140000
20,RL,85.0,10182,Sin_Acceso,IR1,Lvl,CulDSac,Gtl,Somerst,RRNn,1Fam,1Story,8,5,2006,2006,Hip,VinylSd,VinylSd,Stone,420.0,Gd,TA,PConc,Ex,TA,Mn,GLQ,1220,Unf,0,440,1660,Ex,Y,SBrkr,0,1660,1,0,2,0,3,Gd,Typ,1,Gd,Attchd,RFn,2,TA,TA,Y,322,50,0,0,Sin_Cerca,5,2006,New,Partial,290000
60,RL,70.0,11218,Sin_Acceso,Reg,Lvl,Inside,Gtl,SawyerW,Norm,1Fam,2Story,6,5,1992,1992,Gable,Wd Sdng,Wd Sdng,None,0.0,Gd,TA,PConc,Gd,TA,No,Unf,0,Unf,0,1055,1055,Ex,Y,SBrkr,790,1845,0,0,2,1,3,Gd,Typ,1,TA,Attchd,RFn,2,TA,TA,Y,635,104,0,0,GdPrv,5,2010,WD,Normal,189000
50,RL,152.0,12134,Sin_Acceso,IR1,Bnk,Inside,Mod,Gilbert,Norm,1Fam,1.5Fin,8,7,1988,2005,Gable,Wd Sdng,Wd Sdng,None,0.0,Gd,TA,Wood,Gd,TA,Av,GLQ,427,Unf,0,132,559,Gd,Y,SBrkr,672,1752,0,0,2,0,4,TA,Typ,0,Sin_Chimenea,Basment,RFn,2,TA,TA,Y,325,12,0,0,Sin_Cerca,6,2010,WD,Normal,164000
30,RL,50.0,9340,Sin_Acceso,Reg,Lvl,Inside,Gtl,Edwards,Norm,1Fam,1Story,4,6,1941,1950,Hip,MetalSd,MetalSd,None,0.0,TA,TA,CBlock,TA,TA,No,Rec,344,Unf,0,328,672,TA,Y,SBrkr,0,672,1,0,1,0,2,TA,Typ,0,Sin_Chimenea,Attchd,Unf,1,TA,TA,N,0,113,0,0,Sin_Cerca,8,2009,WD,Normal,113000
80,RL,71.0,10246,Sin_Acceso,IR1,Lvl,CulDSac,Gtl,Sawyer,Norm,1Fam,SLvl,4,9,1965,2001,Gable,VinylSd,VinylSd,None,0.0,TA,Gd,CBlock,TA,Gd,Av,GLQ,648,Unf,0,0,648,Ex,Y,SBrkr,0,960,1,1,0,0,0,TA,Typ,0,Sin_Chimenea,Attchd,Unf,1,TA,TA,Y,88,0,0,0,Sin_Cerca,5,2006,WD,Normal,145000
85,RL,69.0,10205,Sin_Acceso,IR1,Lvl,Inside,Gtl,NAmes,Norm,1Fam,SFoyer,5,5,1962,1962,Gable,MetalSd,MetalSd,None,0.0,TA,TA,CBlock,TA,TA,Av,BLQ,784,Unf,0,141,925,TA,Y,SBrkr,0,999,1,0,1,0,3,TA,Typ,0,Sin_Chimenea,Attchd,Unf,1,TA,TA,Y,150,72,0,0,Sin_Cerca,5,2006,WD,Normal,134500
20,RL,99.0,7094,Sin_Acceso,IR1,Lvl,Inside,Gtl,Sawyer,Norm,1Fam,1Story,5,5,1966,1966,Gable,VinylSd,VinylSd,None,0.0,TA,TA,CBlock,TA,TA,No,Rec,180,LwQ,374,340,894,TA,Y,SBrkr,0,894,0,0,1,0,3,TA,Typ,0,Sin_Chimenea,Detchd,RFn,1,TA,TA,Y,0,0,0,0,MnPrv,5,2007,WD,Normal,125000
90,RM,68.0,8930,Sin_Acceso,Reg,Lvl,Inside,Gtl,Sawyer,RRAe,Duplex,1.5Fin,6,5,1978,1978,Gable,VinylSd,VinylSd,None,0.0,TA,TA,Slab,Sin_Sotano,Sin_Sotano,Sin_Sotano,Sin_Sotano,0,Sin_Sotano,0,0,0,TA,Y,SBrkr,584,1902,0,0,2,0,4,TA,Typ,0,Sin_Chimenea,Attchd,Unf,2,TA,TA,Y,0,0,0,0,Sin_Cerca,4,2010,WD,Normal,112000
20,FV,72.0,8640,Sin_Acceso,Reg,Lvl,Inside,Gtl,Somerst,Norm,1Fam,1Story,8,5,2009,2009,Gable,CemntBd,CmentBd,Stone,72.0,Gd,TA,PConc,Gd,TA,Mn,GLQ,936,Unf,0,364,1300,Ex,Y,SBrkr,0,1314,1,0,2,0,3,Gd,Typ,0,Sin_Chimenea,Attchd,RFn,2,TA,TA,Y,135,112,0,0,Sin_Cerca,9,2009,New,Partial,229456
50,RM,52.0,6240,Sin_Acceso,Reg,Lvl,Inside,Gtl,BrkSide,Norm,1Fam,1.5Fin,4,5,1947,1950,Gable,AsbShng,AsbShng,None,0.0,TA,TA,Slab,Sin_Sotano,Sin_Sotano,Sin_Sotano,Sin_Sotano,0,Sin_Sotano,0,0,0,Gd,N,SBrkr,240,912,0,0,1,0,2,TA,Typ,0,Sin_Chimenea,Sin_Garaje,Sin_Garaje,0,Sin_Garaje,Sin_Garaje,N,0,0,0,0,Sin_Cerca,7,2006,WD,Normal,80500
160,RM,21.0,1680,Sin_Acceso,Reg,Lvl,Inside,Gtl,BrDale,Norm,Twnhs,2Story,6,5,1971,1971,Gable,CemntBd,CmentBd,BrkFace,236.0,TA,TA,CBlock,TA,TA,No,Unf,0,Unf,0,672,672,TA,Y,SBrkr,546,1218,0,0,1,1,3,TA,Typ,0,Sin_Chimenea,Sin_Garaje,Sin_Garaje,0,Sin_Garaje,Sin_Garaje,N,201,0,0,0,Sin_Cerca,4,2006,WD,Abnorml,91500
20,RL,66.0,7800,Sin_Acceso,IR1,Lvl,Inside,Gtl,NAmes,Norm,1Fam,1Story,5,5,1964,1964,Gable,Wd Sdng,Wd Sdng,None,0.0,TA,TA,CBlock,TA,TA,No,Rec,312,LwQ,600,0,912,TA,Y,SBrkr,0,912,0,0,1,0,2,TA,Typ,0,Sin_Chimenea,Attchd,Unf,1,TA,TA,Y,0,0,0,0,Sin_Cerca,11,2006,WD,Abnorml,115000
20,RL,55.0,8250,Sin_Acceso,Reg,Lvl,Inside,Gtl,Sawyer,Feedr,1Fam,1Story,5,5,1968,1968,Hip,HdBoard,HdBoard,None,0.0,TA,TA,CBlock,TA,TA,No,BLQ,250,LwQ,492,210,952,Ex,Y,SBrkr,0,1211,0,0,1,0,3,TA,Typ,1,TA,Attchd,Unf,1,TA,TA,Y,0,63,0,0,Sin_Cerca,8,2008,WD,Normal,134000
50,RL,78.0,10496,Sin_Acceso,Reg,Lvl,Inside,Gtl,NAmes,Artery,1Fam,1.5Fin,6,6,1949,1950,Gable,Wd Sdng,Wd Sdng,BrkFace,320.0,TA,TA,CBlock,TA,TA,Mn,Rec,196,Unf,0,844,1040,Ex,Y,SBrkr,678,1846,0,0,2,0,3,TA,Typ,1,Gd,Attchd,Unf,1,TA,TA,Y,0,0,0,0,GdWo,1,2007,WD,Normal,143000
20,RL,89.0,10680,Sin_Acceso,Reg,Lvl,Inside,Gtl,NAmes,Norm,1Fam,1Story,5,3,1951,1951,Hip,Wd Sdng,Wd Sdng,BrkFace,44.0,TA,TA,CBlock,TA,Fa,No,LwQ,756,Unf,0,1380,2136,TA,N,FuseA,0,2136,0,0,2,0,4,TA,Mod,0,Sin_Chimenea,Detchd,Unf,2,TA,TA,Y,0,30,0,0,MnPrv,10,2006,WD,Normal,137900
60,RL,60.0,15384,Sin_Acceso,IR1,Lvl,Inside,Gtl,Gilbert,RRAn,1Fam,2Story,7,5,2004,2005,Gable,VinylSd,VinylSd,None,0.0,Gd,TA,PConc,Gd,TA,Av,GLQ,724,Unf,0,64,788,Ex,Y,SBrkr,702,1490,1,0,2,1,3,Gd,Typ,1,Gd,Attchd,Fin,2,TA,TA,Y,100,75,0,0,Sin_Cerca,2,2008,WD,Normal,184000
80,RL,65.0,10482,Sin_Acceso,Reg,Lvl,Inside,Gtl,NAmes,Norm,1Fam,SLvl,6,8,1958,1958,Hip,VinylSd,VinylSd,BrkFace,63.0,TA,Gd,CBlock,TA,TA,Av,GLQ,507,Unf,0,81,588,Ex,Y,SBrkr,0,1138,0,1,1,0,3,TA,Typ,0,Sin_Chimenea,Attchd,RFn,1,TA,TA,Y,224,0,0,0,MnWw,6,2007,WD,Normal,145000
60,RL,86.0,14598,Sin_Acceso,IR1,Lvl,CulDSac,Gtl,Somerst,Feedr,1Fam,2Story,6,5,2007,2007,Gable,VinylSd,VinylSd,Stone,74.0,Gd,TA,PConc,Gd,TA,Mn,Unf,0,Unf,0,894,894,Ex,Y,SBrkr,1039,1933,0,0,2,1,4,Gd,Typ,1,Gd,BuiltIn,Fin,3,TA,TA,Y,100,18,0,0,Sin_Cerca,1,2008,WD,Normal,214000
20,RL,72.0,8872,Sin_Acceso,Reg,Lvl,Corner,Gtl,NAmes,Norm,1Fam,1Story,5,8,1965,2008,Gable,VinylSd,VinylSd,BrkFace,300.0,TA,TA,CBlock,TA,TA,No,ALQ,595,Unf,0,317,912,Ex,Y,SBrkr,0,912,1,0,1,0,2,Gd,Typ,0,Sin_Chimenea,Detchd,Unf,2,TA,TA,Y,0,240,0,0,Sin_Cerca,12,2008,WD,Normal,147000
120,RL,65.0,8769,Sin_Acceso,Reg,Lvl,Corner,Gtl,NridgHt,Norm,TwnhsE,1Story,9,5,2008,2008,Hip,MetalSd,MetalSd,BrkFace,766.0,Ex,TA,PConc,Ex,TA,No,GLQ,1540,Unf,0,162,1702,Ex,Y,SBrkr,0,1702,1,0,1,1,1,Ex,Typ,1,Gd,Attchd,Fin,3,TA,TA,Y,0,72,0,224,Sin_Cerca,10,2008,New,Partial,367294
80,RL,70.0,7910,Sin_Acceso,Reg,Lvl,Inside,Gtl,NAmes,Norm,1Fam,SLvl,5,5,1960,1960,Hip,BrkFace,HdBoard,None,0.0,TA,TA,CBlock,TA,TA,No,ALQ,666,Unf,0,409,1075,Gd,Y,SBrkr,0,1507,0,0,2,0,4,TA,Maj1,0,Sin_Chimenea,Basment,Unf,1,TA,TA,Y,0,0,0,0,GdWo,8,2008,WD,Normal,127000
90,RL,71.0,18890,Sin_Acceso,IR1,Lvl,Inside,Gtl,Sawyer,Feedr,Duplex,1.5Fin,5,5,1977,1977,Shed,Plywood,Plywood,BrkFace,1.0,TA,TA,CBlock,Gd,TA,No,GLQ,498,Rec,211,652,1361,Ex,Y,SBrkr,1259,2620,0,0,2,2,4,TA,Typ,1,TA,BuiltIn,RFn,2,TA,TA,N,155,24,145,0,Sin_Cerca,8,2007,WD,Normal,190000
90,RL,70.0,7728,Sin_Acceso,Reg,Lvl,Inside,Gtl,NAmes,Norm,Duplex,SLvl,5,6,1962,1962,Hip,Wd Sdng,Wd Sdng,BrkFace,120.0,TA,TA,CBlock,TA,TA,Av,ALQ,803,Unf,0,303,1106,TA,Y,SBrkr,0,1190,1,0,1,0,3,TA,Typ,0,Sin_Chimenea,Attchd,Unf,2,TA,TA,Y,0,18,0,0,GdWo,5,2006,WD,Normal,132500
90,RL,70.0,9842,Sin_Acceso,Reg,Lvl,FR2,Gtl,NAmes,Norm,Duplex,1Story,4,5,1962,1962,Gable,HdBoard,HdBoard,None,0.0,TA,TA,Slab,Sin_Sotano,Sin_Sotano,Sin_Sotano,Sin_Sotano,0,Sin_Sotano,0,0,0,TA,Y,SBrkr,0,1224,0,0,2,0,2,TA,Typ,0,Sin_Chimenea,CarPort,Unf,2,TA,TA,Y,0,0,0,0,Sin_Cerca,3,2007,WD,Normal,101800
20,RL,73.0,12160,Sin_Acceso,IR1,Lvl,Inside,Gtl,NAmes,Norm,1Fam,1Story,5,5,1959,1959,Hip,Plywood,Plywood,BrkFace,180.0,TA,TA,CBlock,TA,TA,No,Rec,1000,Unf,0,188,1188,Fa,Y,SBrkr,0,1188,1,0,1,0,3,TA,Typ,0,Sin_Chimenea,Attchd,RFn,2,TA,TA,Y,0,0,0,0,MnPrv,5,2010,COD,Abnorml,142000
70,RH,55.0,8525,Sin_Acceso,Reg,Bnk,Inside,Gtl,SWISU,Norm,1Fam,2Story,5,6,1911,1950,Gable,MetalSd,MetalSd,None,0.0,TA,TA,PConc,TA,TA,Av,Unf,0,Unf,0,940,940,TA,N,FuseA,940,1964,0,0,1,1,4,TA,Typ,0,Sin_Chimenea,Sin_Garaje,Sin_Garaje,0,Sin_Garaje,Sin_Garaje,N,0,192,0,0,Sin_Cerca,11,2008,WD,Abnorml,130000
70,RL,96.0,13132,Sin_Acceso,Reg,Lvl,Inside,Gtl,Crawfor,Norm,1Fam,2Story,5,5,1914,1950,Gable,Wd Sdng,Wd Sdng,None,0.0,TA,TA,BrkTil,Gd,TA,Mn,Unf,0,Unf,0,747,747,Gd,Y,FuseF,892,1784,0,0,1,1,4,TA,Typ,0,Sin_Chimenea,Detchd,Unf,1,Fa,Fa,N,203,40,0,0,Sin_Cerca,7,2006,WD,Normal,138887
160,RL,36.0,2628,Sin_Acceso,Reg,Lvl,Inside,Gtl,NridgHt,Norm,Twnhs,2Story,7,5,2003,2003,Gable,VinylSd,Wd Shng,Stone,106.0,Gd,TA,PConc,Gd,TA,No,Unf,0,Unf,0,764,764,Ex,Y,SBrkr,862,1626,0,0,2,1,2,Gd,Typ,0,Sin_Chimenea,BuiltIn,RFn,2,TA,TA,Y,0,27,0,0,Sin_Cerca,6,2010,WD,Normal,175500
60,RL,41.0,12393,Sin_Acceso,IR2,Lvl,FR2,Gtl,CollgCr,Norm,1Fam,2Story,7,5,2004,2005,Gable,VinylSd,VinylSd,None,0.0,Gd,TA,PConc,Gd,TA,No,Unf,0,Unf,0,847,847,Ex,Y,SBrkr,1101,1948,0,0,2,1,4,Gd,Typ,1,Gd,BuiltIn,Fin,2,TA,TA,Y,100,48,0,0,Sin_Cerca,9,2006,WD,Normal,195000
20,RL,63.0,13072,Sin_Acceso,Reg,Lvl,Inside,Gtl,SawyerW,RRAe,1Fam,1Story,6,5,2005,2005,Gable,VinylSd,VinylSd,None,0.0,Gd,TA,PConc,Gd,TA,No,Unf,0,Unf,0,1141,1141,Ex,Y,SBrkr,0,1141,0,0,1,1,3,TA,Typ,0,Sin_Chimenea,Detchd,Unf,2,TA,TA,Y,0,0,0,0,Sin_Cerca,3,2006,WD,Abnorml,142500
20,RL,64.0,9037,Sin_Acceso,IR1,HLS,Inside,Gtl,Timber,Norm,1Fam,1Story,8,5,2006,2006,Hip,VinylSd,VinylSd,BrkFace,32.0,Gd,TA,PConc,Gd,TA,Av,GLQ,428,Unf,0,1048,1476,Ex,Y,SBrkr,0,1484,0,0,2,0,2,Ex,Typ,1,Gd,Attchd,RFn,2,TA,TA,Y,120,33,0,0,Sin_Cerca,12,2007,WD,Normal,265900
60,RL,65.0,8158,Sin_Acceso,Reg,Lvl,Inside,Gtl,CollgCr,Norm,1Fam,2Story,7,5,2003,2003,Gable,VinylSd,VinylSd,BrkFace,252.0,Gd,TA,PConc,Gd,TA,No,GLQ,550,Unf,0,334,884,Ex,Y,SBrkr,884,1768,1,0,2,1,3,Gd,Typ,0,Sin_Chimenea,Attchd,RFn,2,TA,TA,Y,0,63,0,0,Sin_Cerca,7,2008,WD,Normal,224900
20,RL,83.0,9849,Sin_Acceso,Reg,Lvl,Inside,Gtl,Somerst,Norm,1Fam,1Story,7,6,2007,2007,Hip,VinylSd,VinylSd,Stone,0.0,Gd,TA,PConc,Gd,TA,Av,Unf,0,Unf,0,1689,1689,Ex,Y,SBrkr,0,1689,0,0,2,0,3,Gd,Typ,0,Sin_Chimenea,Attchd,RFn,3,TA,TA,Y,0,56,0,0,Sin_Cerca,6,2007,New,Partial,248328
85,RL,85.0,10625,Sin_Acceso,Reg,Lvl,Inside,Gtl,NWAmes,Norm,1Fam,SFoyer,7,6,1974,1974,Gable,Plywood,Plywood,BrkFace,81.0,TA,TA,CBlock,Gd,TA,Gd,GLQ,885,LwQ,168,0,1053,TA,Y,SBrkr,0,1173,1,0,2,0,3,Gd,Typ,2,TA,Attchd,RFn,2,TA,TA,Y,0,120,0,0,MnPrv,1,2010,WD,Family,170000
20,RL,107.0,13891,Sin_Acceso,Reg,Lvl,Inside,Gtl,NridgHt,Norm,1Fam,1Story,10,5,2006,2006,Gable,VinylSd,VinylSd,None,0.0,Ex,TA,PConc,Ex,Gd,Gd,GLQ,1386,Unf,0,690,2076,Ex,Y,SBrkr,0,2076,1,0,2,1,2,Ex,Typ,1,Gd,Attchd,Fin,3,TA,TA,Y,216,229,0,0,Sin_Cerca,9,2006,New,Partial,465000
70,RL,74.0,11435,Sin_Acceso,IR1,HLS,Corner,Mod,Crawfor,Norm,1Fam,2Story,8,7,1929,1950,Gable,BrkFace,Stucco,None,0.0,TA,TA,PConc,Gd,TA,No,Unf,0,Unf,0,792,792,Fa,Y,SBrkr,725,1517,0,0,1,0,3,Gd,Typ,2,Gd,Detchd,Unf,2,TA,TA,Y,0,0,0,0,Sin_Cerca,6,2006,WD,Normal,230000
80,RL,78.0,12090,Sin_Acceso,Reg,Lvl,Inside,Gtl,NWAmes,Norm,1Fam,SLvl,6,7,1984,2003,Hip,VinylSd,VinylSd,BrkFace,74.0,TA,TA,CBlock,Gd,TA,No,Unf,0,Unf,0,585,585,Ex,Y,SBrkr,728,1868,0,0,3,1,3,TA,Typ,1,TA,BuiltIn,Fin,2,TA,TA,Y,268,112,0,147,Sin_Cerca,1,2007,WD,Abnorml,178000
60,FV,65.0,8125,Sin_Acceso,Reg,Lvl,Inside,Gtl,Somerst,Norm,1Fam,2Story,7,5,2005,2006,Gable,VinylSd,VinylSd,None,0.0,Gd,TA,PConc,Gd,TA,No,Unf,0,Unf,0,756,756,Ex,Y,SBrkr,797,1553,0,0,2,1,3,Gd,Typ,0,Sin_Chimenea,Attchd,RFn,2,TA,TA,Y,0,45,0,0,Sin_Cerca,3,2006,New,Partial,186500
80,RL,73.0,12328,Sin_Acceso,IR1,Lvl,Inside,Gtl,Mitchel,Norm,1Fam,SLvl,6,5,1976,1976,Gable,HdBoard,HdBoard,BrkFace,335.0,TA,TA,CBlock,TA,TA,Av,GLQ,539,Unf,0,473,1012,TA,Y,SBrkr,0,1034,1,0,1,0,3,TA,Typ,0,Sin_Chimenea,Attchd,Unf,3,TA,TA,Y,0,0,0,0,Sin_Cerca,5,2010,WD,Normal,169900
75,RM,60.0,9600,Grvl,Reg,Lvl,Inside,Gtl,OldTown,Norm,1Fam,2.5Unf,6,5,1917,1950,Gable,AsbShng,AsbShng,None,0.0,TA,TA,BrkTil,Gd,TA,No,Rec,319,Unf,0,416,735,Fa,N,SBrkr,924,2058,0,0,1,1,3,TA,Typ,1,Gd,Detchd,Unf,2,Fa,Fa,P,0,0,259,0,Sin_Cerca,4,2008,WD,Normal,129500
20,RL,60.0,7200,Sin_Acceso,Reg,Lvl,Inside,Gtl,NAmes,Norm,1Fam,1Story,5,7,1950,1950,Gable,MetalSd,MetalSd,None,0.0,TA,TA,CBlock,TA,TA,No,BLQ,534,Rec,96,246,876,TA,Y,SBrkr,0,988,0,0,1,0,3,TA,Typ,0,Sin_Chimenea,Attchd,Unf,1,TA,TA,Y,0,80,0,0,Sin_Cerca,5,2007,WD,Normal,119000
20,RL,93.0,11160,Sin_Acceso,Reg,Lvl,Corner,Gtl,NAmes,Norm,1Fam,1Story,7,5,1968,1968,Hip,BrkFace,BrkFace,None,0.0,Gd,TA,CBlock,TA,TA,No,ALQ,1065,Unf,0,1045,2110,Ex,Y,SBrkr,0,2110,1,0,2,1,3,Ex,Typ,2,TA,Attchd,Fin,2,TA,TA,Y,0,0,0,0,Sin_Cerca,4,2010,WD,Normal,244000
120,RL,88.5,3136,Sin_Acceso,IR1,Lvl,Corner,Gtl,NridgHt,Norm,TwnhsE,1Story,7,5,2003,2003,Gable,VinylSd,Wd Shng,Stone,163.0,Gd,TA,PConc,Gd,TA,No,Unf,0,Unf,0,1405,1405,Ex,Y,SBrkr,0,1405,0,0,2,0,2,Gd,Typ,1,Gd,Attchd,RFn,2,TA,TA,Y,148,36,0,0,Sin_Cerca,3,2006,WD,Normal,171750
20,RL,62.0,9858,Sin_Acceso,Reg,Lvl,Inside,Gtl,Mitchel,Norm,1Fam,1Story,5,6,1968,1968,Gable,HdBoard,HdBoard,None,0.0,TA,TA,CBlock,TA,TA,No,BLQ,510,Unf,0,354,864,TA,Y,SBrkr,0,874,1,0,1,0,3,TA,Typ,0,Sin_Chimenea,Attchd,RFn,1,TA,TA,Y,33,0,0,0,GdWo,11,2009,WD,Normal,130000
60,RL,68.0,17542,Sin_Acceso,IR1,Lvl,Inside,Gtl,Veenker,Norm,1Fam,2Story,7,7,1974,2003,Gable,Wd Sdng,Wd Sdng,None,0.0,Gd,TA,CBlock,TA,TA,Gd,LwQ,125,ALQ,1031,36,1192,TA,Y,SBrkr,651,2167,1,0,2,1,3,Gd,Typ,2,Gd,Attchd,RFn,2,TA,TA,Y,220,47,0,0,MnPrv,7,2007,WD,Normal,294000
60,RL,60.0,6931,Sin_Acceso,Reg,Lvl,Inside,Gtl,Edwards,Norm,1Fam,2Story,7,5,2003,2004,Gable,VinylSd,VinylSd,Stone,92.0,Gd,TA,PConc,Gd,TA,No,Unf,0,Unf,0,746,746,Ex,Y,SBrkr,896,1656,0,0,2,1,3,Gd,Typ,1,Gd,BuiltIn,Fin,2,TA,TA,Y,178,128,0,0,Sin_Cerca,7,2008,WD,Normal,165400
50,RM,52.0,6240,Sin_Acceso,Reg,Lvl,Inside,Gtl,BrkSide,Norm,1Fam,1.5Fin,6,6,1931,1950,Gable,Wd Sdng,Wd Sdng,None,0.0,TA,TA,BrkTil,TA,Fa,No,LwQ,425,Unf,0,459,884,TA,Y,FuseA,408,1367,0,0,1,0,3,TA,Typ,1,Gd,Detchd,Unf,1,TA,TA,Y,0,0,0,120,Sin_Cerca,11,2007,WD,Normal,127500
20,RL,91.0,14303,Sin_Acceso,IR1,Lvl,Corner,Gtl,NoRidge,Norm,1Fam,1Story,8,5,1994,1994,Hip,HdBoard,HdBoard,BrkFace,554.0,Gd,TA,PConc,Gd,TA,Gd,GLQ,1314,Unf,0,672,1986,Ex,Y,SBrkr,0,1987,1,0,2,0,2,Gd,Typ,1,TA,Attchd,Fin,2,TA,TA,Y,262,36,0,0,Sin_Cerca,8,2008,WD,Normal,301500
30,RL,56.0,4060,Sin_Acceso,Reg,Lvl,Corner,Gtl,Edwards,Feedr,1Fam,1Story,5,8,1922,1950,Gable,Wd Sdng,Wd Sdng,None,0.0,TA,TA,PConc,Fa,TA,No,Unf,0,Unf,0,864,864,Ex,Y,SBrkr,0,864,0,0,1,0,2,TA,Typ,0,Sin_Chimenea,Sin_Garaje,Sin_Garaje,0,Sin_Garaje,Sin_Garaje,Y,0,96,0,0,Sin_Cerca,7,2009,WD,Normal,99900
80,RL,59.0,9587,Sin_Acceso,IR1,Lvl,Inside,Gtl,Gilbert,Norm,1Fam,SLvl,7,5,2005,2005,Gable,VinylSd,VinylSd,Stone,182.0,Gd,TA,PConc,Gd,TA,Gd,GLQ,655,Unf,0,201,856,Ex,Y,SBrkr,0,1166,1,0,2,0,2,Gd,Typ,0,Sin_Chimenea,Attchd,Fin,2,TA,TA,Y,212,0,0,0,Sin_Cerca,7,2008,WD,Normal,190000
20,RL,65.0,9750,Sin_Acceso,Reg,Lvl,FR2,Gtl,NAmes,Norm,1Fam,1Story,6,8,1969,1969,Gable,HdBoard,HdBoard,None,0.0,TA,TA,CBlock,Gd,TA,No,ALQ,602,LwQ,438,14,1054,Gd,Y,SBrkr,0,1054,1,0,1,1,3,TA,Typ,0,Sin_Chimenea,Attchd,Unf,2,TA,TA,Y,180,0,0,80,Sin_Cerca,7,2008,WD,Normal,151000
60,RL,65.0,24682,Sin_Acceso,IR3,Lvl,CulDSac,Gtl,Gilbert,RRAn,1Fam,2Story,6,5,1999,1999,Gable,VinylSd,VinylSd,None,0.0,TA,TA,PConc,Gd,TA,No,Unf,0,Unf,0,841,841,Ex,Y,SBrkr,783,1675,0,0,2,1,3,TA,Typ,1,TA,BuiltIn,Fin,2,TA,TA,Y,0,103,0,0,Sin_Cerca,6,2009,WD,Normal,181000
20,RL,80.0,9600,Sin_Acceso,Reg,Lvl,Inside,Gtl,NAmes,Norm,1Fam,1Story,5,6,1956,1956,Hip,MetalSd,MetalSd,None,0.0,TA,TA,CBlock,TA,TA,No,Rec,504,Unf,0,546,1050,Gd,Y,SBrkr,0,1050,0,0,1,0,2,TA,Typ,0,Sin_Chimenea,Attchd,Unf,1,TA,TA,Y,0,0,0,0,Sin_Cerca,6,2009,WD,Normal,128900
50,RL,80.0,11250,Sin_Acceso,Reg,Lvl,Inside,Gtl,ClearCr,Norm,1Fam,1.5Fin,4,5,1957,1989,Gable,Wd Sdng,Wd Sdng,None,0.0,TA,TA,CBlock,TA,TA,Av,Unf,0,Unf,0,1104,1104,Ex,Y,FuseA,684,1788,1,0,1,0,5,TA,Min2,2,TA,Attchd,Unf,1,TA,TA,Y,120,0,0,0,Sin_Cerca,11,2009,WD,Normal,161500
70,RL,60.0,13515,Pave,Reg,Lvl,Inside,Gtl,BrkSide,Norm,1Fam,2Story,6,6,1919,1950,Gambrel,Wd Sdng,Wd Sdng,None,0.0,TA,TA,PConc,TA,TA,No,Unf,0,Unf,0,764,764,Ex,Y,FuseA,764,1824,0,0,1,0,3,TA,Typ,1,Gd,Detchd,Unf,2,TA,TA,N,0,0,126,0,GdPrv,7,2007,WD,Normal,180500
120,RH,34.0,4060,Sin_Acceso,Reg,Lvl,Inside,Gtl,NAmes,Norm,TwnhsE,1Story,6,5,1998,1999,Gable,MetalSd,MetalSd,None,0.0,Gd,TA,PConc,Gd,TA,No,GLQ,266,Unf,0,1139,1405,Ex,Y,SBrkr,0,1337,1,0,2,0,2,Gd,Typ,0,Sin_Chimenea,Attchd,Fin,2,TA,TA,Y,144,68,0,0,Sin_Cerca,8,2008,COD,Abnorml,181000
160,FV,35.0,3735,Sin_Acceso,Reg,Lvl,FR3,Gtl,Somerst,Norm,TwnhsE,2Story,7,5,1999,1999,Hip,MetalSd,MetalSd,BrkFace,218.0,Gd,TA,PConc,Gd,TA,No,GLQ,450,Unf,0,241,691,Ex,Y,SBrkr,739,1452,1,0,2,1,3,Gd,Typ,0,Sin_Chimenea,Detchd,Unf,2,TA,TA,Y,0,34,0,0,Sin_Cerca,3,2006,WD,Normal,183900
190,RM,60.0,10120,Sin_Acceso,IR1,Bnk,Inside,Gtl,OldTown,Feedr,2fmCon,2.5Unf,7,4,1910,1950,Hip,Wd Sdng,Wd Sdng,None,0.0,Fa,TA,CBlock,TA,TA,No,Unf,0,Unf,0,925,925,TA,N,FuseF,925,1889,0,0,1,1,4,TA,Typ,1,Gd,Detchd,Unf,1,TA,TA,N,0,0,264,0,MnPrv,1,2007,WD,Normal,122000
20,RL,89.0,13214,Sin_Acceso,IR1,HLS,Inside,Gtl,Timber,Norm,1Fam,1Story,9,5,2008,2009,Hip,Stucco,CmentBd,None,0.0,Ex,TA,PConc,Ex,TA,Gd,Unf,0,Unf,0,2002,2002,Ex,Y,SBrkr,0,2018,0,0,2,0,3,Ex,Typ,1,Gd,Attchd,Fin,3,TA,TA,Y,144,76,0,0,Sin_Cerca,5,2010,WD,Normal,378500
50,RL,74.0,14100,Sin_Acceso,IR1,Lvl,Inside,Mod,Crawfor,Norm,1Fam,1.5Fin,8,9,1935,1997,Gable,Stucco,Stucco,BrkFace,632.0,TA,Gd,CBlock,TA,TA,Mn,Rec,192,Unf,0,536,728,Ex,Y,SBrkr,1479,3447,0,0,3,1,4,Gd,Typ,2,Gd,BuiltIn,Unf,3,TA,TA,Y,314,12,0,0,GdWo,5,2008,WD,Normal,381000
50,RL,78.0,11344,Sin_Acceso,Reg,Lvl,Inside,Gtl,NAmes,Feedr,1Fam,1.5Fin,5,5,1958,1958,Gable,MetalSd,MetalSd,BrkFace,180.0,TA,TA,CBlock,TA,TA,No,BLQ,460,Unf,0,414,874,TA,Y,FuseA,650,1524,0,0,1,1,3,TA,Typ,0,Sin_Chimenea,Attchd,Unf,1,TA,TA,Y,0,0,0,0,GdWo,7,2007,WD,Normal,144000
40,RL,80.0,23595,Sin_Acceso,Reg,Low,Inside,Sev,ClearCr,Norm,1Fam,1Story,7,6,1979,1979,Shed,Plywood,Plywood,None,0.0,Gd,TA,PConc,Gd,TA,Gd,GLQ,1258,Unf,0,74,1332,TA,Y,SBrkr,192,1524,2,0,0,1,0,Gd,Typ,1,TA,Attchd,Fin,2,TA,TA,Y,268,0,0,0,Sin_Cerca,4,2010,WD,Normal,260000
20,RL,80.0,9156,Sin_Acceso,IR1,Lvl,Inside,Gtl,NWAmes,PosN,1Fam,1Story,6,7,1968,1968,Hip,BrkFace,BrkFace,None,0.0,TA,TA,CBlock,TA,TA,No,Unf,0,Unf,0,1489,1489,Gd,Y,SBrkr,0,1489,0,0,2,0,3,Gd,Typ,1,Gd,Attchd,RFn,2,TA,TA,Y,0,0,0,0,Sin_Cerca,8,2009,WD,Normal,185750
20,RL,71.0,13526,Sin_Acceso,IR1,Lvl,CulDSac,Gtl,Sawyer,Norm,1Fam,1Story,5,6,1965,1965,Hip,HdBoard,Plywood,BrkFace,114.0,TA,TA,CBlock,TA,TA,No,BLQ,560,LwQ,375,0,935,TA,Y,SBrkr,0,935,1,0,1,0,3,TA,Typ,0,Sin_Chimenea,Attchd,Unf,1,TA,TA,Y,180,0,0,0,MnPrv,11,2006,WD,Normal,137000
80,RL,124.0,11512,Sin_Acceso,IR1,Lvl,Corner,Gtl,Edwards,Norm,1Fam,SLvl,6,7,1959,2006,Gable,Plywood,Plywood,BrkFace,84.0,TA,TA,CBlock,TA,TA,Av,ALQ,719,Unf,0,300,1019,Gd,Y,SBrkr,0,1357,1,0,1,0,2,Ex,Typ,1,Gd,Basment,RFn,1,TA,TA,Y,0,0,0,163,GdPrv,5,2008,WD,Normal,177000
50,RL,53.0,5362,Sin_Acceso,Reg,Lvl,Corner,Gtl,Crawfor,Norm,1Fam,1.5Fin,5,6,1910,2003,Gable,Wd Sdng,Wd Shng,None,0.0,TA,TA,PConc,TA,TA,No,Unf,0,Unf,0,661,661,Ex,Y,SBrkr,589,1250,0,0,2,0,3,TA,Typ,1,Gd,Detchd,Unf,2,TA,TA,Y,242,0,81,0,Sin_Cerca,11,2007,WD,Normal,139000
90,RL,95.0,11345,Sin_Acceso,Reg,Lvl,Corner,Gtl,NAmes,Feedr,Duplex,2Story,5,5,1948,1950,Gable,AsbShng,AsbShng,Stone,567.0,TA,TA,CBlock,TA,TA,No,Rec,220,Unf,0,708,928,Gd,Y,FuseA,992,1920,0,0,2,0,4,TA,Typ,0,Sin_Chimenea,Detchd,Unf,2,TA,Fa,Y,0,0,0,0,Sin_Cerca,7,2007,WD,Normal,137000
60,RL,80.0,12936,Sin_Acceso,IR1,Lvl,CulDSac,Gtl,NWAmes,Norm,1Fam,2Story,6,6,1972,1972,Gable,HdBoard,Plywood,None,0.0,TA,TA,CBlock,TA,Gd,No,BLQ,593,Unf,0,130,723,TA,Y,SBrkr,660,1395,0,1,1,1,3,TA,Typ,1,TA,Attchd,Unf,2,TA,TA,Y,294,116,0,0,Sin_Cerca,12,2009,WD,Normal,162000
80,RL,80.0,17871,Sin_Acceso,IR1,Lvl,CulDSac,Gtl,NWAmes,Norm,1Fam,SLvl,6,5,1967,1976,Gable,HdBoard,HdBoard,BrkFace,359.0,TA,TA,CBlock,Gd,TA,Av,ALQ,528,Unf,0,1152,1680,Fa,Y,SBrkr,0,1724,1,0,1,1,3,TA,Typ,1,Gd,Attchd,RFn,2,TA,TA,Y,0,0,0,0,Sin_Cerca,6,2009,WD,Normal,197900
60,RL,75.0,9473,Sin_Acceso,Reg,Lvl,Inside,Gtl,CollgCr,Norm,1Fam,2Story,8,5,2002,2002,Gable,VinylSd,VinylSd,None,0.0,Gd,TA,PConc,Gd,TA,No,GLQ,804,Unf,0,324,1128,Ex,Y,SBrkr,903,2031,1,0,2,1,3,Gd,Typ,1,Gd,Attchd,RFn,2,TA,TA,Y,0,211,0,0,Sin_Cerca,3,2008,WD,Normal,237000
50,C (all),60.0,7500,Sin_Acceso,Reg,Lvl,Inside,Gtl,IDOTRR,Norm,1Fam,1.5Fin,4,4,1920,1950,Gable,MetalSd,MetalSd,None,0.0,TA,Gd,CBlock,TA,TA,No,Unf,0,Unf,0,698,698,TA,Y,FuseA,430,1128,0,0,1,0,2,TA,Typ,0,Sin_Chimenea,Detchd,RFn,2,TA,TA,Y,30,0,164,0,Sin_Cerca,4,2010,COD,Abnorml,68400
20,RL,67.0,9808,Sin_Acceso,IR1,Lvl,Inside,Gtl,CollgCr,Norm,1Fam,1Story,7,5,2002,2002,Gable,VinylSd,VinylSd,BrkFace,110.0,Gd,TA,PConc,Gd,TA,No,GLQ,788,Unf,0,785,1573,Ex,Y,SBrkr,0,1573,1,0,2,0,3,Gd,Typ,0,Sin_Chimenea,Attchd,RFn,2,TA,TA,Y,0,72,0,0,Sin_Cerca,3,2009,WD,Normal,227000
20,RL,50.0,8049,Sin_Acceso,IR1,Lvl,CulDSac,Gtl,Timber,Norm,1Fam,1Story,7,5,1990,1990,Hip,HdBoard,HdBoard,BrkFace,54.0,TA,TA,CBlock,Gd,TA,No,ALQ,1053,Unf,0,256,1309,TA,Y,SBrkr,0,1339,1,0,2,0,2,TA,Typ,1,TA,Attchd,Fin,2,Gd,Gd,Y,0,58,0,90,Sin_Cerca,7,2006,WD,Normal,180000
20,RL,61.0,8800,Sin_Acceso,IR1,Lvl,Inside,Gtl,CollgCr,Norm,1Fam,1Story,5,7,1977,2008,Gable,HdBoard,HdBoard,None,0.0,TA,TA,CBlock,Gd,TA,Mn,LwQ,532,Rec,144,364,1040,TA,Y,SBrkr,0,1040,0,0,2,0,3,Gd,Typ,0,Sin_Chimenea,Detchd,Unf,2,TA,TA,Y,0,0,0,288,Sin_Cerca,9,2009,WD,Normal,150500
90,RL,94.0,9400,Sin_Acceso,Reg,Low,Corner,Gtl,Mitchel,Norm,Duplex,2Story,6,5,1971,1971,Mansard,MetalSd,Wd Shng,None,0.0,TA,TA,CBlock,TA,TA,Av,Unf,0,Unf,0,912,912,TA,Y,SBrkr,912,1824,0,0,2,2,4,TA,Typ,0,Sin_Chimenea,Sin_Garaje,Sin_Garaje,0,Sin_Garaje,Sin_Garaje,Y,128,0,0,0,Sin_Cerca,4,2010,WD,Normal,139000
50,RL,50.0,9638,Sin_Acceso,Reg,Lvl,Inside,Gtl,SWISU,Feedr,1Fam,1.5Fin,6,7,1919,1990,Gable,Wd Sdng,Wd Shng,None,0.0,TA,TA,PConc,TA,TA,No,Unf,0,Unf,0,804,804,Ex,Y,SBrkr,748,2447,0,0,2,0,4,Gd,Min2,1,Gd,Detchd,Unf,1,TA,TA,Y,272,0,42,116,Sin_Cerca,3,2010,WD,Normal,169000
50,RM,50.0,6000,Sin_Acceso,Reg,Lvl,Inside,Gtl,BrkSide,Norm,1Fam,1.5Fin,6,6,1939,1950,Gable,MetalSd,MetalSd,None,0.0,TA,Fa,CBlock,TA,TA,No,Unf,0,Unf,0,780,780,Ex,Y,FuseF,587,1412,0,0,1,0,4,TA,Typ,1,Gd,Detchd,Unf,1,TA,TA,Y,45,0,0,0,Sin_Cerca,5,2009,WD,Normal,132500
20,RL,80.0,9790,Sin_Acceso,Reg,Lvl,Inside,Gtl,NWAmes,Feedr,1Fam,1Story,6,5,1963,1963,Hip,HdBoard,HdBoard,BrkFace,451.0,TA,TA,CBlock,TA,TA,No,ALQ,569,Rec,81,678,1328,TA,Y,SBrkr,0,1328,1,0,1,1,3,TA,Typ,2,Gd,Attchd,Unf,2,TA,TA,Y,0,26,0,0,Sin_Cerca,6,2010,WD,Normal,143000
20,RL,80.0,36500,Sin_Acceso,IR1,Low,Inside,Mod,ClearCr,Norm,1Fam,1Story,5,5,1964,1964,Gable,Wd Sdng,Wd Sdng,BrkCmn,621.0,TA,Gd,CBlock,TA,TA,Av,Rec,812,Unf,0,812,1624,Fa,Y,SBrkr,0,1582,0,1,2,0,4,TA,Typ,0,Sin_Chimenea,Attchd,Unf,2,TA,TA,N,168,198,0,0,Sin_Cerca,6,2006,WD,Normal,190000
120,RL,40.0,5664,Sin_Acceso,IR1,Lvl,Inside,Gtl,StoneBr,Norm,TwnhsE,1Story,8,5,2000,2000,Gable,CemntBd,CmentBd,None,0.0,Gd,TA,PConc,Gd,TA,No,GLQ,1158,Unf,0,343,1501,Ex,Y,SBrkr,0,1659,1,0,2,0,2,Ex,Typ,1,Ex,Attchd,Fin,2,TA,TA,Y,212,59,0,0,Sin_Cerca,10,2009,WD,Normal,278000
60,RL,86.0,11065,Sin_Acceso,IR1,Lvl,Inside,Gtl,NridgHt,Norm,1Fam,2Story,8,5,2006,2006,Gable,VinylSd,VinylSd,Stone,788.0,Gd,TA,PConc,Gd,TA,Mn,Unf,0,Unf,0,1085,1085,Ex,Y,SBrkr,850,1970,0,0,2,1,3,Ex,Typ,1,Gd,BuiltIn,Fin,3,TA,TA,Y,177,74,0,0,Sin_Cerca,10,2006,New,Partial,281000
80,RL,73.0,14112,Sin_Acceso,IR1,Lvl,Corner,Gtl,NAmes,Norm,1Fam,SLvl,5,7,1964,1964,Hip,Wd Sdng,HdBoard,BrkFace,86.0,TA,TA,PConc,TA,TA,Av,GLQ,1014,Unf,0,138,1152,TA,Y,SBrkr,0,1152,1,0,1,0,3,TA,Typ,1,Gd,Attchd,RFn,2,TA,TA,Y,227,0,0,0,Sin_Cerca,4,2010,WD,Normal,180500
160,RM,21.0,1680,Sin_Acceso,Reg,Lvl,Inside,Gtl,BrDale,Norm,Twnhs,2Story,5,7,1972,1972,Gable,CemntBd,CmentBd,BrkFace,268.0,TA,TA,CBlock,TA,TA,No,ALQ,231,Unf,0,399,630,TA,Y,SBrkr,672,1302,0,0,2,1,3,TA,Typ,0,Sin_Chimenea,Detchd,Unf,1,TA,TA,Y,185,0,0,0,Sin_Cerca,2,2009,WD,Normal,119500
70,RM,60.0,6600,Sin_Acceso,Reg,Lvl,Corner,Gtl,OldTown,Norm,1Fam,2Story,5,4,1892,1965,Gable,Wd Sdng,Wd Sdng,None,0.0,TA,TA,Stone,TA,TA,No,Unf,0,Unf,0,994,994,TA,N,SBrkr,994,2372,0,0,2,0,4,TA,Min2,0,Sin_Chimenea,Attchd,RFn,1,TA,TA,Y,0,287,0,0,Sin_Cerca,12,2009,WD,Normal,107500
60,RL,78.0,10140,Sin_Acceso,Reg,Lvl,Inside,Gtl,NWAmes,Norm,1Fam,2Story,7,5,1976,1976,Gable,HdBoard,HdBoard,None,0.0,TA,TA,PConc,Gd,TA,No,GLQ,194,Unf,0,638,832,TA,Y,SBrkr,832,1664,0,0,2,1,4,TA,Typ,1,TA,Attchd,RFn,2,TA,TA,Y,0,28,0,259,GdWo,3,2006,WD,Normal,162900
20,RL,60.0,8172,Sin_Acceso,Reg,Lvl,Inside,Gtl,Edwards,Norm,1Fam,1Story,5,7,1955,1990,Hip,WdShing,Plywood,None,0.0,TA,TA,CBlock,TA,TA,No,Rec,167,Unf,0,697,864,TA,Y,SBrkr,0,864,1,0,1,0,2,TA,Typ,0,Sin_Chimenea,Detchd,Unf,2,TA,TA,N,0,0,0,0,Sin_Cerca,4,2006,WD,Normal,115000
20,RL,70.0,8400,Sin_Acceso,Reg,Lvl,Inside,Gtl,NAmes,Feedr,1Fam,1Story,5,5,1968,1968,Hip,HdBoard,HdBoard,BrkFace,168.0,TA,TA,CBlock,TA,TA,Av,BLQ,1016,Unf,0,36,1052,Gd,Y,SBrkr,0,1052,1,0,1,1,3,TA,Typ,0,Sin_Chimenea,Attchd,RFn,1,TA,TA,Y,356,0,0,0,GdWo,11,2006,WD,Normal,138500
20,RL,80.0,8700,Sin_Acceso,Reg,Lvl,Inside,Gtl,NAmes,Norm,1Fam,1Story,5,6,1963,1963,Hip,MetalSd,MetalSd,BrkFace,148.0,TA,Gd,CBlock,TA,TA,Mn,ALQ,776,Unf,0,344,1120,Gd,Y,SBrkr,0,1128,1,0,2,0,3,TA,Typ,0,Sin_Chimenea,Attchd,RFn,2,TA,TA,Y,192,20,123,0,MnPrv,12,2008,WD,Normal,155000
180,RM,35.0,3675,Sin_Acceso,Reg,Lvl,Inside,Gtl,Edwards,Norm,TwnhsE,SFoyer,6,5,2005,2006,Gable,VinylSd,VinylSd,BrkFace,82.0,TA,TA,PConc,Gd,TA,Gd,GLQ,547,Unf,0,0,547,Gd,Y,SBrkr,0,1072,1,0,2,0,2,TA,Typ,0,Sin_Chimenea,Basment,Fin,2,TA,TA,Y,0,44,0,0,Sin_Cerca,6,2006,New,Partial,140000
60,RL,313.0,63887,Sin_Acceso,IR3,Bnk,Corner,Gtl,Edwards,Feedr,1Fam,2Story,10,5,2008,2008,Hip,Stucco,Stucco,Stone,796.0,Ex,TA,PConc,Ex,TA,Gd,GLQ,5644,Unf,0,466,6110,Ex,Y,SBrkr,950,5642,2,0,2,1,3,Ex,Typ,3,Gd,Attchd,Fin,2,TA,TA,Y,214,292,0,0,Sin_Cerca,1,2008,New,Partial,160000
20,RL,75.0,7500,Sin_Acceso,Reg,Lvl,Inside,Gtl,NAmes,Norm,1Fam,1Story,5,7,1959,1994,Hip,BrkFace,BrkFace,None,0.0,TA,TA,CBlock,TA,TA,No,LwQ,340,Rec,906,0,1246,Ex,Y,SBrkr,0,1246,1,0,1,1,3,Gd,Typ,0,Sin_Chimenea,Attchd,RFn,1,TA,TA,Y,218,0,0,0,GdPrv,5,2010,WD,Normal,154000
60,RL,65.0,10762,Sin_Acceso,IR1,Lvl,CulDSac,Gtl,Gilbert,Norm,1Fam,2Story,7,5,1999,1999,Gable,VinylSd,VinylSd,BrkFace,344.0,Gd,TA,PConc,Gd,TA,No,GLQ,694,Unf,0,284,978,Ex,Y,SBrkr,978,1983,0,0,2,1,3,Gd,Typ,1,TA,Attchd,Fin,2,TA,TA,Y,0,0,0,0,Sin_Cerca,5,2009,WD,Normal,225000
70,RL,74.0,7500,Sin_Acceso,IR1,Bnk,Inside,Gtl,Crawfor,Norm,1Fam,2Story,6,7,1942,1950,Gable,Wd Sdng,Wd Sdng,None,0.0,TA,TA,CBlock,TA,TA,No,BLQ,547,Unf,0,224,771,Fa,Y,SBrkr,741,1494,0,0,1,0,3,Gd,Typ,2,Gd,Attchd,Unf,1,TA,TA,P,0,0,0,224,Sin_Cerca,11,2009,WD,Normal,177500
60,RL,92.0,10120,Sin_Acceso,Reg,Lvl,Inside,Gtl,NoRidge,Norm,1Fam,2Story,8,5,1994,1994,Hip,VinylSd,VinylSd,BrkFace,391.0,Gd,TA,PConc,Gd,TA,No,GLQ,740,Unf,0,425,1165,Ex,Y,SBrkr,1323,2526,1,0,2,1,4,Gd,Typ,1,TA,Attchd,RFn,3,TA,TA,Y,309,78,0,0,Sin_Cerca,12,2006,WD,Normal,290000
20,RL,73.0,8688,Sin_Acceso,Reg,Lvl,Inside,Gtl,Somerst,Norm,1Fam,1Story,7,5,2005,2005,Gable,VinylSd,VinylSd,BrkFace,228.0,Gd,TA,PConc,Gd,TA,Av,Unf,0,Unf,0,1616,1616,Ex,Y,SBrkr,0,1616,0,0,2,0,3,Gd,Typ,0,Sin_Chimenea,Attchd,RFn,3,TA,TA,Y,208,59,0,0,Sin_Cerca,4,2006,WD,Normal,232000
160,RM,32.0,3363,Sin_Acceso,Reg,Lvl,Inside,Gtl,Edwards,Norm,TwnhsE,2Story,7,5,2004,2004,Gable,VinylSd,VinylSd,Stone,117.0,Gd,TA,PConc,Gd,TA,No,Unf,0,Unf,0,976,976,Ex,Y,SBrkr,732,1708,0,0,2,0,3,Gd,Maj1,0,Sin_Chimenea,Detchd,Unf,2,TA,TA,Y,0,40,0,0,Sin_Cerca,4,2006,WD,Normal,130000
20,RL,108.0,13173,Sin_Acceso,IR1,Lvl,Corner,Gtl,NridgHt,Norm,1Fam,1Story,9,5,2006,2007,Hip,VinylSd,VinylSd,Stone,300.0,Gd,TA,PConc,Ex,TA,No,GLQ,1572,Unf,0,80,1652,Ex,Y,SBrkr,0,1652,1,0,2,0,2,Ex,Typ,2,Ex,Attchd,Fin,2,TA,TA,Y,404,102,0,0,Sin_Cerca,11,2009,WD,Normal,325000
120,RL,48.0,6955,Sin_Acceso,IR1,Lvl,Inside,Gtl,NridgHt,Norm,TwnhsE,1Story,7,5,2005,2006,Gable,VinylSd,VinylSd,Stone,94.0,Gd,TA,PConc,Gd,TA,No,Unf,0,Unf,0,1368,1368,Ex,Y,SBrkr,0,1368,0,0,2,0,2,Gd,Typ,1,Gd,Attchd,RFn,2,TA,TA,Y,132,35,0,0,Sin_Cerca,9,2006,New,Partial,202500
20,RL,60.0,8072,Sin_Acceso,Reg,Lvl,Inside,Gtl,CollgCr,Norm,1Fam,1Story,5,5,1994,1995,Gable,VinylSd,VinylSd,None,0.0,TA,Gd,PConc,Gd,Gd,No,ALQ,746,Unf,0,244,990,Ex,Y,SBrkr,0,990,1,0,1,0,3,TA,Typ,0,Sin_Chimenea,Detchd,Unf,2,TA,TA,Y,0,64,0,0,Sin_Cerca,5,2009,WD,Normal,138000
20,RM,100.0,12000,Sin_Acceso,Reg,Lvl,Inside,Gtl,OldTown,Norm,1Fam,1Story,5,7,1948,2005,Gable,MetalSd,MetalSd,None,0.0,TA,TA,CBlock,TA,TA,No,GLQ,144,ALQ,608,172,924,Ex,Y,SBrkr,0,1122,1,0,1,0,2,Gd,Typ,0,Sin_Chimenea,Attchd,Unf,2,TA,TA,Y,0,36,0,0,GdWo,5,2008,WD,Normal,147000
20,RL,66.5,7153,Sin_Acceso,Reg,Lvl,Inside,Gtl,SawyerW,Norm,1Fam,1Story,6,5,1991,1991,Gable,HdBoard,HdBoard,BrkFace,88.0,TA,TA,CBlock,Gd,TA,No,GLQ,1200,Unf,0,78,1278,Gd,Y,SBrkr,0,1294,1,0,2,0,3,Gd,Typ,0,Sin_Chimenea,Attchd,RFn,2,TA,TA,Y,112,51,0,0,GdWo,6,2008,WD,Normal,179200
20,RL,100.0,17500,Sin_Acceso,Reg,Lvl,Inside,Gtl,Crawfor,PosA,1Fam,1Story,7,8,1959,2002,Gable,BrkFace,HdBoard,None,0.0,Gd,Gd,PConc,Gd,TA,Av,GLQ,1406,Unf,0,496,1902,TA,Y,SBrkr,0,1902,1,0,2,0,3,Ex,Typ,2,TA,Attchd,Fin,2,TA,TA,Y,0,207,162,0,Sin_Cerca,5,2010,WD,Normal,335000
20,RL,68.0,8814,Sin_Acceso,Reg,Lvl,Inside,Gtl,CollgCr,Norm,1Fam,1Story,7,5,2005,2007,Gable,VinylSd,VinylSd,BrkFace,80.0,Gd,TA,PConc,Gd,TA,No,GLQ,925,Unf,0,349,1274,Ex,Y,SBrkr,0,1274,1,0,2,0,3,Gd,Typ,0,Sin_Chimenea,Attchd,RFn,2,TA,TA,Y,264,98,0,0,Sin_Cerca,1,2007,New,Partial,203000
60,RL,91.0,9572,Sin_Acceso,IR1,Lvl,Inside,Gtl,NoRidge,Norm,1Fam,2Story,8,5,1990,1990,Gable,Wd Sdng,Wd Sdng,BrkFace,336.0,Gd,TA,PConc,Ex,TA,No,GLQ,482,Unf,0,971,1453,Ex,Y,SBrkr,1357,2810,0,0,2,1,4,Gd,Typ,1,Ex,Attchd,RFn,2,Gd,Gd,Y,500,0,0,0,Sin_Cerca,6,2007,WD,Normal,302000
60,RL,108.0,14774,Sin_Acceso,IR1,Lvl,Corner,Gtl,NoRidge,Norm,1Fam,2Story,9,5,1999,1999,Gable,VinylSd,VinylSd,BrkFace,165.0,Gd,TA,PConc,Gd,TA,No,Unf,0,Unf,0,1393,1393,Ex,Y,SBrkr,1177,2599,0,0,2,1,4,Gd,Typ,1,TA,BuiltIn,Fin,3,TA,TA,Y,668,30,0,0,Sin_Cerca,5,2010,WD,Normal,333168
20,RL,60.0,8190,Sin_Acceso,Reg,Lvl,Inside,Gtl,Edwards,Norm,1Fam,1Story,4,6,1954,1954,Hip,Wd Sdng,Wd Sdng,None,0.0,TA,TA,CBlock,TA,TA,No,Rec,732,Unf,0,216,948,Ex,Y,SBrkr,0,948,1,0,1,0,3,TA,Typ,1,TA,Detchd,Unf,1,TA,TA,Y,0,36,0,0,Sin_Cerca,10,2007,WD,Normal,119000
60,RL,85.0,11075,Sin_Acceso,Reg,Lvl,Inside,Gtl,NAmes,Norm,1Fam,2Story,6,5,1969,1969,Gable,HdBoard,HdBoard,None,0.0,TA,TA,CBlock,Fa,TA,Mn,ALQ,500,LwQ,276,176,952,TA,Y,SBrkr,1020,2112,0,0,2,1,4,TA,Typ,2,Gd,Attchd,Unf,2,TA,TA,Y,280,0,0,0,Sin_Cerca,6,2008,WD,Normal,206900
20,RL,61.0,10226,Sin_Acceso,IR1,Lvl,Inside,Gtl,CollgCr,Norm,1Fam,1Story,8,5,2008,2008,Gable,VinylSd,VinylSd,Stone,270.0,Gd,TA,PConc,Ex,TA,Gd,Unf,0,Unf,0,1622,1622,Ex,Y,SBrkr,0,1630,1,0,2,0,3,Ex,Typ,1,Gd,Attchd,RFn,3,TA,TA,Y,172,42,0,0,Sin_Cerca,1,2009,WD,Normal,295493
120,FV,47.0,4230,Pave,Reg,Lvl,Corner,Gtl,Somerst,Norm,TwnhsE,1Story,7,5,2006,2007,Gable,VinylSd,VinylSd,None,0.0,Gd,TA,PConc,Ex,Gd,No,Unf,0,Unf,0,1352,1352,Ex,Y,SBrkr,0,1352,0,0,2,0,2,Gd,Typ,1,Gd,Attchd,RFn,2,TA,TA,Y,0,241,0,0,Sin_Cerca,4,2007,New,Partial,208900
20,RL,70.0,14781,Sin_Acceso,IR2,Lvl,CulDSac,Gtl,CollgCr,Norm,1Fam,1Story,8,5,2001,2002,Hip,VinylSd,VinylSd,BrkFace,178.0,Gd,TA,PConc,Gd,TA,Gd,Unf,0,Unf,0,1753,1753,Ex,Y,SBrkr,0,1787,0,0,2,0,3,Gd,Typ,1,TA,Attchd,RFn,3,TA,TA,Y,198,150,0,0,Sin_Cerca,8,2006,WD,Normal,275000
20,RL,75.0,10215,Sin_Acceso,Reg,Bnk,Inside,Gtl,Edwards,Norm,1Fam,1Story,4,5,1954,1954,Hip,Wd Sdng,Wd Sdng,BrkFace,132.0,TA,TA,PConc,TA,TA,No,ALQ,492,Unf,0,372,864,Ex,Y,SBrkr,0,948,0,0,1,0,3,TA,Typ,0,Sin_Chimenea,Attchd,Unf,1,TA,TA,Y,0,0,0,0,Sin_Cerca,2,2007,WD,Normal,111000
20,RL,70.0,8400,Sin_Acceso,Reg,Lvl,Inside,Gtl,NAmes,Norm,1Fam,1Story,6,3,1957,1957,Hip,BrkFace,BrkFace,None,0.0,TA,TA,CBlock,TA,TA,No,ALQ,189,Rec,661,628,1478,Gd,Y,SBrkr,0,1478,1,0,1,1,3,TA,Typ,2,Gd,Attchd,RFn,2,TA,TA,Y,114,0,0,216,Sin_Cerca,6,2009,WD,Normal,156500
20,RL,52.0,6627,Sin_Acceso,IR1,Lvl,Corner,Gtl,BrkSide,Feedr,1Fam,1Story,3,6,1949,1950,Hip,VinylSd,VinylSd,None,0.0,TA,TA,CBlock,Sin_Sotano,Sin_Sotano,Sin_Sotano,Sin_Sotano,0,Sin_Sotano,0,0,0,TA,N,SBrkr,0,720,0,0,1,0,2,TA,Typ,0,Sin_Chimenea,Detchd,Unf,1,TA,Fa,Y,0,0,0,0,Sin_Cerca,7,2008,WD,Normal,72500
60,RL,107.0,10186,Sin_Acceso,IR1,Lvl,Inside,Gtl,NoRidge,Norm,1Fam,2Story,7,5,1992,1992,Gable,HdBoard,HdBoard,None,0.0,Gd,TA,PConc,Gd,TA,No,GLQ,674,Unf,0,76,750,Ex,Y,SBrkr,862,1923,1,0,2,1,3,Gd,Typ,1,TA,Attchd,RFn,2,TA,TA,Y,240,39,0,0,Sin_Cerca,6,2010,WD,Normal,190000
30,RL,50.0,5330,Sin_Acceso,Reg,HLS,Inside,Gtl,BrkSide,Norm,1Fam,1Story,4,7,1940,1950,Hip,VinylSd,VinylSd,None,0.0,Fa,TA,CBlock,TA,TA,No,LwQ,280,Unf,0,140,420,Gd,Y,SBrkr,0,708,0,0,1,0,2,Fa,Typ,0,Sin_Chimenea,Sin_Garaje,Sin_Garaje,0,Sin_Garaje,Sin_Garaje,Y,164,0,0,0,Sin_Cerca,12,2009,WD,Normal,82500
20,RL,75.0,9986,Sin_Acceso,Reg,Lvl,Inside,Gtl,Somerst,Norm,1Fam,1Story,8,5,2006,2007,Gable,VinylSd,VinylSd,BrkFace,428.0,Gd,TA,PConc,Ex,TA,Av,Unf,0,Unf,0,1795,1795,Ex,Y,SBrkr,0,1795,0,0,2,0,2,Gd,Typ,1,Gd,Attchd,RFn,3,TA,TA,Y,0,49,0,0,Sin_Cerca,2,2007,New,Partial,147000
30,RM,40.0,3636,Sin_Acceso,Reg,Lvl,Inside,Gtl,IDOTRR,Norm,1Fam,1Story,4,4,1922,1950,Gable,AsbShng,AsbShng,None,0.0,TA,TA,BrkTil,TA,Fa,No,Unf,0,Unf,0,796,796,Fa,N,SBrkr,0,796,0,0,1,0,2,TA,Typ,0,Sin_Chimenea,Sin_Garaje,Sin_Garaje,0,Sin_Garaje,Sin_Garaje,N,0,0,100,0,MnPrv,1,2008,WD,Normal,55000
30,RH,70.0,4270,Sin_Acceso,Reg,Bnk,Inside,Mod,Edwards,Norm,1Fam,1Story,3,6,1931,2006,Gable,MetalSd,MetalSd,None,0.0,TA,TA,BrkTil,TA,TA,No,Rec,544,Unf,0,0,544,Ex,Y,SBrkr,0,774,0,0,1,0,3,Gd,Typ,0,Sin_Chimenea,Sin_Garaje,Sin_Garaje,0,Sin_Garaje,Sin_Garaje,Y,0,0,286,0,Sin_Cerca,5,2007,WD,Normal,79000
20,RL,60.0,6600,Sin_Acceso,Reg,Lvl,Inside,Gtl,Mitchel,Norm,1Fam,1Story,5,9,1982,2008,Gable,VinylSd,VinylSd,None,0.0,Gd,Gd,CBlock,TA,TA,No,ALQ,641,Unf,0,175,816,Ex,Y,SBrkr,0,816,0,1,1,0,3,Gd,Typ,1,Ex,Attchd,Unf,1,TA,TA,Y,0,0,0,0,MnPrv,10,2008,WD,Normal,130500
50,RM,60.0,10440,Grvl,Reg,Lvl,Corner,Gtl,OldTown,Norm,1Fam,1.5Fin,6,7,1920,1950,Gable,BrkFace,Wd Sdng,None,0.0,Gd,Gd,BrkTil,Gd,TA,No,LwQ,493,Unf,0,1017,1510,Ex,Y,SBrkr,1208,2792,0,0,2,0,5,TA,Mod,2,TA,Detchd,Unf,2,Fa,TA,Y,0,547,0,480,MnPrv,6,2008,WD,Normal,256000
60,RL,63.0,9084,Sin_Acceso,IR1,Lvl,Inside,Gtl,Gilbert,Norm,1Fam,2Story,7,5,1998,1998,Hip,VinylSd,VinylSd,None,0.0,TA,TA,PConc,Gd,TA,No,Unf,0,Unf,0,935,935,Gd,Y,SBrkr,677,1632,0,0,2,1,3,TA,Typ,1,TA,Attchd,Fin,2,TA,TA,Y,0,28,0,0,Sin_Cerca,6,2006,WD,Normal,176500
20,RL,85.0,10000,Sin_Acceso,Reg,Lvl,Inside,Gtl,Somerst,Norm,1Fam,1Story,8,5,2006,2006,Hip,VinylSd,VinylSd,Stone,410.0,Gd,TA,PConc,Gd,Gd,Av,Unf,0,Unf,0,1588,1588,Ex,Y,SBrkr,0,1588,0,0,2,0,3,Gd,Typ,1,Gd,Attchd,RFn,3,TA,TA,Y,144,45,0,0,Sin_Cerca,12,2007,WD,Normal,227000
80,RL,55.0,10780,Sin_Acceso,IR1,Lvl,Inside,Gtl,CollgCr,Norm,1Fam,SLvl,5,5,1976,1976,Gable,MetalSd,MetalSd,None,0.0,TA,TA,CBlock,TA,TA,Av,ALQ,483,Unf,0,428,911,Gd,Y,SBrkr,0,954,0,0,1,0,3,TA,Typ,0,Sin_Chimenea,Detchd,Unf,2,TA,TA,Y,0,0,0,0,Sin_Cerca,7,2006,WD,Normal,132500
20,RL,67.0,8877,Sin_Acceso,Reg,Lvl,Inside,Mod,Edwards,Norm,1Fam,1Story,4,6,1938,1958,Gable,MetalSd,MetalSd,None,0.0,TA,TA,CBlock,TA,TA,Mn,ALQ,690,Unf,0,126,816,Ex,Y,SBrkr,0,816,1,0,1,0,2,TA,Typ,1,Gd,Detchd,Unf,1,Fa,Fa,Y,0,0,0,0,Sin_Cerca,5,2009,WD,Normal,100000
50,RM,60.0,7200,Sin_Acceso,Reg,Lvl,Corner,Gtl,IDOTRR,Norm,1Fam,1.5Fin,5,6,1938,1995,Gable,Wd Sdng,Wd Sdng,None,0.0,TA,TA,CBlock,TA,TA,No,Unf,0,Unf,0,803,803,Ex,Y,SBrkr,557,1360,0,0,1,1,2,Gd,Typ,0,Sin_Chimenea,Detchd,Unf,1,TA,TA,Y,0,65,190,0,MnPrv,7,2006,WD,Normal,125500
160,RM,24.0,2368,Sin_Acceso,Reg,Lvl,Inside,Gtl,BrDale,Norm,TwnhsE,2Story,5,6,1970,1970,Gable,HdBoard,HdBoard,BrkFace,312.0,TA,TA,CBlock,TA,TA,No,LwQ,765,Unf,0,0,765,TA,Y,SBrkr,600,1365,0,0,1,1,3,TA,Min1,0,Sin_Chimenea,Attchd,Unf,2,TA,TA,Y,0,36,0,0,Sin_Cerca,5,2009,WD,Normal,125000
20,RL,80.0,9650,Sin_Acceso,Reg,Lvl,Inside,Gtl,NWAmes,Norm,1Fam,1Story,6,5,1977,1977,Gable,Plywood,Plywood,BrkFace,360.0,TA,TA,CBlock,Gd,TA,No,ALQ,686,Unf,0,664,1350,TA,Y,SBrkr,0,1334,0,1,2,0,2,TA,Typ,1,TA,Attchd,RFn,2,TA,TA,Y,0,16,0,0,Sin_Cerca,4,2009,WD,Normal,167900
90,RL,87.0,9246,Sin_Acceso,IR1,Lvl,Inside,Gtl,NWAmes,Feedr,Duplex,1Story,5,5,1973,1973,Gable,Plywood,Plywood,BrkFace,564.0,TA,TA,CBlock,TA,TA,No,Unf,0,Unf,0,1656,1656,TA,Y,SBrkr,0,1656,0,0,2,0,4,TA,Typ,0,Sin_Chimenea,Detchd,Unf,2,TA,TA,Y,0,211,0,0,Sin_Cerca,11,2008,WD,Normal,135000
30,RM,153.0,4118,Grvl,IR1,Bnk,Corner,Mod,OldTown,Feedr,1Fam,1Story,4,4,1941,1950,Gable,Wd Sdng,Wd Sdng,None,0.0,TA,TA,CBlock,TA,TA,No,Unf,0,Unf,0,693,693,Fa,N,FuseA,0,693,0,0,1,0,2,Fa,Typ,0,Sin_Chimenea,Sin_Garaje,Sin_Garaje,0,Sin_Garaje,Sin_Garaje,N,0,20,0,0,Sin_Cerca,3,2006,WD,Normal,52500
60,RL,95.0,13450,Sin_Acceso,IR1,Lvl,Corner,Gtl,CollgCr,Norm,1Fam,2Story,7,5,2002,2002,Gable,VinylSd,VinylSd,None,0.0,Gd,TA,PConc,Gd,TA,No,GLQ,700,Unf,0,216,916,Ex,Y,SBrkr,941,1861,1,0,2,1,3,Gd,Typ,0,Sin_Chimenea,BuiltIn,RFn,2,TA,TA,Y,146,91,0,0,Sin_Cerca,6,2006,WD,Normal,200000
20,RL,120.0,9560,Sin_Acceso,IR1,Lvl,Corner,Gtl,CollgCr,Norm,1Fam,1Story,5,7,1972,1972,Hip,MetalSd,MetalSd,None,0.0,TA,Gd,CBlock,TA,TA,Mn,Rec,360,Unf,0,504,864,Ex,Y,SBrkr,0,864,0,0,1,0,3,TA,Typ,0,Sin_Chimenea,Attchd,RFn,1,TA,TA,Y,0,0,0,0,Sin_Cerca,6,2006,WD,Normal,128500
20,RL,70.0,8294,Sin_Acceso,Reg,Lvl,Inside,Gtl,NAmes,Norm,1Fam,1Story,4,5,1971,1971,Gable,MetalSd,MetalSd,None,0.0,TA,TA,CBlock,TA,TA,No,Unf,0,Unf,0,858,858,TA,Y,SBrkr,0,872,0,0,1,0,3,TA,Typ,0,Sin_Chimenea,Detchd,Unf,4,TA,TA,Y,0,0,0,0,GdWo,6,2007,WD,Normal,123000
20,RL,66.0,13695,Sin_Acceso,Reg,Lvl,Inside,Gtl,SawyerW,RRAe,1Fam,1Story,6,5,2003,2004,Gable,VinylSd,VinylSd,None,0.0,TA,TA,PConc,Gd,TA,No,GLQ,814,Unf,0,300,1114,Ex,Y,SBrkr,0,1114,1,0,1,0,3,Gd,Typ,0,Sin_Chimenea,Detchd,Unf,2,TA,TA,Y,0,78,0,0,Sin_Cerca,7,2008,WD,Normal,155000
60,RL,70.0,9375,Sin_Acceso,Reg,Lvl,Inside,Gtl,CollgCr,Norm,1Fam,2Story,8,5,2002,2002,Gable,VinylSd,VinylSd,BrkFace,149.0,Gd,TA,PConc,Gd,TA,No,Unf,0,Unf,0,1284,1284,Ex,Y,SBrkr,885,2169,0,0,2,1,3,Gd,Typ,1,Gd,Attchd,RFn,2,TA,TA,Y,192,87,0,0,Sin_Cerca,8,2007,WD,Normal,228500
50,RL,57.0,7558,Sin_Acceso,Reg,Bnk,Inside,Gtl,Crawfor,Norm,1Fam,1.5Fin,6,6,1928,1950,Gable,BrkFace,Stone,None,0.0,TA,TA,BrkTil,TA,TA,No,Unf,0,Unf,0,896,896,Gd,Y,SBrkr,741,1913,0,0,1,1,3,TA,Typ,1,TA,Detchd,Unf,2,Fa,Fa,Y,0,0,0,0,Sin_Cerca,3,2009,WD,Normal,177000
60,RL,85.0,11103,Sin_Acceso,IR1,Lvl,Corner,Gtl,CollgCr,Norm,1Fam,2Story,7,5,2006,2006,Gable,VinylSd,VinylSd,None,0.0,Gd,TA,PConc,Gd,TA,No,Unf,0,Unf,0,728,728,Ex,Y,SBrkr,728,1456,0,0,2,1,3,Gd,Typ,1,TA,Attchd,Fin,2,TA,TA,Y,0,0,0,0,Sin_Cerca,7,2007,New,Partial,155835
30,RM,50.0,6000,Sin_Acceso,Reg,Lvl,Inside,Gtl,OldTown,Norm,1Fam,1Story,4,4,1920,1950,Hip,MetalSd,MetalSd,None,0.0,TA,TA,PConc,TA,TA,No,ALQ,250,Unf,0,710,960,Gd,Y,FuseA,0,960,0,0,1,0,2,Fa,Typ,0,Sin_Chimenea,Detchd,Unf,1,TA,TA,Y,0,0,168,0,Sin_Cerca,7,2007,WD,Normal,108500
20,RL,80.0,20781,Sin_Acceso,IR2,Lvl,CulDSac,Gtl,NWAmes,PosN,1Fam,1Story,7,7,1968,2003,Hip,BrkFace,HdBoard,None,0.0,TA,TA,CBlock,TA,TA,No,BLQ,297,Rec,68,1203,1568,TA,Y,SBrkr,0,2156,0,0,2,0,3,TA,Typ,1,Gd,Attchd,RFn,2,Gd,TA,Y,0,80,0,0,Sin_Cerca,6,2006,WD,Normal,262500
20,RL,93.0,15306,Sin_Acceso,IR1,HLS,Corner,Gtl,Timber,Norm,1Fam,1Story,8,5,2006,2007,Gable,VinylSd,VinylSd,Stone,100.0,Gd,TA,PConc,Ex,TA,Gd,GLQ,80,Unf,0,1652,1732,Ex,Y,SBrkr,0,1776,1,0,2,0,3,Gd,Typ,1,Gd,Attchd,Fin,3,TA,TA,Y,0,0,0,0,Sin_Cerca,5,2007,New,Partial,283463
20,RL,66.5,16196,Sin_Acceso,IR3,Low,Inside,Gtl,SawyerW,Norm,1Fam,1Story,7,5,1998,1998,Gable,VinylSd,VinylSd,None,0.0,Gd,TA,PConc,Gd,TA,Gd,GLQ,1443,Unf,0,39,1482,Ex,Y,SBrkr,0,1494,1,0,2,0,3,Gd,Typ,1,Fa,Attchd,RFn,2,TA,TA,Y,402,25,0,0,Sin_Cerca,8,2007,WD,Normal,215000
70,RM,50.0,5250,Pave,Reg,Lvl,Inside,Gtl,OldTown,Norm,1Fam,2Story,8,5,1872,1987,Gable,MetalSd,MetalSd,None,0.0,TA,Gd,BrkTil,TA,Fa,No,LwQ,259,Unf,0,425,684,Fa,N,SBrkr,1215,2358,0,0,2,0,4,TA,Typ,0,Sin_Chimenea,Sin_Garaje,Sin_Garaje,0,Sin_Garaje,Sin_Garaje,Y,0,54,20,0,Sin_Cerca,12,2008,WD,Normal,122000
90,RL,91.0,11643,Sin_Acceso,Reg,Lvl,Inside,Gtl,NAmes,Artery,Duplex,2Story,5,5,1969,1969,Gable,MetalSd,MetalSd,BrkFace,368.0,TA,TA,CBlock,TA,TA,No,LwQ,500,Unf,0,748,1248,TA,Y,SBrkr,1296,2634,1,1,2,2,6,TA,Typ,0,Sin_Chimenea,Detchd,Unf,4,TA,TA,Y,0,0,0,0,Sin_Cerca,8,2009,WD,Normal,200000
60,RL,70.0,9247,Sin_Acceso,IR1,Lvl,Inside,Gtl,NAmes,Norm,1Fam,2Story,6,6,1962,1962,Gable,HdBoard,HdBoard,BrkFace,318.0,TA,TA,CBlock,TA,TA,No,Rec,319,Unf,0,539,858,Ex,Y,SBrkr,858,1716,0,0,1,1,4,TA,Typ,1,Gd,Attchd,Fin,2,TA,TA,Y,0,84,0,120,Sin_Cerca,3,2008,WD,Normal,171000
50,RM,50.0,6000,Sin_Acceso,Reg,Lvl,Inside,Gtl,BrkSide,Norm,1Fam,1.5Fin,6,9,1937,2000,Gable,MetalSd,MetalSd,None,0.0,Gd,TA,BrkTil,TA,TA,No,Unf,0,Unf,0,698,698,TA,Y,SBrkr,390,1176,0,0,1,0,2,TA,Typ,0,Sin_Chimenea,Detchd,Unf,2,TA,TA,N,210,0,0,0,Sin_Cerca,7,2009,WD,Normal,134900
50,RL,56.0,14720,Sin_Acceso,IR1,Lvl,CulDSac,Gtl,NoRidge,Norm,1Fam,1.5Fin,8,5,1995,1996,Hip,VinylSd,VinylSd,BrkFace,579.0,Gd,TA,PConc,Gd,TA,Av,GLQ,816,Unf,0,1217,2033,Ex,Y,SBrkr,1185,3238,1,0,2,1,4,Gd,Typ,1,Ex,Attchd,Fin,3,TA,TA,Y,283,86,0,0,Sin_Cerca,3,2010,WD,Normal,410000
60,RL,70.0,10316,Sin_Acceso,IR1,Lvl,Inside,Gtl,CollgCr,Norm,1Fam,2Story,7,5,2000,2000,Gable,VinylSd,VinylSd,None,0.0,Gd,TA,PConc,Gd,TA,No,GLQ,735,Unf,0,257,992,Ex,Y,SBrkr,873,1865,1,0,2,1,3,Gd,Typ,1,TA,Attchd,RFn,3,TA,TA,Y,0,184,0,0,Sin_Cerca,6,2008,WD,Normal,235000
80,RL,102.0,10192,Sin_Acceso,IR1,Lvl,Inside,Gtl,NWAmes,Norm,1Fam,SLvl,7,6,1968,1992,Gable,MetalSd,MetalSd,BrkFace,143.0,TA,TA,CBlock,TA,TA,No,Unf,0,Unf,0,570,570,Gd,Y,SBrkr,698,1920,0,0,3,0,4,Gd,Typ,1,TA,Attchd,RFn,2,TA,TA,Y,0,98,0,0,GdPrv,9,2006,WD,Normal,170000
20,RL,73.0,9477,Sin_Acceso,Reg,Lvl,Corner,Gtl,NAmes,Norm,1Fam,1Story,5,5,1966,1966,Gable,HdBoard,HdBoard,BrkFace,65.0,TA,TA,CBlock,TA,TA,No,Rec,340,Unf,0,524,864,TA,Y,SBrkr,0,892,0,0,1,0,3,TA,Typ,0,Sin_Chimenea,Attchd,RFn,1,TA,TA,Y,0,0,0,0,GdWo,10,2008,WD,Normal,110000
20,RL,73.0,12537,Sin_Acceso,IR1,Lvl,CulDSac,Gtl,NAmes,Norm,1Fam,1Story,5,6,1971,2008,Gable,VinylSd,VinylSd,None,0.0,TA,TA,CBlock,TA,TA,No,GLQ,734,Unf,0,344,1078,Ex,Y,SBrkr,0,1078,1,0,1,1,3,TA,Typ,1,Fa,Attchd,Fin,2,TA,TA,Y,0,0,0,0,Sin_Cerca,4,2010,WD,Normal,149900
160,FV,73.5,2117,Sin_Acceso,Reg,Lvl,Inside,Gtl,Somerst,Norm,Twnhs,2Story,6,5,2000,2000,Gable,MetalSd,MetalSd,BrkFace,216.0,Gd,TA,PConc,Gd,TA,No,GLQ,378,Unf,0,378,756,Ex,Y,SBrkr,804,1573,0,0,2,1,3,Gd,Typ,0,Sin_Chimenea,Detchd,Unf,2,TA,TA,Y,0,32,0,0,Sin_Cerca,6,2010,WD,Normal,177500
20,RL,129.0,16737,Sin_Acceso,Reg,Lvl,FR3,Gtl,NridgHt,Norm,1Fam,1Story,9,5,2004,2005,Hip,VinylSd,VinylSd,BrkFace,66.0,Gd,TA,PConc,Ex,TA,Av,GLQ,1447,Unf,0,533,1980,Ex,Y,SBrkr,0,1980,1,0,2,0,3,Ex,Typ,1,Gd,Attchd,Fin,3,TA,TA,Y,194,45,0,0,Sin_Cerca,9,2006,WD,Normal,315000
70,RL,51.0,9842,Sin_Acceso,Reg,Lvl,Inside,Gtl,SWISU,Feedr,1Fam,2Story,5,6,1921,1998,Gable,MetalSd,Wd Sdng,None,0.0,TA,TA,BrkTil,TA,Fa,No,Unf,0,Unf,0,612,612,Ex,Y,SBrkr,1611,2601,0,0,3,1,4,TA,Typ,0,Sin_Chimenea,BuiltIn,RFn,2,TA,TA,Y,183,0,301,0,Sin_Cerca,5,2008,WD,Normal,189000
20,RL,124.0,16158,Sin_Acceso,IR1,Low,Inside,Mod,StoneBr,Norm,1Fam,1Story,7,5,2005,2005,Hip,VinylSd,VinylSd,Stone,16.0,Gd,TA,PConc,Ex,TA,Av,ALQ,1274,Unf,0,256,1530,Ex,Y,SBrkr,0,1530,1,0,2,0,3,Gd,Typ,1,Gd,Attchd,Fin,2,TA,TA,Y,168,36,0,0,Sin_Cerca,6,2009,WD,Normal,260000
50,RL,73.0,12513,Sin_Acceso,IR1,Lvl,FR2,Gtl,NAmes,Feedr,1Fam,1.5Fin,4,4,1920,2007,Gable,VinylSd,VinylSd,None,0.0,TA,Gd,BrkTil,TA,Fa,No,Unf,0,Unf,0,715,715,Gd,Y,SBrkr,457,1738,0,0,2,0,4,TA,Typ,1,Gd,Attchd,Unf,1,TA,TA,Y,55,0,0,0,Sin_Cerca,6,2009,WD,Normal,104900
60,RL,73.0,8499,Sin_Acceso,IR1,Lvl,Inside,Gtl,Gilbert,Norm,1Fam,2Story,6,5,2006,2007,Gable,VinylSd,VinylSd,None,0.0,TA,TA,PConc,Gd,TA,No,Unf,0,Unf,0,616,616,Ex,Y,SBrkr,796,1412,0,0,2,1,3,Gd,Typ,1,Gd,BuiltIn,Fin,2,TA,TA,Y,0,36,0,0,Sin_Cerca,3,2007,New,Partial,156932
160,FV,30.0,3180,Pave,Reg,Lvl,Inside,Gtl,Somerst,Norm,TwnhsE,2Story,7,5,2005,2005,Gable,MetalSd,MetalSd,None,0.0,Gd,TA,PConc,Gd,TA,No,Unf,0,Unf,0,600,600,Ex,Y,SBrkr,600,1200,0,0,2,1,2,Gd,Typ,0,Sin_Chimenea,Detchd,RFn,2,TA,TA,Y,0,166,0,0,Sin_Cerca,4,2006,WD,Abnorml,144152
60,FV,73.5,7500,Sin_Acceso,Reg,Lvl,Inside,Gtl,Somerst,Norm,1Fam,2Story,7,5,2000,2000,Gable,VinylSd,VinylSd,None,0.0,Gd,TA,PConc,Gd,TA,No,GLQ,533,Unf,0,281,814,Ex,Y,SBrkr,860,1674,1,0,2,1,3,Gd,Typ,0,Sin_Chimenea,Attchd,RFn,2,TA,TA,Y,0,96,0,0,Sin_Cerca,1,2010,WD,Normal,216000
60,RL,68.0,9179,Sin_Acceso,IR1,Lvl,Inside,Gtl,CollgCr,Norm,1Fam,2Story,7,5,1999,1999,Gable,VinylSd,VinylSd,BrkFace,158.0,Gd,TA,PConc,Gd,TA,No,GLQ,633,Unf,0,240,873,Ex,Y,SBrkr,908,1790,1,0,2,1,3,Gd,Typ,0,Sin_Chimenea,Attchd,RFn,2,TA,TA,Y,0,88,0,0,Sin_Cerca,6,2008,WD,Abnorml,193000
160,RM,41.0,2665,Sin_Acceso,Reg,Lvl,Inside,Gtl,MeadowV,Norm,TwnhsE,2Story,5,6,1977,1977,Gable,CemntBd,CmentBd,None,0.0,TA,TA,PConc,TA,TA,No,ALQ,548,Rec,173,36,757,Ex,Y,SBrkr,550,1475,0,0,2,0,4,TA,Typ,1,TA,Attchd,RFn,1,TA,TA,Y,104,26,0,0,Sin_Cerca,7,2006,WD,Normal,127000
120,RM,70.0,4435,Sin_Acceso,Reg,Lvl,Inside,Gtl,CollgCr,Norm,TwnhsE,1Story,6,5,2003,2004,Gable,VinylSd,VinylSd,BrkFace,170.0,Gd,TA,PConc,Gd,TA,Av,GLQ,685,Unf,0,163,848,Ex,Y,SBrkr,0,848,1,0,1,0,1,Gd,Typ,0,Sin_Chimenea,Attchd,Fin,2,TA,TA,Y,140,0,0,0,Sin_Cerca,6,2009,WD,Normal,144000
20,RL,48.0,10635,Sin_Acceso,IR2,Lvl,FR2,Gtl,CollgCr,Norm,1Fam,1Story,8,5,2003,2003,Hip,VinylSd,VinylSd,BrkFace,171.0,Gd,TA,PConc,Gd,TA,Av,BLQ,370,GLQ,972,315,1657,Ex,Y,SBrkr,0,1668,1,0,2,0,3,Gd,Typ,1,TA,Attchd,Fin,2,TA,TA,Y,0,262,0,0,Sin_Cerca,5,2010,WD,Normal,232000
50,RL,90.0,5400,Sin_Acceso,Reg,Lvl,Corner,Gtl,OldTown,Artery,1Fam,1.5Fin,4,6,1920,1950,Gable,CBlock,CBlock,None,0.0,Fa,TA,PConc,TA,TA,No,ALQ,315,Rec,105,420,840,Ex,Y,SBrkr,534,1374,0,0,1,0,2,TA,Typ,0,Sin_Chimenea,Detchd,Fin,1,TA,TA,Y,0,0,198,0,Sin_Cerca,10,2009,WD,Normal,105000
80,RL,80.0,9600,Sin_Acceso,Reg,Lvl,Inside,Gtl,NAmes,Norm,1Fam,SLvl,6,6,1955,1996,Hip,AsbShng,AsbShng,None,0.0,TA,TA,CBlock,TA,TA,Av,BLQ,831,Unf,0,161,992,Gd,Y,SBrkr,0,1661,1,0,1,0,3,Gd,Typ,1,TA,BuiltIn,RFn,1,TA,TA,Y,0,28,0,178,MnPrv,10,2008,WD,Normal,165500
60,RL,75.0,9750,Sin_Acceso,Reg,Lvl,Corner,Gtl,CollgCr,Norm,1Fam,2Story,7,6,1998,1998,Gable,VinylSd,VinylSd,None,0.0,TA,TA,PConc,Gd,TA,Av,GLQ,975,Unf,0,133,1108,Ex,Y,SBrkr,989,2097,1,0,2,1,3,Gd,Typ,1,TA,Detchd,RFn,2,TA,TA,Y,253,170,0,0,Sin_Cerca,6,2006,WD,Normal,274300
20,RL,91.0,11400,Sin_Acceso,Reg,Lvl,Inside,Gtl,NoRidge,Norm,1Fam,1Story,10,5,2001,2002,Hip,VinylSd,VinylSd,BrkFace,705.0,Ex,TA,PConc,Ex,TA,Gd,GLQ,1282,Unf,0,1351,2633,Ex,Y,SBrkr,0,2633,1,0,2,1,2,Ex,Typ,2,Gd,Attchd,RFn,3,TA,TA,Y,314,140,0,0,Sin_Cerca,3,2007,WD,Normal,466500
60,FV,85.0,10625,Sin_Acceso,Reg,Lvl,Inside,Gtl,Somerst,Norm,1Fam,2Story,7,5,2005,2005,Gable,CemntBd,CmentBd,None,0.0,Gd,TA,PConc,Gd,TA,No,Unf,0,Unf,0,1026,1026,Ex,Y,SBrkr,932,1958,0,0,2,1,3,Gd,Typ,1,Gd,Attchd,Fin,3,TA,TA,Y,154,210,0,0,Sin_Cerca,7,2008,WD,Normal,250000
20,RL,89.0,10991,Sin_Acceso,IR1,HLS,Inside,Gtl,Timber,Norm,1Fam,1Story,8,5,2007,2007,Gable,VinylSd,VinylSd,BrkFace,80.0,Gd,TA,PConc,Gd,TA,Gd,Unf,0,Unf,0,1571,1571,Ex,Y,SBrkr,0,1571,0,0,2,0,3,Gd,Typ,1,Gd,Attchd,Fin,3,TA,TA,Y,100,36,0,0,Sin_Cerca,12,2007,New,Partial,239000
30,RL,52.0,6292,Sin_Acceso,Reg,Bnk,Inside,Gtl,SWISU,Norm,1Fam,1Story,6,5,1930,1950,Gable,Wd Sdng,Wd Sdng,None,0.0,TA,TA,BrkTil,Gd,TA,Mn,Rec,384,Unf,0,384,768,TA,N,SBrkr,0,790,0,0,1,0,2,TA,Typ,0,Sin_Chimenea,Detchd,Unf,1,Fa,TA,Y,0,141,0,0,Sin_Cerca,4,2008,WD,Normal,91000
50,RL,60.0,10998,Grvl,Reg,Lvl,Inside,Gtl,Edwards,Norm,1Fam,1.5Fin,5,5,1941,1960,Gable,Wd Sdng,Wd Sdng,None,0.0,TA,TA,CBlock,TA,TA,No,LwQ,408,BLQ,420,156,984,Ex,Y,SBrkr,620,1604,0,0,2,0,3,TA,Min2,0,Sin_Chimenea,Detchd,Unf,2,TA,TA,Y,0,68,0,0,Sin_Cerca,7,2009,WD,Normal,117000
160,RM,21.0,1953,Sin_Acceso,Reg,Lvl,Inside,Gtl,BrDale,Norm,Twnhs,2Story,6,5,1973,1973,Gable,HdBoard,HdBoard,BrkFace,408.0,TA,TA,CBlock,TA,Fa,No,BLQ,309,Unf,0,174,483,TA,Y,SBrkr,504,987,0,0,1,1,2,TA,Typ,0,Sin_Chimenea,Detchd,Unf,1,TA,TA,Y,72,0,0,0,Sin_Cerca,6,2006,WD,Normal,83000
80,RL,73.0,9735,Sin_Acceso,Reg,Lvl,Inside,Gtl,Timber,Norm,1Fam,SLvl,5,5,2006,2007,Gable,VinylSd,VinylSd,None,0.0,TA,TA,PConc,Gd,TA,No,Unf,0,Unf,0,384,384,Gd,Y,SBrkr,640,1394,0,0,2,1,3,Gd,Typ,0,Sin_Chimenea,BuiltIn,Fin,2,TA,TA,Y,100,0,0,0,Sin_Cerca,5,2008,WD,Normal,167500
30,RL,45.0,8212,Grvl,Reg,Lvl,Inside,Gtl,Edwards,Norm,1Fam,1Story,3,3,1914,1950,Gable,Stucco,Stucco,None,0.0,TA,Fa,BrkTil,TA,Fa,No,Rec,203,Unf,0,661,864,TA,N,FuseF,0,864,1,0,1,0,2,TA,Typ,0,Sin_Chimenea,Detchd,Unf,1,TA,Fa,Y,0,0,96,0,Sin_Cerca,6,2010,WD,Normal,58500
20,RL,73.0,12925,Sin_Acceso,IR1,Lvl,Corner,Gtl,NAmes,Norm,1Fam,1Story,6,7,1970,1970,Gable,BrkFace,Plywood,None,0.0,TA,TA,CBlock,TA,TA,Mn,BLQ,865,Unf,0,340,1205,Ex,Y,SBrkr,0,2117,0,0,2,1,4,TA,Typ,2,Gd,Attchd,Fin,2,TA,TA,Y,0,42,0,0,Sin_Cerca,5,2008,WD,Normal,237500
70,RM,60.0,7200,Sin_Acceso,Reg,Lvl,Corner,Gtl,OldTown,Norm,1Fam,2Story,7,7,1920,1950,Hip,Wd Sdng,Wd Sdng,None,0.0,TA,TA,BrkTil,Fa,TA,No,Unf,0,Unf,0,596,596,Ex,Y,SBrkr,764,1762,1,0,1,1,4,Gd,Typ,0,Sin_Chimenea,Detchd,Unf,2,TA,TA,N,36,0,221,0,Sin_Cerca,10,2006,WD,Normal,157000
30,RL,71.0,25339,Sin_Acceso,Reg,Lvl,Inside,Gtl,Sawyer,Norm,1Fam,1Story,5,7,1918,2007,Gable,Wd Sdng,Wd Sdng,None,0.0,TA,Gd,BrkTil,TA,TA,No,Unf,0,Unf,0,816,816,Ex,Y,SBrkr,0,1416,0,0,2,0,3,Gd,Typ,0,Sin_Chimenea,Attchd,Unf,2,TA,TA,N,0,0,112,0,Sin_Cerca,8,2007,WD,Normal,112000
50,RL,60.0,9060,Sin_Acceso,Reg,Lvl,Inside,Gtl,Edwards,Norm,1Fam,1.5Fin,6,5,1939,1950,Gable,WdShing,Wd Shng,None,0.0,TA,TA,BrkTil,TA,TA,Mn,Rec,204,Unf,0,356,560,TA,Y,SBrkr,560,1258,0,0,1,0,2,TA,Typ,0,Sin_Chimenea,Detchd,Unf,1,TA,TA,P,0,0,0,0,MnPrv,10,2009,WD,Normal,105000
50,RM,40.0,5436,Sin_Acceso,Reg,Lvl,Inside,Gtl,IDOTRR,Norm,1Fam,1.5Fin,4,8,1922,2007,Gable,VinylSd,VinylSd,None,0.0,TA,Gd,BrkTil,TA,TA,No,BLQ,735,Unf,0,61,796,Gd,Y,SBrkr,358,1154,1,0,1,0,3,Gd,Typ,0,Sin_Chimenea,Detchd,Unf,1,TA,TA,N,0,96,0,0,MnPrv,5,2010,WD,Normal,125500
60,RL,80.0,16692,Sin_Acceso,IR1,Lvl,Inside,Gtl,NWAmes,RRAn,1Fam,2Story,7,5,1978,1978,Gable,Plywood,Plywood,BrkFace,184.0,TA,TA,CBlock,Gd,TA,No,BLQ,790,LwQ,469,133,1392,TA,Y,SBrkr,1392,2784,1,0,3,1,5,Gd,Typ,2,TA,Attchd,RFn,2,TA,TA,Y,0,112,0,440,MnPrv,7,2006,WD,Normal,250000
50,RM,60.0,8520,Grvl,Reg,Lvl,Inside,Gtl,OldTown,Artery,1Fam,1.5Fin,6,7,1916,1950,Gable,Stucco,Stucco,None,0.0,TA,Gd,BrkTil,TA,TA,No,Rec,168,LwQ,546,0,714,TA,N,SBrkr,862,2526,0,0,2,0,5,Gd,Typ,1,Gd,Detchd,Unf,1,TA,TA,Y,88,15,0,0,GdWo,8,2007,CWD,Family,136000
20,RL,42.0,14892,Sin_Acceso,IR1,HLS,CulDSac,Gtl,Gilbert,Norm,1Fam,1Story,9,5,2006,2007,Gable,VinylSd,VinylSd,Stone,160.0,Ex,TA,PConc,Ex,TA,Gd,GLQ,1320,Unf,0,426,1746,Ex,Y,SBrkr,0,1746,1,0,2,0,3,Ex,Typ,2,Gd,Attchd,Fin,3,TA,TA,Y,201,39,0,0,Sin_Cerca,10,2009,WD,Normal,377500
50,RM,60.0,6000,Sin_Acceso,Reg,Lvl,Inside,Gtl,BrkSide,Norm,1Fam,1.5Fin,6,6,1941,1950,Gable,Wd Sdng,Wd Sdng,None,0.0,TA,Gd,BrkTil,TA,Gd,No,ALQ,375,Unf,0,360,735,Ex,Y,SBrkr,349,1218,0,1,1,0,3,TA,Typ,1,Gd,Detchd,Unf,2,TA,TA,Y,0,0,0,0,Sin_Cerca,3,2007,WD,Normal,131000
20,RL,70.0,9100,Sin_Acceso,Reg,Lvl,Inside,Gtl,CollgCr,Norm,1Fam,1Story,7,5,2000,2000,Gable,VinylSd,VinylSd,BrkFace,244.0,Gd,TA,PConc,Gd,TA,Av,GLQ,1400,Unf,0,125,1525,Ex,Y,SBrkr,0,1525,1,0,2,0,3,Gd,Typ,0,Sin_Chimenea,Attchd,RFn,2,TA,TA,Y,219,36,0,0,Sin_Cerca,9,2006,WD,Normal,235000
90,RL,65.0,8944,Sin_Acceso,Reg,Lvl,Inside,Gtl,NAmes,Norm,Duplex,1Story,5,5,1967,1967,Gable,Plywood,Plywood,None,0.0,TA,TA,CBlock,TA,TA,No,Unf,0,Unf,0,1584,1584,TA,Y,SBrkr,0,1584,0,0,2,0,4,TA,Mod,0,Sin_Chimenea,Detchd,Unf,3,TA,TA,Y,0,152,0,0,Sin_Cerca,4,2009,WD,Normal,124000
85,RL,68.0,7838,Sin_Acceso,Reg,Lvl,Inside,Gtl,NAmes,Norm,1Fam,SFoyer,5,5,1967,1967,Gable,HdBoard,HdBoard,None,0.0,TA,TA,CBlock,TA,TA,Av,ALQ,769,Unf,0,95,864,TA,Y,SBrkr,0,900,1,0,1,0,3,TA,Typ,1,Po,Attchd,RFn,1,TA,TA,Y,175,144,0,0,MnWw,12,2006,WD,Normal,123000
190,RM,60.0,10800,Pave,Reg,Lvl,Inside,Gtl,OldTown,Norm,2fmCon,1.5Fin,6,7,1905,2000,Gable,Wd Sdng,Wd Sdng,None,0.0,TA,TA,BrkTil,Fa,TA,No,Unf,0,Unf,0,482,482,Ex,N,SBrkr,691,1912,0,0,2,0,3,TA,Typ,1,TA,Detchd,Unf,2,Gd,TA,Y,0,25,212,0,Sin_Cerca,4,2008,WD,Normal,163000
120,RL,53.0,4045,Sin_Acceso,Reg,Lvl,Inside,Gtl,Blmngtn,Norm,TwnhsE,1Story,7,5,2006,2006,Hip,VinylSd,VinylSd,BrkFace,45.0,Gd,TA,PConc,Gd,TA,Av,GLQ,1070,Unf,0,286,1356,Ex,Y,SBrkr,0,1500,1,0,2,0,2,Gd,Typ,1,Gd,Attchd,Fin,3,TA,TA,Y,161,20,0,0,Sin_Cerca,10,2006,New,Partial,246578
60,RL,88.0,12665,Sin_Acceso,IR1,Lvl,Inside,Gtl,Timber,Norm,1Fam,2Story,8,5,2005,2006,Hip,VinylSd,VinylSd,BrkFace,245.0,Gd,TA,PConc,Gd,Gd,Gd,Unf,0,Unf,0,1094,1094,Ex,Y,SBrkr,1349,2482,0,0,2,1,4,Gd,Typ,1,Gd,BuiltIn,Fin,3,TA,TA,Y,144,39,0,0,Sin_Cerca,2,2007,WD,Normal,281213
20,RL,85.0,57200,Sin_Acceso,IR1,Bnk,Inside,Sev,Timber,Norm,1Fam,1Story,5,5,1948,1950,Gable,Wd Sdng,Wd Sdng,None,0.0,TA,TA,CBlock,TA,TA,Av,BLQ,353,Rec,334,60,747,TA,Y,SBrkr,0,1687,1,0,1,0,3,TA,Min1,2,TA,Detchd,Unf,2,TA,TA,N,0,0,50,0,Sin_Cerca,6,2010,WD,Normal,160000
70,RM,51.0,6120,Sin_Acceso,Reg,Lvl,Inside,Gtl,BrkSide,Norm,1Fam,2Story,5,8,1920,2004,Gable,MetalSd,MetalSd,None,0.0,TA,TA,BrkTil,TA,TA,Mn,Unf,0,Unf,0,939,939,Ex,Y,SBrkr,574,1513,0,0,1,1,4,TA,Typ,0,Sin_Chimenea,Detchd,Unf,1,Fa,Fa,N,24,0,150,0,Sin_Cerca,5,2007,WD,Normal,137500
50,RL,60.0,7200,Sin_Acceso,Reg,Lvl,Inside,Gtl,NAmes,Norm,1Fam,1.5Fin,5,4,1950,1982,Gable,VinylSd,Wd Sdng,None,0.0,TA,TA,CBlock,TA,TA,No,Rec,180,BLQ,352,676,1208,Gd,Y,FuseA,768,1904,1,0,1,1,3,TA,Min1,0,Sin_Chimenea,Attchd,Unf,1,TA,TA,Y,0,0,168,0,GdPrv,5,2009,WD,Normal,138000
50,RL,51.0,6171,Sin_Acceso,Reg,Lvl,Inside,Gtl,SWISU,Norm,1Fam,1.5Fin,6,6,1925,1990,Gable,WdShing,Wd Shng,None,0.0,TA,TA,BrkTil,TA,TA,No,BLQ,264,Unf,0,712,976,Ex,Y,SBrkr,448,1608,0,0,2,1,3,Gd,Typ,1,Gd,Detchd,Unf,1,Fa,TA,Y,147,16,0,0,MnPrv,10,2009,WD,Normal,137450
50,RM,50.0,6000,Sin_Acceso,Reg,Lvl,Corner,Gtl,BrkSide,Norm,1Fam,1.5Fin,6,7,1929,1950,Gable,WdShing,Wd Shng,None,0.0,TA,TA,BrkTil,TA,TA,No,Unf,0,Unf,0,862,862,TA,Y,SBrkr,208,1158,0,0,1,0,3,TA,Typ,1,Gd,BuiltIn,RFn,1,TA,TA,Y,0,0,112,0,Sin_Cerca,7,2008,WD,Normal,120000
60,RL,62.0,7415,Sin_Acceso,IR1,Lvl,Inside,Gtl,Gilbert,Norm,1Fam,2Story,6,5,2004,2004,Gable,VinylSd,VinylSd,None,0.0,TA,TA,PConc,TA,TA,No,GLQ,759,Unf,0,80,839,Ex,Y,SBrkr,729,1593,1,0,2,1,3,TA,Typ,1,TA,Attchd,Fin,2,TA,TA,Y,100,75,0,0,Sin_Cerca,4,2008,WD,Normal,193000
20,RL,64.0,6762,Sin_Acceso,Reg,Lvl,Inside,Gtl,CollgCr,Norm,1Fam,1Story,7,5,2006,2006,Gable,VinylSd,VinylSd,None,0.0,Gd,TA,PConc,Gd,Gd,Av,Unf,0,Unf,0,1286,1286,Ex,Y,SBrkr,0,1294,0,0,2,0,2,Gd,Typ,1,Gd,Attchd,RFn,2,TA,TA,Y,168,55,0,0,Sin_Cerca,7,2006,New,Partial,193879
20,RL,49.0,15256,Sin_Acceso,IR1,Lvl,CulDSac,Gtl,Somerst,RRAn,1Fam,1Story,8,5,2007,2007,Gable,VinylSd,VinylSd,Stone,84.0,Gd,TA,PConc,Gd,TA,Gd,GLQ,929,Unf,0,556,1485,Ex,Y,SBrkr,0,1464,1,0,2,0,3,Gd,Typ,0,Sin_Chimenea,Attchd,Unf,3,TA,TA,Y,168,160,0,0,Sin_Cerca,8,2007,WD,Normal,282922
50,RL,60.0,10410,Grvl,Reg,Lvl,Corner,Gtl,OldTown,Artery,1Fam,1.5Fin,3,4,1915,1950,Gable,Wd Sdng,Wd Sdng,None,0.0,TA,TA,PConc,TA,TA,No,Unf,0,Unf,0,672,672,TA,Y,SBrkr,520,1214,0,0,1,0,3,TA,Typ,0,Sin_Chimenea,Detchd,Unf,3,TA,TA,Y,216,0,160,0,MnPrv,1,2006,WD,Family,105000
120,RM,44.0,3842,Sin_Acceso,IR1,HLS,Inside,Mod,Crawfor,Norm,TwnhsE,1Story,8,5,2004,2005,Hip,CemntBd,CmentBd,Stone,174.0,Gd,TA,PConc,Ex,TA,Gd,GLQ,1373,Unf,0,221,1594,Ex,Y,SBrkr,0,1646,1,1,2,0,2,Gd,Typ,1,Gd,Attchd,Fin,2,TA,TA,Y,128,53,0,155,Sin_Cerca,1,2008,WD,Normal,275000
85,RL,70.0,8445,Sin_Acceso,Reg,Lvl,Corner,Gtl,CollgCr,Norm,1Fam,SFoyer,5,7,1972,2007,Gable,HdBoard,Wd Shng,None,0.0,TA,TA,CBlock,Gd,TA,Av,GLQ,656,Unf,0,112,768,TA,Y,SBrkr,0,768,1,0,1,0,2,TA,Typ,0,Sin_Chimenea,Detchd,Unf,2,TA,TA,Y,58,0,0,0,MnPrv,3,2009,WD,Normal,133000
20,RL,73.0,8780,Sin_Acceso,IR1,Lvl,Corner,Gtl,Mitchel,Norm,1Fam,1Story,5,5,1985,1985,Gable,HdBoard,Plywood,None,0.0,TA,TA,CBlock,TA,TA,No,ALQ,625,Unf,0,208,833,Ex,Y,SBrkr,0,833,1,0,1,0,3,TA,Typ,0,Sin_Chimenea,Sin_Garaje,Sin_Garaje,0,Sin_Garaje,Sin_Garaje,Y,0,0,0,0,MnPrv,3,2009,WD,Normal,112000
70,RM,60.0,7740,Sin_Acceso,Reg,Lvl,Inside,Gtl,OldTown,Norm,1Fam,2Story,4,7,1910,1950,Gable,VinylSd,VinylSd,None,0.0,TA,TA,CBlock,Fa,TA,No,Unf,0,Unf,0,622,622,Gd,Y,SBrkr,622,1363,0,0,1,0,3,TA,Typ,0,Sin_Chimenea,Detchd,Unf,2,TA,TA,Y,0,0,0,168,Sin_Cerca,6,2010,WD,Normal,125500
60,RL,46.0,20544,Sin_Acceso,IR1,Lvl,CulDSac,Gtl,NWAmes,Norm,1Fam,2Story,7,6,1986,1991,Gable,Plywood,Plywood,BrkFace,123.0,TA,Gd,CBlock,Gd,TA,No,Unf,0,Unf,0,791,791,Gd,Y,SBrkr,857,2093,0,0,2,1,3,TA,Typ,1,TA,Attchd,Fin,2,TA,TA,Y,364,63,0,0,MnPrv,11,2008,WD,Normal,215000
60,RL,79.0,12420,Sin_Acceso,Reg,Lvl,Inside,Gtl,CollgCr,Norm,1Fam,2Story,7,5,2001,2001,Gable,VinylSd,VinylSd,None,0.0,Gd,TA,PConc,Gd,TA,No,GLQ,666,Unf,0,278,944,Ex,Y,SBrkr,896,1840,1,0,2,1,3,Gd,Typ,0,Sin_Chimenea,Attchd,RFn,2,TA,TA,Y,0,45,0,0,Sin_Cerca,6,2009,WD,Normal,230000
50,RL,80.0,9600,Sin_Acceso,Reg,Lvl,Inside,Gtl,NAmes,Norm,1Fam,1.5Fin,6,8,1950,2005,Gable,VinylSd,VinylSd,None,0.0,TA,Gd,CBlock,TA,TA,No,BLQ,120,Unf,0,736,856,Ex,Y,SBrkr,556,1668,0,0,1,1,3,TA,Min2,0,Sin_Chimenea,Attchd,Unf,1,TA,TA,Y,0,0,0,0,MnPrv,9,2009,WD,Normal,140000
90,RL,60.0,7200,Sin_Acceso,Reg,Lvl,Inside,Gtl,NAmes,Norm,Duplex,1Story,4,5,1949,1950,Gable,BrkFace,Stone,None,0.0,TA,TA,Slab,Sin_Sotano,Sin_Sotano,Sin_Sotano,Sin_Sotano,0,Sin_Sotano,0,0,0,Fa,N,FuseF,0,1040,0,0,2,0,2,TA,Typ,0,Sin_Chimenea,Detchd,Unf,2,TA,TA,Y,0,0,0,0,Sin_Cerca,6,2009,WD,Normal,90000
20,RL,88.0,10994,Sin_Acceso,IR1,Lvl,Corner,Gtl,SawyerW,Norm,1Fam,1Story,8,5,2005,2006,Gable,VinylSd,VinylSd,Stone,366.0,Gd,TA,PConc,Gd,Gd,No,GLQ,976,Unf,0,868,1844,Ex,Y,SBrkr,0,1844,1,0,2,0,2,Gd,Typ,1,Gd,Attchd,Fin,2,TA,TA,Y,165,44,0,0,Sin_Cerca,9,2009,COD,Abnorml,257000
50,RL,64.0,13053,Pave,Reg,Bnk,Inside,Gtl,BrkSide,Norm,1Fam,1.5Fin,6,7,1923,2000,Gambrel,Wd Sdng,Wd Sdng,None,0.0,TA,TA,BrkTil,TA,TA,No,Unf,0,Unf,0,833,833,Gd,Y,SBrkr,795,1848,0,0,1,1,4,Gd,Typ,1,Gd,Detchd,Unf,2,TA,TA,N,0,0,0,220,Sin_Cerca,6,2008,WD,Normal,207000
120,RL,51.0,3635,Sin_Acceso,Reg,Lvl,Inside,Gtl,Blmngtn,Norm,TwnhsE,1Story,7,5,2007,2007,Hip,VinylSd,VinylSd,BrkFace,130.0,Gd,TA,PConc,Gd,TA,No,ALQ,988,Unf,0,398,1386,Ex,Y,SBrkr,0,1569,0,1,2,0,1,Gd,Typ,1,TA,Attchd,RFn,3,TA,TA,Y,143,20,0,0,Sin_Cerca,5,2009,WD,Normal,175900
190,RM,60.0,11340,Sin_Acceso,Reg,Lvl,Inside,Gtl,OldTown,Norm,2fmCon,2Story,4,6,1885,1950,Gable,VinylSd,AsbShng,None,0.0,TA,TA,PConc,TA,TA,No,Unf,0,Unf,0,777,777,Gd,Y,SBrkr,1044,2290,0,0,2,0,4,TA,Typ,0,Sin_Chimenea,Detchd,Unf,2,TA,TA,N,0,0,114,0,Sin_Cerca,4,2010,WD,Normal,122500
60,RL,91.0,16545,Sin_Acceso,IR1,Lvl,Inside,Gtl,NoRidge,Norm,1Fam,2Story,8,5,1998,1998,Gable,VinylSd,VinylSd,BrkFace,731.0,Gd,TA,PConc,Gd,TA,Mn,GLQ,781,Unf,0,503,1284,Ex,Y,SBrkr,1140,2450,1,0,2,1,3,Gd,Typ,1,TA,Attchd,Fin,3,TA,TA,Y,0,126,0,0,Sin_Cerca,5,2009,WD,Normal,340000
20,RL,71.0,9204,Sin_Acceso,Reg,Lvl,Inside,Gtl,NAmes,Norm,1Fam,1Story,5,5,1963,1963,Gable,HdBoard,HdBoard,None,0.0,TA,TA,CBlock,TA,TA,No,BLQ,25,Rec,872,247,1144,TA,Y,SBrkr,0,1144,1,0,1,1,3,TA,Typ,0,Sin_Chimenea,Detchd,Unf,1,TA,TA,Y,0,88,0,0,Sin_Cerca,8,2008,COD,Normal,124000
20,RL,74.0,16381,Sin_Acceso,IR1,Lvl,Inside,Gtl,Crawfor,Norm,1Fam,1Story,6,5,1969,1969,Gable,Plywood,Plywood,BrkFace,312.0,Gd,Gd,CBlock,TA,TA,Av,Rec,1110,Unf,0,734,1844,Gd,Y,SBrkr,0,1844,1,0,2,0,3,Gd,Typ,1,TA,Attchd,RFn,2,TA,TA,Y,0,73,216,0,Sin_Cerca,12,2006,WD,Normal,223000
60,RL,90.0,11700,Sin_Acceso,Reg,Lvl,Corner,Gtl,NWAmes,Norm,1Fam,2Story,6,6,1968,1968,Gable,HdBoard,HdBoard,BrkFace,420.0,TA,TA,CBlock,TA,TA,No,ALQ,404,Unf,0,304,708,Gd,Y,SBrkr,708,1416,0,0,2,1,3,TA,Typ,1,TA,Attchd,RFn,2,TA,TA,Y,0,169,0,119,Sin_Cerca,5,2006,WD,Normal,179900
120,RL,53.0,4043,Sin_Acceso,Reg,Lvl,Inside,Gtl,NPkVill,Norm,TwnhsE,1Story,6,5,1977,1977,Gable,Plywood,Plywood,None,0.0,TA,TA,CBlock,Gd,TA,No,ALQ,360,Unf,0,709,1069,TA,Y,SBrkr,0,1069,0,0,2,0,2,TA,Typ,1,Fa,Attchd,RFn,2,TA,TA,Y,0,55,0,165,Sin_Cerca,7,2010,WD,Normal,127500
120,RM,37.0,4435,Sin_Acceso,Reg,Lvl,Inside,Gtl,CollgCr,Norm,TwnhsE,1Story,6,5,2003,2003,Gable,VinylSd,VinylSd,BrkFace,170.0,Gd,TA,PConc,Gd,TA,Av,GLQ,686,Unf,0,162,848,Ex,Y,SBrkr,0,848,1,0,1,0,1,Gd,Typ,0,Sin_Chimenea,Attchd,Fin,2,TA,TA,Y,140,0,0,0,Sin_Cerca,3,2008,WD,Normal,136500
80,RL,65.5,19690,Sin_Acceso,IR1,Lvl,CulDSac,Gtl,Edwards,Norm,1Fam,SLvl,6,7,1966,1966,Flat,Plywood,Plywood,None,0.0,Gd,Gd,CBlock,Gd,TA,Av,Unf,0,Unf,0,697,697,TA,Y,SBrkr,626,2201,0,0,2,0,4,Gd,Typ,1,Gd,Attchd,Unf,2,Gd,Gd,Y,586,236,0,0,GdPrv,8,2006,WD,Alloca,274970
20,RL,73.0,9503,Sin_Acceso,Reg,Lvl,Inside,Gtl,NAmes,Norm,1Fam,1Story,5,5,1958,1983,Hip,HdBoard,HdBoard,None,0.0,TA,TA,CBlock,TA,TA,No,ALQ,457,Rec,374,193,1024,TA,Y,SBrkr,0,1344,1,0,1,0,2,TA,Min1,1,TA,Detchd,Unf,1,TA,TA,Y,316,28,0,0,GdWo,6,2007,WD,Normal,144000
20,RL,80.0,10721,Sin_Acceso,IR1,Lvl,Inside,Gtl,NAmes,Norm,1Fam,1Story,6,6,1959,1959,Hip,HdBoard,HdBoard,Stone,243.0,Gd,TA,CBlock,TA,TA,No,Unf,0,Unf,0,1252,1252,Ex,Y,SBrkr,0,1252,0,0,1,0,3,Gd,Typ,0,Sin_Chimenea,Detchd,Unf,2,TA,TA,Y,0,39,0,0,Sin_Cerca,10,2008,WD,Normal,142000
60,RL,81.0,10944,Sin_Acceso,IR1,Lvl,Inside,Gtl,NoRidge,Norm,1Fam,2Story,7,5,1994,1994,Gable,VinylSd,VinylSd,BrkFace,448.0,Gd,TA,PConc,Gd,TA,No,GLQ,1000,Unf,0,223,1223,Ex,Y,SBrkr,904,2127,1,0,2,1,3,Gd,Typ,2,TA,Attchd,RFn,2,TA,TA,Y,171,132,0,0,Sin_Cerca,8,2008,WD,Normal,271000
50,RL,60.0,10930,Grvl,Reg,Bnk,Inside,Gtl,NAmes,Artery,1Fam,1.5Fin,5,6,1945,1950,Gable,MetalSd,MetalSd,None,0.0,TA,TA,CBlock,TA,TA,No,BLQ,580,Unf,0,333,913,TA,Y,FuseA,510,1558,1,0,1,1,3,TA,Typ,1,TA,Attchd,Unf,1,TA,TA,Y,0,0,0,0,Sin_Cerca,4,2008,WD,Normal,140000
30,RM,60.0,7200,Sin_Acceso,Reg,Lvl,Corner,Gtl,OldTown,Norm,1Fam,1Story,5,7,1940,1992,Gable,MetalSd,MetalSd,Stone,294.0,TA,Gd,CBlock,TA,TA,No,BLQ,510,Unf,0,278,788,TA,Y,SBrkr,0,804,1,0,1,0,2,Gd,Typ,2,Gd,Attchd,Unf,1,TA,TA,Y,0,0,154,0,MnPrv,2,2010,WD,Abnorml,119000
20,RL,80.0,12546,Sin_Acceso,IR1,Lvl,Corner,Gtl,NWAmes,Norm,1Fam,1Story,6,7,1981,1981,Gable,MetalSd,MetalSd,BrkFace,310.0,Gd,Gd,CBlock,Gd,TA,No,BLQ,678,Unf,0,762,1440,Ex,Y,SBrkr,0,1440,0,0,2,0,3,Gd,Typ,1,TA,Attchd,Fin,2,TA,TA,Y,0,0,99,0,Sin_Cerca,4,2007,WD,Normal,182900
60,RL,60.0,21930,Sin_Acceso,IR3,Lvl,Inside,Gtl,Gilbert,RRAn,1Fam,2Story,5,5,2005,2005,Gable,VinylSd,VinylSd,None,0.0,Gd,TA,PConc,Gd,Gd,Av,Unf,0,Unf,0,732,732,Ex,Y,SBrkr,1104,1838,0,0,2,1,4,TA,Typ,1,Gd,BuiltIn,Fin,2,TA,TA,Y,100,40,0,0,Sin_Cerca,7,2006,WD,Normal,192140
120,RL,24.0,4928,Sin_Acceso,IR1,Lvl,Inside,Gtl,NPkVill,Norm,TwnhsE,1Story,6,6,1976,1976,Gable,Plywood,Plywood,None,0.0,TA,TA,CBlock,Gd,TA,No,LwQ,958,Unf,0,0,958,TA,Y,SBrkr,0,958,0,0,2,0,2,TA,Typ,0,Sin_Chimenea,Attchd,RFn,2,TA,TA,Y,0,60,0,0,Sin_Cerca,10,2009,WD,Normal,143750
30,RL,60.0,10800,Grvl,Reg,Lvl,Inside,Gtl,OldTown,Norm,1Fam,1Story,4,6,1927,2007,Gable,Wd Sdng,Wd Sdng,None,0.0,TA,TA,BrkTil,TA,TA,No,Unf,0,Unf,0,656,656,TA,Y,SBrkr,0,968,0,0,2,0,4,TA,Typ,0,Sin_Chimenea,Detchd,Unf,1,Fa,Fa,Y,0,0,0,0,Sin_Cerca,8,2007,WD,Normal,64500
60,RL,93.0,10261,Sin_Acceso,IR1,Lvl,Inside,Gtl,Gilbert,Norm,1Fam,2Story,6,5,2000,2000,Gable,VinylSd,VinylSd,BrkFace,318.0,TA,TA,PConc,Gd,TA,No,Unf,0,Unf,0,936,936,Ex,Y,SBrkr,830,1792,1,0,2,1,3,TA,Typ,1,TA,Attchd,Fin,2,TA,TA,Y,0,0,0,0,Sin_Cerca,5,2008,WD,Normal,186500
20,RL,80.0,17400,Sin_Acceso,Reg,Low,Inside,Mod,Mitchel,Norm,1Fam,1Story,5,5,1977,1977,Gable,BrkFace,BrkFace,None,0.0,TA,TA,CBlock,TA,TA,No,ALQ,936,Unf,0,190,1126,Fa,Y,SBrkr,0,1126,1,0,2,0,3,TA,Typ,1,Gd,Attchd,RFn,2,TA,TA,P,295,41,0,0,Sin_Cerca,5,2006,WD,Normal,160000
20,RL,80.0,8400,Sin_Acceso,Reg,Lvl,Inside,Gtl,NAmes,Norm,1Fam,1Story,6,9,1962,2005,Gable,Wd Sdng,Wd Sdng,BrkFace,237.0,Gd,Gd,CBlock,TA,TA,No,Unf,0,Unf,0,1319,1319,TA,Y,SBrkr,0,1537,1,0,1,1,3,Gd,Typ,1,Gd,Attchd,RFn,2,TA,TA,Y,0,36,0,0,GdPrv,7,2008,COD,Abnorml,174000
20,RL,60.0,9000,Sin_Acceso,Reg,Lvl,FR2,Gtl,NAmes,Norm,1Fam,1Story,4,6,1971,1971,Gable,HdBoard,HdBoard,None,0.0,TA,TA,PConc,TA,TA,No,ALQ,616,Unf,0,248,864,TA,Y,SBrkr,0,864,0,0,1,0,3,TA,Typ,0,Sin_Chimenea,Detchd,Unf,2,TA,TA,Y,0,0,0,0,GdWo,5,2007,WD,Normal,120500
20,RL,96.0,12444,Sin_Acceso,Reg,Lvl,FR2,Gtl,NridgHt,Norm,1Fam,1Story,8,5,2008,2008,Hip,VinylSd,VinylSd,Stone,426.0,Ex,TA,PConc,Ex,TA,Av,GLQ,1336,Unf,0,596,1932,Ex,Y,SBrkr,0,1932,1,0,2,0,2,Ex,Typ,1,Gd,Attchd,Fin,3,TA,TA,Y,0,66,0,0,Sin_Cerca,11,2008,New,Partial,394617
20,RM,90.0,7407,Sin_Acceso,Reg,Lvl,Inside,Gtl,OldTown,Artery,1Fam,1Story,6,7,1957,1996,Gable,MetalSd,MetalSd,None,0.0,TA,TA,CBlock,TA,TA,No,GLQ,600,Unf,0,312,912,TA,Y,FuseA,0,1236,1,0,1,0,2,TA,Typ,0,Sin_Chimenea,Attchd,Unf,2,TA,TA,Y,0,158,158,0,MnPrv,4,2010,WD,Normal,149700
60,RL,80.0,11584,Sin_Acceso,Reg,Lvl,Inside,Gtl,NWAmes,Norm,1Fam,SLvl,7,6,1979,1979,Hip,HdBoard,HdBoard,BrkFace,96.0,TA,TA,CBlock,TA,TA,No,GLQ,315,Rec,110,114,539,TA,Y,SBrkr,685,1725,0,0,2,1,3,TA,Typ,1,TA,Attchd,RFn,2,TA,TA,Y,0,88,216,0,Sin_Cerca,11,2007,WD,Normal,197000
70,RL,79.0,11526,Sin_Acceso,IR1,Bnk,Inside,Mod,Crawfor,Norm,1Fam,2.5Fin,6,7,1922,1994,Gable,MetalSd,MetalSd,None,0.0,TA,TA,BrkTil,Ex,TA,No,Unf,0,Unf,0,588,588,Fa,Y,SBrkr,748,2555,0,0,2,0,3,TA,Min1,1,Gd,Detchd,Fin,2,TA,TA,Y,431,0,0,0,Sin_Cerca,9,2008,WD,Normal,191000
120,RM,70.0,4426,Sin_Acceso,Reg,Lvl,Inside,Gtl,CollgCr,Norm,TwnhsE,1Story,6,5,2004,2004,Gable,VinylSd,VinylSd,BrkFace,147.0,Gd,TA,PConc,Gd,TA,Av,GLQ,697,Unf,0,151,848,Ex,Y,SBrkr,0,848,1,0,1,0,1,Gd,Typ,1,TA,Attchd,RFn,2,TA,TA,Y,149,0,0,0,Sin_Cerca,5,2008,WD,Normal,149300
60,FV,85.0,11003,Sin_Acceso,Reg,Lvl,Inside,Gtl,Somerst,Norm,1Fam,2Story,10,5,2008,2008,Gable,VinylSd,VinylSd,Stone,160.0,Ex,TA,PConc,Ex,TA,Av,GLQ,765,Unf,0,252,1017,Ex,Y,SBrkr,981,2007,1,0,2,1,3,Ex,Typ,1,Ex,Attchd,Fin,3,TA,TA,Y,168,52,0,0,Sin_Cerca,4,2009,WD,Normal,310000
30,RL,52.0,8854,Sin_Acceso,Reg,Lvl,Inside,Gtl,BrkSide,Norm,1Fam,1.5Unf,6,6,1916,1950,Gable,Wd Sdng,Wd Sdng,None,0.0,TA,TA,BrkTil,TA,TA,No,Unf,0,Unf,0,952,952,Fa,N,FuseF,0,952,0,0,1,0,2,Fa,Typ,1,Gd,Detchd,Unf,1,Fa,Po,P,0,98,0,40,Sin_Cerca,5,2009,WD,Normal,121000
20,RL,63.0,8500,Sin_Acceso,Reg,Lvl,FR2,Gtl,CollgCr,Norm,1Fam,1Story,7,5,2004,2004,Gable,VinylSd,VinylSd,BrkFace,106.0,Gd,TA,PConc,Gd,TA,Av,Unf,0,Unf,0,1422,1422,Ex,Y,SBrkr,0,1422,0,0,2,0,3,Gd,Typ,0,Sin_Chimenea,Attchd,RFn,2,TA,TA,Y,192,60,0,0,Sin_Cerca,11,2007,WD,Normal,179600
85,RL,70.0,8400,Sin_Acceso,Reg,Lvl,Inside,Gtl,Sawyer,Norm,1Fam,SFoyer,6,5,1966,1966,Gable,VinylSd,VinylSd,None,0.0,TA,TA,CBlock,TA,TA,Gd,LwQ,187,Rec,627,0,814,Gd,Y,SBrkr,0,913,1,0,1,0,3,TA,Typ,0,Sin_Chimenea,Detchd,Unf,1,TA,TA,Y,0,0,252,0,Sin_Cerca,5,2007,WD,Normal,129000
20,RL,73.0,26142,Sin_Acceso,IR1,Lvl,CulDSac,Gtl,Mitchel,Norm,1Fam,1Story,5,7,1962,1962,Gable,HdBoard,HdBoard,BrkFace,189.0,TA,TA,CBlock,TA,TA,No,Rec,593,Unf,0,595,1188,TA,Y,SBrkr,0,1188,0,0,1,0,3,TA,Typ,0,Sin_Chimenea,Attchd,Unf,1,TA,TA,P,261,39,0,0,Sin_Cerca,4,2010,WD,Normal,157900
60,RL,80.0,10000,Sin_Acceso,Reg,Lvl,Inside,Gtl,CollgCr,Norm,1Fam,2Story,8,5,1995,1996,Gable,VinylSd,VinylSd,BrkFace,438.0,Gd,TA,PConc,Gd,TA,No,GLQ,1079,Unf,0,141,1220,Ex,Y,SBrkr,870,2090,1,0,2,1,3,Gd,Typ,1,TA,Attchd,RFn,2,TA,TA,Y,0,65,0,0,Sin_Cerca,12,2007,WD,Normal,240000
50,RL,70.0,11767,Sin_Acceso,Reg,Lvl,Inside,Gtl,Edwards,Norm,1Fam,2Story,4,7,1910,2000,Gable,MetalSd,HdBoard,None,0.0,TA,TA,CBlock,Fa,TA,No,Unf,0,Unf,0,560,560,Gd,N,SBrkr,550,1346,0,0,1,1,2,TA,Min2,0,Sin_Chimenea,Detchd,Unf,1,Fa,TA,Y,168,24,0,0,GdWo,5,2007,WD,Normal,112000
180,RM,21.0,1533,Sin_Acceso,Reg,Lvl,Inside,Gtl,MeadowV,Norm,Twnhs,SFoyer,5,7,1970,1970,Gable,CemntBd,CmentBd,None,0.0,TA,TA,CBlock,Gd,TA,Av,GLQ,553,Unf,0,77,630,Ex,Y,SBrkr,0,630,1,0,1,0,1,Ex,Typ,0,Sin_Chimenea,Sin_Garaje,Sin_Garaje,0,Sin_Garaje,Sin_Garaje,Y,0,0,0,0,Sin_Cerca,8,2006,WD,Abnorml,92000
90,RL,60.0,9000,Sin_Acceso,Reg,Lvl,FR2,Gtl,NAmes,Norm,Duplex,2Story,5,5,1974,1974,Gable,VinylSd,VinylSd,None,0.0,TA,TA,CBlock,Gd,TA,No,Unf,0,Unf,0,896,896,TA,Y,SBrkr,896,1792,0,0,2,2,4,TA,Typ,0,Sin_Chimenea,Sin_Garaje,Sin_Garaje,0,Sin_Garaje,Sin_Garaje,Y,32,45,0,0,Sin_Cerca,9,2009,WD,Normal,136000
20,RL,78.0,9262,Sin_Acceso,Reg,Lvl,Inside,Gtl,Somerst,Norm,1Fam,1Story,8,5,2008,2009,Gable,CemntBd,CmentBd,Stone,194.0,Gd,TA,PConc,Gd,TA,No,Unf,0,Unf,0,1573,1573,Ex,Y,SBrkr,0,1578,0,0,2,0,3,Ex,Typ,1,Gd,Attchd,Fin,3,TA,TA,Y,0,36,0,0,Sin_Cerca,5,2009,New,Partial,287090
180,RM,35.0,3675,Sin_Acceso,Reg,Lvl,Inside,Gtl,Edwards,Norm,TwnhsE,SLvl,5,5,2005,2005,Gable,VinylSd,VinylSd,BrkFace,80.0,TA,TA,PConc,Gd,TA,Gd,GLQ,547,Unf,0,0,547,Gd,Y,SBrkr,0,1072,1,0,1,0,2,TA,Typ,0,Sin_Chimenea,Basment,Fin,2,TA,TA,Y,0,28,0,0,Sin_Cerca,5,2006,WD,Normal,145000
20,RL,90.0,17217,Sin_Acceso,Reg,Lvl,Inside,Gtl,Mitchel,Norm,1Fam,1Story,5,5,2006,2006,Gable,VinylSd,VinylSd,None,0.0,TA,TA,PConc,Gd,TA,No,Unf,0,Unf,0,1140,1140,Ex,Y,SBrkr,0,1140,0,0,1,0,3,TA,Typ,0,Sin_Chimenea,Sin_Garaje,Sin_Garaje,0,Sin_Garaje,Sin_Garaje,Y,36,56,0,0,Sin_Cerca,7,2006,WD,Abnorml,84500
20,FV,62.0,7500,Pave,Reg,Lvl,Inside,Gtl,Somerst,Norm,1Fam,1Story,7,5,2004,2005,Gable,VinylSd,VinylSd,None,0.0,Gd,TA,PConc,Gd,TA,No,GLQ,410,Unf,0,811,1221,Ex,Y,SBrkr,0,1221,1,0,2,0,2,Gd,Typ,0,Sin_Chimenea,Attchd,RFn,2,TA,TA,Y,0,113,0,0,Sin_Cerca,10,2009,WD,Normal,185000
60,RL,62.0,7917,Sin_Acceso,Reg,Lvl,Inside,Gtl,Gilbert,Norm,1Fam,2Story,6,5,1999,2000,Gable,VinylSd,VinylSd,None,0.0,TA,TA,PConc,Gd,TA,No,Unf,0,Unf,0,953,953,Ex,Y,SBrkr,694,1647,0,0,2,1,3,TA,Typ,1,TA,Attchd,RFn,2,TA,TA,Y,0,40,0,0,Sin_Cerca,8,2007,WD,Normal,175000
20,RL,85.0,13175,Sin_Acceso,Reg,Lvl,Inside,Gtl,NWAmes,Norm,1Fam,1Story,6,6,1978,1988,Gable,Plywood,Plywood,Stone,119.0,TA,TA,CBlock,Gd,TA,No,ALQ,790,Rec,163,589,1542,TA,Y,SBrkr,0,2073,1,0,2,0,3,TA,Min1,2,TA,Attchd,Unf,2,TA,TA,Y,349,0,0,0,MnPrv,2,2010,WD,Normal,210000
70,RL,66.0,9042,Sin_Acceso,Reg,Lvl,Inside,Gtl,Crawfor,Norm,1Fam,2Story,7,9,1941,2006,Gable,CemntBd,CmentBd,None,0.0,Ex,Gd,Stone,TA,Gd,No,GLQ,275,Unf,0,877,1152,Ex,Y,SBrkr,1152,2340,0,0,2,0,4,Gd,Typ,2,Gd,Attchd,RFn,1,TA,TA,Y,0,60,0,0,GdPrv,5,2010,WD,Normal,266500
20,RL,68.0,9717,Sin_Acceso,Reg,Lvl,Inside,Gtl,NAmes,Norm,1Fam,1Story,5,6,1950,1996,Hip,MetalSd,MetalSd,None,0.0,TA,TA,CBlock,TA,TA,Mn,GLQ,49,Rec,1029,0,1078,Gd,Y,FuseA,0,1078,1,0,1,0,2,Gd,Typ,0,Sin_Chimenea,Attchd,Unf,1,TA,TA,Y,366,0,112,0,Sin_Cerca,4,2010,WD,Normal,142125
20,RL,75.0,9937,Sin_Acceso,Reg,Lvl,Inside,Gtl,Edwards,Norm,1Fam,1Story,5,6,1965,1965,Gable,HdBoard,HdBoard,None,0.0,Gd,TA,CBlock,TA,TA,No,BLQ,830,LwQ,290,136,1256,Gd,Y,SBrkr,0,1256,1,0,1,1,3,TA,Typ,0,Sin_Chimenea,Attchd,Fin,1,TA,TA,Y,736,68,0,0,Sin_Cerca,6,2008,WD,Normal,147500
